date,river_id,station,state,district_lgd_code,district,latitude,longitude,mean_discharge_m3_sec,max_discharge_m3_sec,min_discharge_m3_sec,readings,year,month,day_of_year,discharge_range,discharge_mean_to_max_ratio,discharge_min_to_mean_ratio,mean_discharge_3day,mean_discharge_7day,mean_discharge_14day,mean_discharge_30day,max_discharge_3day,max_discharge_7day,max_discharge_14day,max_discharge_30day,min_discharge_3day,min_discharge_7day,min_discharge_14day,min_discharge_30day,discharge_std_7day,discharge_std_14day,discharge_std_30day,discharge_change,discharge_change_pct,discharge_change_2nd
2026-01-01,1,Karnaprayag (P),Uttarakhand,47,Chamoli,30.2525,79.22138889,48.156236559139785,55.27,40.21,93,2026,1,1,15.060000000000002,0.87129069222254,0.8349904991146648,48.156236559139785,48.156236559139785,48.156236559139785,48.156236559139785,55.27,55.27,55.27,55.27,40.21,40.21,40.21,40.21,0.0,0.0,0.0,,0.0,
2026-01-02,2,Karnaprayag (P),Uttarakhand,47,Chamoli,30.2525,79.22138889,21.66084210526316,24.68,16.93,95,2026,1,2,7.75,0.8776678324660924,0.7815947282994293,34.90853933220147,34.90853933220147,34.90853933220147,34.90853933220147,55.27,55.27,55.27,55.27,16.93,16.93,16.93,16.93,18.735073088548603,18.735073088548603,18.735073088548603,-26.495394453876624,-0.5501965341776266,
2026-01-03,3,Karnaprayag (P),Uttarakhand,47,Chamoli,30.2525,79.22138889,18.345052631578948,22.52,15.02,95,2026,1,3,7.5,0.8146115733383192,0.8187493544796245,29.387377098660632,29.387377098660632,29.387377098660632,29.387377098660632,55.27,55.27,55.27,55.27,15.02,15.02,15.02,15.02,16.338640673075044,16.338640673075044,16.338640673075044,-3.3157894736842124,-0.153077588469127,23.179604980192412
2026-01-04,4,Karnaprayag (P),Uttarakhand,47,Chamoli,30.2525,79.22138889,20.697021276595745,25.49,17.02,94,2026,1,4,8.469999999999999,0.8119663113611513,0.8223405567663143,20.234305337812618,27.21478814314441,27.21478814314441,27.21478814314441,25.49,55.27,55.27,55.27,15.02,15.02,15.02,15.02,14.030253874197442,14.030253874197442,14.030253874197442,2.3519686450167967,0.1282072443318123,5.667758118701009
2026-01-05,5,Karnaprayag (P),Uttarakhand,47,Chamoli,30.2525,79.22138889,24.144,28.49,18.27,95,2026,1,5,10.219999999999999,0.8474552474552475,0.7567097415506958,21.06202463605823,26.60063051451553,26.60063051451553,26.60063051451553,28.49,55.27,55.27,55.27,15.02,15.02,15.02,15.02,12.227917475794458,12.227917475794458,12.227917475794458,3.4469787234042535,0.1665446770015213,1.0950100783874568
2026-01-06,6,Karnaprayag (P),Uttarakhand,47,Chamoli,30.2525,79.22138889,52.43305263157895,83.37,29.25,95,2026,1,6,54.120000000000005,0.6289199068199466,0.5578542261410038,32.4246913027249,30.906034200692762,30.906034200692762,30.906034200692762,83.37,83.37,83.37,83.37,17.02,15.02,15.02,15.02,15.193307014654936,15.193307014654936,15.193307014654936,28.289052631578954,1.1716804436538668,24.8420739081747
2026-01-07,7,Karnaprayag (P),Uttarakhand,47,Chamoli,30.2525,79.22138889,84.098125,106.15,51.15,96,2026,1,7,55.00000000000001,0.792257418747056,0.6082180785837972,53.55839254385965,38.50490431487952,38.50490431487952,38.50490431487952,106.15,106.15,106.15,106.15,18.27,15.02,15.02,15.02,24.424651566001906,24.424651566001906,24.424651566001906,31.665072368421043,0.603914339890065,3.376019736842089
2026-01-08,8,Karnaprayag (P),Uttarakhand,47,Chamoli,30.2525,79.22138889,2660.476046511628,,316.07,43,2026,1,8,,,0.1188020468797025,932.3357413810689,411.69344859380635,366.25129708947304,366.25129708947304,106.15,106.15,106.15,106.15,29.25,15.02,15.02,15.02,991.9115448513191,927.2825481190554,927.2825481190554,2576.377921511628,30.635378868573206,2544.7128491432068
2026-02-01,9,Karnaprayag (P),Uttarakhand,47,Chamoli,30.2525,79.22138889,47.36173913043478,55.7,41.01,23,2026,2,32,14.690000000000005,0.850300522988057,0.8658888113685602,47.36173913043478,47.36173913043478,47.36173913043478,415.36500531168804,55.7,55.7,55.7,106.15,41.01,41.01,41.01,15.02,0.0,0.0,990.2734365610936,-2613.114307381193,-0.9821980208419713,-5189.492228892821
2026-02-02,10,Karnaprayag (P),Uttarakhand,47,Chamoli,30.2525,79.22138889,21.023191489361704,24.37,17.02,94,2026,2,33,7.350000000000001,0.8626668645614158,0.8095821230859537,34.19246530989824,34.19246530989824,34.19246530989824,415.7475965770856,55.7,55.7,55.7,106.15,17.02,17.02,17.02,17.02,18.624165643607714,18.624165643607714,990.0949848054262,-26.338547641073074,-0.5561144528188968,2586.77575974012
2026-02-03,11,Karnaprayag (P),Uttarakhand,47,Chamoli,30.2525,79.22138889,18.305,20.94,15.58,92,2026,2,34,5.360000000000001,0.8741642788920725,0.8511335700628244,28.89664353993216,28.89664353993216,28.89664353993216,415.4058792518576,55.7,55.7,55.7,106.15,15.58,15.58,15.58,15.58,16.048892722490514,16.048892722490514,990.2544552415739,-2.718191489361704,-0.12929490228622909,23.62035615171137
2026-02-04,12,Karnaprayag (P),Uttarakhand,47,Chamoli,30.2525,79.22138889,20.100947368421053,22.93,16.72,95,2026,2,35,6.210000000000001,0.8766222140611013,0.831801590917422,19.809712952594253,26.697719497054383,26.697719497054383,414.82830030448923,24.37,55.7,55.7,106.15,15.58,15.58,15.58,15.58,13.82216961493587,13.82216961493587,990.5218416394047,1.7959473684210536,0.09811239379519554,4.514138857782758
2026-02-05,13,Karnaprayag (P),Uttarakhand,47,Chamoli,30.2525,79.22138889,21.730777777777774,26.83,16.92,90,2026,2,36,9.909999999999997,0.8099432641736033,0.7786191627849902,20.045575048732942,25.704331153199064,25.704331153199064,410.4422610396604,26.83,55.7,55.7,106.15,15.58,15.58,15.58,15.58,12.1747025284637,12.1747025284637,992.4600577929242,1.629830409356721,0.08108226838687282,-0.16611695906433255
2026-02-06,14,Karnaprayag (P),Uttarakhand,47,Chamoli,30.2525,79.22138889,29.077263157894738,34.74,15.75,95,2026,2,37,18.990000000000002,0.8369966366693936,0.5416603314581115,23.636329434697856,26.266486487315007,26.266486487315007,402.5821379193597,34.74,55.7,55.7,55.7,15.75,15.58,15.58,15.58,10.976102087868643,10.976102087868643,995.6880446555227,7.346485380116963,0.338068220808442,5.716654970760242
2026-02-07,15,Karnaprayag (P),Uttarakhand,47,Chamoli,30.2525,79.22138889,103.19072916666666,119.7,90.11,96,2026,2,38,29.590000000000003,0.8620779379003062,0.8732373608336506,51.33292336744639,37.25566401293668,37.25566401293668,37.25566401293668,119.7,119.7,119.7,119.7,15.75,15.58,15.58,15.58,30.752720850305696,30.752720850305696,30.752720850298743,74.11346600877192,2.5488460040521197,66.76698062865496
2026-02-08,16,Karnaprayag (P),Uttarakhand,47,Chamoli,30.2525,79.22138889,1371.1694791666666,,271.02,96,2026,2,39,,,0.19765609147361812,501.14582383040937,226.3710554466841,203.99489090715292,203.99489090715292,119.7,119.7,119.7,119.7,15.75,15.58,15.58,15.58,505.7248747428294,472.46839456108637,472.46839456108603,1267.97875,12.287719645357354,1193.8652839912281
2026-03-02,17,Karnaprayag (P),Uttarakhand,47,Chamoli,30.2525,79.22138889,20.78462365591398,24.68,17.49,93,2026,3,61,7.190000000000001,0.8421646538052666,0.8414874519521771,20.78462365591398,20.78462365591398,20.78462365591398,183.63819454590416,24.68,24.68,24.68,119.7,17.49,17.49,17.49,15.58,0.0,0.0,446.153159416624,-1350.3848555107527,-0.984841681519526,-2618.3636055107527
2026-03-03,18,Karnaprayag (P),Uttarakhand,47,Chamoli,30.2525,79.22138889,18.286947368421053,21.37,14.59,95,2026,3,62,6.780000000000001,0.8557298721769327,0.7978368235036781,19.535785512167514,19.535785512167514,19.535785512167514,180.40766212790265,24.68,24.68,24.68,119.7,14.59,14.59,14.59,14.59,1.7661238400950874,1.7661238400950874,447.366875288713,-2.4976762874929257,-0.12016942566974242,1347.8871792232599
2026-03-04,19,Karnaprayag (P),Uttarakhand,47,Chamoli,30.2525,79.22138889,19.940631578947368,24.31,17.1,95,2026,3,63,7.209999999999997,0.820264565156206,0.8575455562828608,19.670734201094135,19.670734201094135,19.670734201094135,180.28737769341217,24.68,24.68,24.68,119.7,14.59,14.59,14.59,14.59,1.2705235752260358,1.2705235752260358,447.4152289878581,1.6536842105263148,0.09042975720387281,4.1513604980192405
2026-03-05,20,Karnaprayag (P),Uttarakhand,47,Chamoli,30.2525,79.22138889,22.751894736842104,27.29,18.64,95,2026,3,64,8.649999999999999,0.8337081252049141,0.8192724261252967,20.32649122807018,20.441024335031127,20.441024335031127,180.7814771086168,27.29,27.29,27.29,119.7,14.59,14.59,14.59,14.59,1.857293998958193,1.857293998958193,447.21639582269336,2.811263157894736,0.14098165079499148,1.157578947368421
2026-03-06,21,Karnaprayag (P),Uttarakhand,47,Chamoli,30.2525,79.22138889,28.572659574468084,32.56,23.8,94,2026,3,65,8.760000000000002,0.8775386847195357,0.8329641116526363,23.755061963419184,22.067351382918517,22.067351382918517,181.72277846484428,32.56,32.56,32.56,119.7,17.1,14.59,14.59,14.59,3.976412212331008,3.976412212331008,446.84468143367286,5.82076483762598,0.2558364876838335,3.009501679731244
2026-03-07,22,Karnaprayag (P),Uttarakhand,47,Chamoli,30.2525,79.22138889,87.85020833333334,108.42,66.57,96,2026,3,66,41.85000000000001,0.8102767785771383,0.7577671272834202,46.39158754821451,33.03116087465432,33.03116087465432,189.069381859906,108.42,108.42,108.42,119.7,18.64,14.59,14.59,14.59,27.09022323075904,27.09022323075904,444.42240893528464,59.27754875886526,2.074624821129161,53.45678392123928
2026-03-08,23,Karnaprayag (P),Uttarakhand,47,Chamoli,30.2525,79.22138889,346.8594791666667,477.91,280.99,96,2026,3,67,196.92000000000002,0.7257840998653861,0.8100975088675139,154.42744902482272,77.86377777351322,77.86377777351322,224.37851697199176,477.91,477.91,477.91,477.91,23.8,14.59,14.59,14.59,121.16646233553757,121.16646233553757,442.74284890763306,259.00927083333335,2.9483057097663874,199.73172207446808
2026-04-01,24,Karnaprayag (P),Uttarakhand,47,Chamoli,30.2525,79.22138889,25.025,40.49,21.62,40,2026,4,91,18.87,0.6180538404544331,0.863936063936064,25.025,25.025,25.025,78.46954582266838,40.49,40.49,40.49,477.91,21.62,21.62,21.62,14.59,0.0,0.0,120.84370586751396,-321.8344791666667,-0.9278526276400956,-580.84375
2026-04-02,25,Karnaprayag (P),Uttarakhand,47,Chamoli,30.2525,79.22138889,20.76234042553192,24.88,17.18,94,2026,4,92,7.699999999999999,0.8344992132448522,0.8274597009725052,22.89367021276596,22.89367021276596,22.89367021276596,78.82317340225563,40.49,40.49,40.49,477.91,17.18,17.18,17.18,17.1,3.014155490996142,3.014155490996142,120.64169298488271,-4.262659574468078,-0.17033604693179127,317.5718195921986
2026-04-03,26,Karnaprayag (P),Uttarakhand,47,Chamoli,30.2525,79.22138889,18.774787234042552,25.66,14.67,94,2026,4,93,10.99,0.7316752624334588,0.7813670438512491,21.52070921985816,21.52070921985816,21.52070921985816,78.6566242101264,40.49,40.49,40.49,477.91,14.67,14.67,14.67,14.67,3.1933731892922004,3.1933731892922004,120.73729698326555,-1.9875531914893685,-0.09572876423147503,2.2751063829787093
2026-04-04,27,Karnaprayag (P),Uttarakhand,47,Chamoli,30.2525,79.22138889,19.961290322580645,23.48,16.92,93,2026,4,94,6.559999999999999,0.8501401329889542,0.8476405946994183,19.832805994051707,21.130854495538777,21.130854495538777,78.25796643666045,25.66,40.49,40.49,477.91,14.67,14.67,14.67,14.67,2.7214643806273453,2.7214643806273453,120.95705866373855,1.1865030885380925,0.06319661968721113,3.174056280027461
2026-04-05,28,Karnaprayag (P),Uttarakhand,47,Chamoli,30.2525,79.22138889,23.56484210526316,26.94,16.86,95,2026,4,95,10.080000000000002,0.8747157425858634,0.7154726488167027,20.76697322062879,21.617652017483657,21.617652017483657,77.54256394105975,26.94,40.49,40.49,477.91,14.67,14.67,14.67,14.67,2.596080780354474,2.596080780354474,121.31418285422018,3.6035517826825156,0.1805269962235907,2.417048694144423
2026-04-06,29,Karnaprayag (P),Uttarakhand,47,Chamoli,30.2525,79.22138889,30.38094736842105,35.37,20.44,95,2026,4,96,14.929999999999996,0.8589467732095294,0.6727900796551857,24.63569326542162,23.07820124263989,23.07820124263989,69.33266951750086,35.37,40.49,40.49,477.91,16.86,14.67,14.67,14.67,4.265082949853091,4.265082949853091,122.43974011000141,6.8161052631578904,0.289248925696622,3.212553480475375
2026-04-07,30,Karnaprayag (P),Uttarakhand,47,Chamoli,30.2525,79.22138889,110.38645833333334,144.88,89.23,96,2026,4,97,55.64999999999999,0.7619164711025217,0.8083419048607638,54.777415935672515,35.55080939845324,35.55080939845324,35.55080939845324,144.88,144.88,144.88,144.88,16.86,14.67,14.67,14.67,33.22831307685518,33.22831307685518,33.22831307684856,80.00551096491229,2.6334106700067106,73.1894057017544
2026-04-08,31,Karnaprayag (P),Uttarakhand,47,Chamoli,30.2525,79.22138889,429.3208333333334,490.65,369.04,96,2026,4,98,121.60999999999996,0.8750042460681411,0.8595902442811805,190.02941301169594,93.30735701750086,84.77206239031325,84.77206239031325,490.65,490.65,490.65,490.65,20.44,14.67,14.67,14.67,151.77726678463486,142.57714829952218,142.57714829952093,318.93437500000005,2.889252720083797,238.92886403508777
2026-05-01,32,Karnaprayag (P),Uttarakhand,47,Chamoli,30.2525,79.22138889,24.159895833333334,28.9,18.15,96,2026,5,121,10.75,0.8359825547866205,0.7512449608726582,24.159895833333334,24.159895833333334,24.159895833333334,84.66392436947993,28.9,28.9,28.9,490.65,18.15,18.15,18.15,14.67,0.0,0.0,142.62925578494546,-405.16093750000005,-0.9437253122664674,-724.0953125000001
2026-05-02,33,Karnaprayag (P),Uttarakhand,47,Chamoli,30.2525,79.22138889,20.812315789473686,23.68,17.94,95,2026,5,122,5.739999999999998,0.8788984708392604,0.8619896114142941,22.48610581140351,22.48610581140351,22.48610581140351,84.67017128997264,28.9,28.9,28.9,490.65,17.94,17.94,17.94,14.67,2.367096549577918,2.367096549577918,142.6260582361585,-3.3475800438596472,-0.1385593740533021,401.8133574561404
2026-05-03,34,Karnaprayag (P),Uttarakhand,47,Chamoli,30.2525,79.22138889,19.91307692307692,25.0,15.14,91,2026,5,123,9.86,0.7965230769230768,0.7603043998918378,21.628429515294645,21.628429515294645,21.628429515294645,84.81245750110195,28.9,28.9,28.9,490.65,15.14,15.14,15.14,15.14,2.237945246031034,2.237945246031034,142.55147695979164,-0.8992388663967681,-0.043207054683053525,2.448341177462879
2026-05-04,35,Karnaprayag (P),Uttarakhand,47,Chamoli,30.2525,79.22138889,20.224666666666668,25.42,15.14,90,2026,5,124,10.280000000000001,0.7956202465250459,0.7485908296799287,20.31668645973909,21.27748880313765,21.27748880313765,84.84537954411269,25.42,28.9,28.9,490.65,15.14,15.14,15.14,15.14,1.9574396925454196,1.9574396925454196,142.5343894611778,0.31158974358974945,0.015647493593953454,1.2108286099865175
2026-05-05,36,Karnaprayag (P),Uttarakhand,47,Chamoli,30.2525,79.22138889,23.05,27.09,16.54,92,2026,5,125,10.55,0.8508674787744556,0.7175704989154013,21.062581196581196,21.631991042510123,21.631991042510123,84.78102428095481,27.09,28.9,28.9,490.65,15.14,15.14,15.14,15.14,1.8713729721957375,1.8713729721957375,142.56612339788285,2.825333333333333,0.13969739921547952,2.5137435897435836
2026-05-06,37,Karnaprayag (P),Uttarakhand,47,Chamoli,30.2525,79.22138889,39.26715789473684,52.52,29.91,95,2026,5,126,22.610000000000003,0.7476610414077844,0.7617052418252297,27.513941520467835,24.571185517881243,24.571185517881243,85.89180059674428,52.52,52.52,52.52,490.65,15.14,15.14,15.14,15.14,7.391536675493428,7.391536675493428,142.115631922965,16.21715789473684,0.7035643338280624,13.391824561403507
2026-05-07,38,Karnaprayag (P),Uttarakhand,47,Chamoli,30.2525,79.22138889,111.11375,146.64,95.64,96,2026,5,127,50.999999999999986,0.7577315193671577,0.8607395574355109,57.81030263157894,36.93440901532678,36.93440901532678,85.9827120550776,146.64,146.64,146.64,490.65,16.54,15.14,15.14,15.14,33.39871372905694,33.39871372905694,142.1337711016167,71.84659210526316,1.8296865868892715,55.62943421052631
2026-05-08,39,Karnaprayag (P),Uttarakhand,47,Chamoli,30.2525,79.22138889,395.555625,473.15,327.68,96,2026,5,128,145.46999999999997,0.8360047025256262,0.8284043489458657,181.9788442982456,89.99094175342202,81.76206101341093,81.76206101341094,473.15,473.15,473.15,473.15,29.91,15.14,15.14,15.14,138.70464013897885,130.50773045388533,130.50773045388397,284.44187500000004,2.5599160769931717,212.5952828947369
2026-06-01,40,Karnaprayag (P),Uttarakhand,47,Chamoli,30.2525,79.22138889,23.83770833333333,26.59,20.07,96,2026,6,152,6.52,0.8964914754920396,0.8419433495599584,23.83770833333333,23.83770833333333,23.83770833333333,90.42314068825912,26.59,26.59,26.59,473.15,20.07,20.07,20.07,15.14,0.0,0.0,138.45764912464338,-371.71791666666667,-0.939736141198009,-656.1597916666667
2026-06-02,41,Karnaprayag (P),Uttarakhand,47,Chamoli,30.2525,79.22138889,20.37284210526316,23.47,15.84,95,2026,6,153,7.629999999999999,0.8680375843742293,0.7775056576867035,22.105275219298246,22.105275219298246,22.105275219298246,90.48882142857144,26.59,26.59,26.59,473.15,15.84,15.84,15.84,15.14,2.4500304057726727,2.4500304057726727,138.41872985523338,-3.4648662280701714,-0.14535232076923665,368.2530504385965
2026-06-03,42,Karnaprayag (P),Uttarakhand,47,Chamoli,30.2525,79.22138889,22.29778947368421,28.29,18.21,95,2026,6,154,10.079999999999998,0.7881862663020224,0.816672882372102,22.1694466374269,22.1694466374269,22.1694466374269,90.78498182957394,28.29,28.29,28.29,473.15,15.84,15.84,15.84,15.84,1.735994932976255,1.735994932976255,138.24544601673873,1.9249473684210514,0.09448595136972848,5.389813596491223
2026-06-04,43,Karnaprayag (P),Uttarakhand,47,Chamoli,30.2525,79.22138889,18.90457831325301,21.87,13.31,83,2026,6,155,8.56,0.8644068730339738,0.7040622530399981,20.52506996406679,21.35322955638343,21.35322955638343,90.19277873146724,28.29,28.29,28.29,473.15,13.31,13.31,13.31,13.31,2.161934372676778,2.161934372676778,138.59240586509583,-3.3932111604312034,-0.15217702025736057,-5.318158528852255
2026-06-05,44,Karnaprayag (P),Uttarakhand,47,Chamoli,30.2525,79.22138889,21.95542553191489,26.62,17.08,94,2026,6,156,9.540000000000003,0.8247718081110026,0.7779398297323882,21.052597772950705,21.47366875148972,21.47366875148972,87.71967410820696,28.29,28.29,28.29,473.15,13.31,13.31,13.31,13.31,1.8915597194934812,1.8915597194934812,139.80178442446268,3.0508472186618825,0.1613813949250109,6.444058379093086
2026-06-06,45,Karnaprayag (P),Uttarakhand,47,Chamoli,30.2525,79.22138889,46.45473684210526,70.76,31.12,95,2026,6,157,39.64,0.6565112611942518,0.6698993927308983,29.10491356242439,25.637180099925644,25.637180099925644,78.48267222850771,70.76,70.76,70.76,473.15,13.31,13.31,13.31,13.31,10.337860466714403,10.337860466714403,140.1341562005548,24.49931131019037,1.1158659291106718,21.44846409152849
2026-06-07,46,Karnaprayag (P),Uttarakhand,47,Chamoli,30.2525,79.22138889,173.75458333333333,260.68,97.55,96,2026,6,158,163.13,0.6665435911206588,0.5614240391740266,80.72158190245116,46.7968091332696,46.7968091332696,46.79680913326961,260.68,260.68,260.68,260.68,17.08,13.31,13.31,13.31,56.77295810206511,56.77295810206511,56.772958102061324,127.29984649122807,2.7402985173268073,102.8005351810377
2026-06-08,47,Karnaprayag (P),Uttarakhand,47,Chamoli,30.2525,79.22138889,549.0059375,673.64,434.13,96,2026,6,159,239.51,0.8149841718128377,0.7907564751975019,256.40508589181286,121.82084187136482,109.57295017911089,109.5729501791109,673.64,673.64,673.64,673.64,31.12,13.31,13.31,13.31,196.47971164019071,185.17415361451546,185.17415361451452,375.2513541666666,2.159663054451801,247.95150767543853
2026-07-01,48,Karnaprayag (P),Uttarakhand,47,Chamoli,30.2525,79.22138889,23.6975,26.99,19.75,96,2026,7,182,7.239999999999998,0.8780103742126715,0.8334212469669796,23.6975,23.6975,23.6975,109.55542413744423,26.99,26.99,26.99,673.64,19.75,19.75,19.75,13.31,0.0,0.0,185.1834337545099,-525.3084375,-0.9568356216548204,-900.5597916666666
2026-07-02,49,Karnaprayag (P),Uttarakhand,47,Chamoli,30.2525,79.22138889,20.485473684210525,24.12,15.68,95,2026,7,183,8.440000000000001,0.849314829361962,0.7654204262840935,22.09148684210526,22.09148684210526,22.09148684210526,109.56950308481267,26.99,26.99,26.99,673.64,15.68,15.68,15.68,13.31,2.2712455892443804,2.2712455892443804,185.17568897434265,-3.212026315789476,-0.13554283429853253,522.0964111842105
2026-07-03,50,Karnaprayag (P),Uttarakhand,47,Chamoli,30.2525,79.22138889,23.59882978723404,30.17,17.09,94,2026,7,184,13.080000000000002,0.782195219994499,0.7241884514648672,22.59393449048152,22.59393449048152,22.59393449048152,109.7321331240064,30.17,30.17,30.17,673.64,15.68,15.68,15.68,13.31,1.8266469777730796,1.8266469777730796,185.08864424232604,3.113356103023513,0.1519787216550026,6.325382418812989
2026-07-04,51,Karnaprayag (P),Uttarakhand,47,Chamoli,30.2525,79.22138889,19.51752808988764,24.17,13.59,89,2026,7,185,10.580000000000002,0.8075104712406967,0.696297191806846,21.20061052044407,21.824832890333052,21.824832890333052,109.80875184608571,30.17,30.17,30.17,673.64,13.59,13.59,13.59,13.59,2.142544096708886,2.142544096708886,185.04579621479397,-4.081301697346397,-0.1729450881312008,-7.19465780036991
2026-07-05,52,Karnaprayag (P),Uttarakhand,47,Chamoli,30.2525,79.22138889,22.23340425531915,26.99,18.02,94,2026,7,186,8.969999999999999,0.8237645148321286,0.8104921672392508,21.783254044146943,21.90654716333027,21.90654716333027,109.84349918651124,30.17,30.17,30.17,673.64,13.59,13.59,13.59,13.59,1.8644724500013115,1.8644724500013115,185.02696783346687,2.71587616543151,0.1391506215809497,6.797177862777907
2026-07-06,53,Karnaprayag (P),Uttarakhand,47,Chamoli,30.2525,79.22138889,35.590752688172046,41.78,19.8,93,2026,7,187,21.98,0.8518610025890868,0.5563242838238759,25.780561677792946,24.187248084137234,24.187248084137234,108.48550116726959,41.78,41.78,41.78,673.64,13.59,13.59,13.59,13.59,5.830144608366887,5.830144608366887,185.59765765207445,13.357348432852895,0.6007783729141372,10.641472267421385
2026-07-07,54,Karnaprayag (P),Uttarakhand,47,Chamoli,30.2525,79.22138889,131.20510416666667,171.44,104.37,96,2026,7,188,67.07,0.7653120868331,0.7954721019650373,63.00975370338595,39.475513238784295,39.475513238784295,103.16681627143626,171.44,171.44,171.44,673.64,18.02,13.59,13.59,13.59,40.79758385656714,40.79758385656714,184.06336396665026,95.61435147849463,2.686494222704943,82.25700304564174
2026-07-08,55,Karnaprayag (P),Uttarakhand,47,Chamoli,30.2525,79.22138889,411.20197916666666,507.14,352.13,96,2026,7,189,155.01,0.8108253720208752,0.8563431545578144,192.6659453405018,94.83329597687953,85.94132147976958,85.94132147976961,507.14,507.14,507.14,507.14,19.8,13.59,13.59,13.59,145.18200536620952,136.7451497591313,136.74514975913,279.996875,2.1340395008133735,184.38252352150536
2026-08-01,56,Karnaprayag (P),Uttarakhand,47,Chamoli,30.2525,79.22138889,23.533578947368422,26.31,19.67,95,2026,8,213,6.639999999999997,0.8944727840124829,0.8358269706444096,23.533578947368422,23.533578947368422,23.533578947368422,95.26873958590211,26.31,26.31,26.31,507.14,19.67,19.67,19.67,13.59,0.0,0.0,144.92619488541496,-387.66840021929823,-0.9427688091505272,-667.6652752192982
2026-08-02,57,Karnaprayag (P),Uttarakhand,47,Chamoli,30.2525,79.22138889,20.46915789473684,23.0,16.04,95,2026,8,214,6.960000000000001,0.8899633867276886,0.783617972096659,22.001368421052632,22.001368421052632,22.001368421052632,94.82164360125964,26.31,26.31,26.31,507.14,16.04,16.04,16.04,13.59,2.166872906726612,2.166872906726612,145.18873577214325,-3.064421052631584,-0.13021483300457593,384.60397916666665
2026-08-03,58,Karnaprayag (P),Uttarakhand,47,Chamoli,30.2525,79.22138889,23.72557894736842,28.86,18.75,95,2026,8,215,10.11,0.8220921326184484,0.7902862999294566,22.576105263157896,22.576105263157896,22.576105263157896,95.4227937237569,28.86,28.86,28.86,507.14,16.04,16.04,16.04,16.04,1.827193588531961,1.827193588531961,144.83325176256494,3.2564210526315804,0.15908915595735817,6.320842105263164
2026-08-04,59,Karnaprayag (P),Uttarakhand,47,Chamoli,30.2525,79.22138889,21.70310344827586,27.77,17.72,87,2026,8,216,10.05,0.781530552692685,0.8164730929948044,21.96594676346037,22.357854809437384,22.357854809437384,95.34703646560787,28.86,28.86,28.86,507.14,16.04,16.04,16.04,16.04,1.5544422307840955,1.5544422307840955,144.87804683372278,-2.0224754990925575,-0.08524451620671136,-5.278896551724138
2026-08-05,60,Karnaprayag (P),Uttarakhand,47,Chamoli,30.2525,79.22138889,21.926145833333333,27.87,15.38,96,2026,8,217,12.49,0.7867293086951321,0.701445667510725,22.451609409659202,22.271513014216573,22.271513014216573,93.39494977205948,28.86,28.86,28.86,507.14,15.38,15.38,15.38,15.38,1.359960482750708,1.359960482750708,145.90580863423457,0.22304238505747165,0.010276981151061682,2.245517884150029
2026-08-06,61,Karnaprayag (P),Uttarakhand,47,Chamoli,30.2525,79.22138889,32.13347368421052,38.56,23.5,95,2026,8,218,15.060000000000002,0.8333369731382396,0.7313246065752061,25.25424098860657,23.915173125882234,23.915173125882234,79.24185970313715,38.56,38.56,38.56,507.14,15.38,15.38,15.38,15.38,4.205865593168593,4.205865593168593,146.43099679080024,10.207327850877189,0.4655322430337687,9.984285465819717
2026-08-07,62,Karnaprayag (P),Uttarakhand,47,Chamoli,30.2525,79.22138889,128.36270833333333,150.73,106.28,96,2026,8,219,44.44999999999999,0.8516069019659878,0.8279663258896909,60.807442616959065,38.836249584089536,38.836249584089536,38.83624958408955,150.73,150.73,150.73,150.73,15.38,15.38,15.38,15.38,39.663720785181546,39.663720785181546,39.66372078517611,96.22923464912282,2.9946726455660824,86.02190679824562
2026-08-08,63,Karnaprayag (P),Uttarakhand,47,Chamoli,30.2525,79.22138889,318.5727450980392,360.56,278.77,51,2026,8,220,81.79000000000002,0.8835498810129776,0.8750591640041582,159.68964237186103,80.98470189132821,73.80331152333324,73.80331152333326,360.56,360.56,360.56,360.56,23.5,15.38,15.38,15.38,111.81991135280131,105.49895601126771,105.49895601126602,190.21003676470588,1.4818169485078712,93.98080211558306
2026-09-01,64,Karnaprayag (P),Uttarakhand,47,Chamoli,30.2525,79.22138889,23.36458333333333,26.22,19.12,96,2026,9,244,7.099999999999998,0.8910977625222475,0.818332590280874,23.36458333333333,23.36458333333333,23.36458333333333,81.39833409684202,26.22,26.22,26.22,360.56,19.12,19.12,19.12,15.38,0.0,0.0,111.56381193881188,-295.2081617647059,-0.9266585616853602,-485.41819852941177
2026-09-02,65,Karnaprayag (P),Uttarakhand,47,Chamoli,30.2525,79.22138889,20.310645161290324,22.96,17.23,93,2026,9,245,5.73,0.8846099808924357,0.8483236186331654,21.837614247311826,21.837614247311826,21.837614247311826,80.91048641311659,26.22,26.22,26.22,360.56,17.23,17.23,17.23,15.38,2.1594603907760574,2.1594603907760574,111.8650957562497,-3.0539381720430043,-0.13070800914673586,292.1542235926629
2026-09-03,66,Karnaprayag (P),Uttarakhand,47,Chamoli,30.2525,79.22138889,22.440104166666668,26.16,18.69,96,2026,9,246,7.469999999999999,0.8578021470438328,0.8328838342810723,22.038444220430108,22.038444220430108,22.038444220430108,81.01577223002955,26.22,26.22,26.22,360.56,17.23,17.23,17.23,15.38,1.5660883193400712,1.5660883193400712,111.80041122323556,2.1294590053763436,0.10484447876795366,5.183397177419348
2026-09-04,67,Karnaprayag (P),Uttarakhand,47,Chamoli,30.2525,79.22138889,24.190729166666667,30.6,18.7,96,2026,9,247,11.900000000000002,0.7905467047930284,0.7730234120337077,22.313826164874552,22.57651545698925,22.57651545698925,81.33928413479146,30.6,30.6,30.6,360.56,17.23,17.23,17.23,17.23,1.671278264811518,1.671278264811518,111.60403267048768,1.7506249999999994,0.07801322966229551,-0.37883400537634415
2026-09-05,68,Karnaprayag (P),Uttarakhand,47,Chamoli,30.2525,79.22138889,20.530315789473686,23.51,14.99,95,2026,9,248,8.520000000000001,0.8732588596118114,0.7301397676350249,22.38704970760234,22.167275523486133,22.167275523486133,79.68169014982904,30.6,30.6,30.6,360.56,14.99,14.99,14.99,14.99,1.712385731864088,1.712385731864088,112.5389163610246,-3.660413377192981,-0.1513147186252164,-5.41103837719298
2026-09-06,69,Karnaprayag (P),Uttarakhand,47,Chamoli,30.2525,79.22138889,32.81239583333333,37.78,20.99,96,2026,9,249,16.790000000000003,0.8685123301570495,0.6396972688802186,25.844480263157894,23.941462241794,23.941462241794,66.0316455069719,37.78,37.78,37.78,360.56,14.99,14.99,14.99,14.99,4.607845807345726,4.607845807345726,111.43957208682035,12.282080043859647,0.5982411653968285,15.942493421052628
2026-09-07,70,Karnaprayag (P),Uttarakhand,47,Chamoli,30.2525,79.22138889,175.05479166666666,222.84,140.1,96,2026,9,250,82.74000000000001,0.7855626981990067,0.8003208519237429,76.13250109649123,45.529080731061526,45.529080731061526,45.52908073106154,222.84,222.84,222.84,222.84,14.99,14.99,14.99,14.99,57.2701531348344,57.2701531348344,57.27015313483064,142.24239583333332,4.335020111174956,129.96031578947367
2026-10-01,71,Karnaprayag (P),Uttarakhand,47,Chamoli,30.2525,79.22138889,23.040208333333336,25.98,19.71,96,2026,10,274,6.27,0.8868440467025919,0.8554610147116002,23.040208333333336,23.040208333333336,23.040208333333336,45.48274144534726,25.98,25.98,25.98,222.84,19.71,19.71,19.71,14.99,0.0,0.0,57.29120358025205,-152.01458333333332,-0.8683828753616427,-294.2569791666666
2026-10-02,72,Karnaprayag (P),Uttarakhand,47,Chamoli,30.2525,79.22138889,19.9886170212766,23.21,15.21,94,2026,10,275,8.0,0.861207109921439,0.7609330842554006,21.514412677304968,21.514412677304968,21.514412677304968,45.4367374253453,25.98,25.98,25.98,222.84,15.21,15.21,15.21,14.99,2.157800910165272,2.157800910165272,57.31490960804539,-3.051591312056736,-0.13244634197347327,148.9629920212766
2026-10-03,73,Karnaprayag (P),Uttarakhand,47,Chamoli,30.2525,79.22138889,22.741041666666664,27.84,19.23,96,2026,10,276,8.61,0.8168477610153256,0.8456077026668012,21.923289007092198,21.923289007092198,21.923289007092198,45.479728496773866,27.84,27.84,27.84,222.84,15.21,15.21,15.21,14.99,1.6821390974398847,1.6821390974398847,57.294894634951646,2.7524246453900645,0.13769960385254687,5.804015957446801
2026-10-04,74,Karnaprayag (P),Uttarakhand,47,Chamoli,30.2525,79.22138889,21.04159574468085,24.27,15.39,94,2026,10,277,8.879999999999999,0.8669796351331212,0.7314084058425308,21.257084810874705,21.702865691489365,21.702865691489365,45.02985229363304,27.84,27.84,27.84,222.84,15.21,15.21,15.21,14.99,1.4424771682777648,1.4424771682777648,57.501904065757984,-1.699445921985813,-0.07473034643249543,-4.451870567375877
2026-10-05,75,Karnaprayag (P),Uttarakhand,47,Chamoli,30.2525,79.22138889,20.925698924731183,24.38,16.4,93,2026,10,278,7.98,0.8583141478560781,0.7837253158898098,21.569445445359566,21.547432338137728,21.547432338137728,45.08633559866983,27.84,27.84,27.84,222.84,15.39,15.21,15.21,15.21,1.2966699358058136,1.2966699358058136,57.47401502025717,-0.11589681994966838,-0.005507986245718355,1.5835491020361445
2026-10-06,76,Karnaprayag (P),Uttarakhand,47,Chamoli,30.2525,79.22138889,37.68989361702128,48.08,27.11,94,2026,10,279,20.97,0.7838996176585126,0.719290966312432,26.552396095477775,24.237842551284984,24.237842551284984,45.78312099633953,48.08,48.08,48.08,222.84,15.39,15.21,15.21,15.21,6.691406804849082,6.691406804849082,57.32979679405296,16.7641946922901,0.8011294988325202,16.88009151223977
2026-10-07,77,Karnaprayag (P),Uttarakhand,47,Chamoli,30.2525,79.22138889,169.62968750000002,209.43,138.41,96,2026,10,280,71.02000000000001,0.8099588764742397,0.8159538701030737,76.0817600139175,45.008106115387136,45.008106115387136,45.00810611538715,209.43,209.43,209.43,209.43,16.4,15.21,15.21,15.21,55.29140418888999,55.29140418888999,55.2914041888861,131.93979388297873,3.5006677180800763,115.17559919068863
2026-11-01,78,Karnaprayag (P),Uttarakhand,47,Chamoli,30.2525,79.22138889,23.138125,25.73,20.11,96,2026,11,305,5.620000000000001,0.8992664205207928,0.8691283325680019,23.138125,23.138125,23.138125,49.194340408850024,25.73,25.73,25.73,209.43,20.11,20.11,20.11,15.39,0.0,0.0,59.34209572337054,-146.49156250000001,-0.8635962528669989,-278.4313563829787
2026-11-02,79,Karnaprayag (P),Uttarakhand,47,Chamoli,30.2525,79.22138889,19.71223404255319,22.37,16.01,94,2026,11,306,6.359999999999999,0.8811906143296018,0.8121859737175855,21.425179521276597,21.425179521276597,21.425179521276597,48.68953913816444,25.73,25.73,25.73,209.43,16.01,16.01,16.01,15.39,2.422470727616312,2.422470727616312,59.6243411028105,-3.425890957446807,-0.14806260046770459,143.06567154255322
2026-11-03,80,Karnaprayag (P),Uttarakhand,47,Chamoli,30.2525,79.22138889,22.24375,26.53,18.35,96,2026,11,307,8.18,0.8384376177911798,0.8249508288845182,21.69803634751773,21.69803634751773,21.69803634751773,48.88989818071764,26.53,26.53,26.53,209.43,16.01,16.01,16.01,16.01,1.7769453441110972,1.7769453441110972,59.51477192512271,2.531515957446807,0.12842359480827858,5.957406914893614
2026-11-04,81,Karnaprayag (P),Uttarakhand,47,Chamoli,30.2525,79.22138889,20.316774193548387,24.56,16.47,93,2026,11,308,8.09,0.827230219607019,0.8106601886253215,20.757586078700523,21.352720809025392,21.352720809025392,48.7884107255205,26.53,26.53,26.53,209.43,16.01,16.01,16.01,16.01,1.6068585672472067,1.6068585672472067,59.572486204007184,-1.9269758064516118,-0.08662998848897385,-4.458491763898419
2026-11-05,82,Karnaprayag (P),Uttarakhand,47,Chamoli,30.2525,79.22138889,21.63731182795699,26.66,14.42,93,2026,11,309,12.24,0.8116020940719051,0.6664413821206896,21.399278673835127,21.409639012811713,21.409639012811713,46.112980427343125,26.66,26.66,26.66,209.43,14.42,14.42,14.42,14.42,1.3973883679790362,1.3973883679790362,60.523488148467315,1.320537634408602,0.06499740666645493,3.2475134408602138
2026-11-06,83,Karnaprayag (P),Uttarakhand,47,Chamoli,30.2525,79.22138889,39.15968421052632,45.06,30.63,95,2026,11,310,14.430000000000003,0.8690564627280586,0.782181997059274,27.037923410677234,24.36797987909748,24.36797987909748,24.3679798790975,45.06,45.06,45.06,45.06,14.42,14.42,14.42,14.42,7.353423657561766,7.353423657561766,7.3534236575260294,17.522372382569333,0.8098220574669146,16.20183474816073
2026-11-07,84,Karnaprayag (P),Uttarakhand,47,Chamoli,30.2525,79.22138889,182.36572916666668,225.12,138.36,96,2026,11,311,86.75999999999999,0.8100823079542763,0.7586951815576642,81.05424173505,46.939086920178795,46.939086920178795,46.93908692017881,225.12,225.12,225.12,225.12,14.42,14.42,14.42,14.42,60.09363369769417,60.09363369769417,60.0936336976906,143.20604495614037,3.656976501297879,125.68367257357104
2026-12-01,85,Karnaprayag (P),Uttarakhand,47,Chamoli,30.2525,79.22138889,22.609052631578948,25.18,18.74,95,2026,12,335,6.440000000000001,0.897897245098449,0.8288715279394373,22.609052631578948,22.609052631578948,22.609052631578948,46.86350515326152,25.18,25.18,25.18,225.12,18.74,18.74,18.74,14.42,0.0,0.0,60.12888055098468,-159.75667653508773,-0.8760235668461798,-302.9627214912281
2026-12-02,86,Karnaprayag (P),Uttarakhand,47,Chamoli,30.2525,79.22138889,19.708191489361703,24.53,16.52,94,2026,12,336,8.010000000000002,0.8034321846458092,0.8382301343538975,21.158622060470325,21.158622060470325,21.158622060470325,46.86292764566274,25.18,25.18,25.18,225.12,16.52,16.52,16.52,14.42,2.051218584942368,2.051218584942368,60.129184806285345,-2.900861142217245,-0.12830529387885536,156.85581539287048
2026-12-03,87,Karnaprayag (P),Uttarakhand,47,Chamoli,30.2525,79.22138889,22.908736842105263,26.99,19.11,95,2026,12,337,7.879999999999999,0.8487861001150524,0.8341795591661191,21.741993654348637,21.741993654348637,21.741993654348637,46.95792576596348,26.99,26.99,26.99,225.12,16.52,16.52,16.52,14.42,1.767686649618324,1.767686649618324,60.08431488252572,3.2005453527435606,0.16239670466319467,6.101406494960806
2026-12-04,88,Karnaprayag (P),Uttarakhand,47,Chamoli,30.2525,79.22138889,20.165851063829788,23.99,15.96,94,2026,12,338,8.029999999999998,0.840594041843676,0.7914369668546468,20.927593131765587,21.347958006718926,21.347958006718926,46.93636531886083,26.99,26.99,26.99,225.12,15.96,15.96,15.96,14.42,1.6444453250983357,1.6444453250983357,60.09549404237833,-2.7428857782754754,-0.11973099159418388,-5.943431131019036
2026-12-05,89,Karnaprayag (P),Uttarakhand,47,Chamoli,30.2525,79.22138889,21.05633333333333,25.95,14.24,90,2026,12,339,11.709999999999999,0.8114193962748876,0.67628108724216,21.376973746422795,21.289633072041806,21.289633072041806,46.85336839105745,26.99,26.99,26.99,225.12,14.24,14.24,14.24,14.24,1.430090665116649,1.430090665116649,60.1366446156741,0.8904822695035435,0.04415793147955682,3.633368047779019
2026-12-06,90,Karnaprayag (P),Uttarakhand,47,Chamoli,30.2525,79.22138889,45.89427083333334,54.2,33.74,96,2026,12,340,20.46,0.8467577644526445,0.7351680152524485,29.038818410165486,25.39040603225706,25.39040603225706,47.8154521943156,54.2,54.2,54.2,225.12,14.24,14.24,14.24,14.24,10.12591530064115,10.12591530064115,60.046848389313695,24.837937500000006,1.1795946191961253,23.947455230496463
2026-12-07,91,Karnaprayag (P),Uttarakhand,47,Chamoli,30.2525,79.22138889,163.49447916666665,212.34,130.33,96,2026,12,341,82.00999999999999,0.7699655230605004,0.7971522993577129,76.81502777777777,45.11955933717271,45.11955933717271,45.11955933717273,212.34,212.34,212.34,212.34,14.24,14.24,14.24,14.24,53.010579744033315,53.010579744033315,53.01057974402927,117.60020833333331,2.5624158788882956,92.7622708333333
2026-01-01,184,Lambagarh,Uttarakhand,47,Chamoli,30.66472222,79.5175,6.701489361702128,7.19,6.15,94,2026,1,1,1.04,0.932056934868168,0.917706448233165,6.701489361702128,6.701489361702128,6.701489361702128,6.701489361702128,7.19,7.19,7.19,7.19,6.15,6.15,6.15,6.15,0.0,0.0,0.0,,0.0,
2026-01-02,185,Lambagarh,Uttarakhand,47,Chamoli,30.66472222,79.5175,6.143510638297872,6.83,5.41,94,2026,1,2,1.42,0.8994891124887076,0.8806039931427384,6.4225,6.4225,6.4225,6.4225,7.19,7.19,7.19,7.19,5.41,5.41,5.41,5.41,0.3945505390769623,0.3945505390769623,0.3945505390769623,-0.5579787234042559,-0.08326189795853578,
2026-01-03,186,Lambagarh,Uttarakhand,47,Chamoli,30.66472222,79.5175,5.513333333333334,6.17,4.2,84,2026,1,3,1.9699999999999998,0.8935710426796327,0.7617896009673518,6.1194444444444445,6.1194444444444445,6.1194444444444445,6.1194444444444445,7.19,7.19,7.19,7.19,4.2,4.2,4.2,4.2,0.5944434987467017,0.5944434987467017,0.5944434987467017,-0.6301773049645387,-0.1025760907836788,-0.0721985815602828
2026-01-06,187,Lambagarh,Uttarakhand,47,Chamoli,30.66472222,79.5175,10.018105263157896,10.65,9.45,95,2026,1,6,1.200000000000001,0.9406671608598963,0.9432921447484552,10.018105263157896,7.0941096491228075,7.0941096491228075,7.0941096491228075,10.65,10.65,10.65,10.65,9.45,4.2,4.2,4.2,2.0088465414206413,2.0088465414206413,2.0088465414206413,4.504771929824562,0.8170686692547573,5.134949234789101
2026-01-07,188,Lambagarh,Uttarakhand,47,Chamoli,30.66472222,79.5175,52.30677083333333,66.9,39.07,96,2026,1,7,27.830000000000005,0.7818650348779271,0.7469396289916259,31.162438048245612,16.136641885964913,16.136641885964913,16.136641885964913,66.9,66.9,66.9,66.9,9.45,4.2,4.2,4.2,20.294421514097824,20.294421514097824,20.294421514097824,42.28866557017544,4.221223920025497,37.783893640350875
2026-01-08,189,Lambagarh,Uttarakhand,47,Chamoli,30.66472222,79.5175,120.60315789473684,159.41,62.14,95,2026,1,8,97.27,0.7565595501834066,0.5152435565098235,60.97601133040936,38.91697559257185,33.5477278874269,33.5477278874269,159.41,159.41,159.41,159.41,9.45,4.2,4.2,4.2,49.69146562363738,46.350472815013816,46.350472815013816,68.29638706140351,1.305689224804536,26.007721491228068
2026-02-01,190,Lambagarh,Uttarakhand,47,Chamoli,30.66472222,79.5175,6.63404255319149,7.05,5.87,94,2026,2,32,1.1799999999999997,0.940998943715105,0.8848300192431044,6.63404255319149,6.63404255319149,6.63404255319149,39.01508197555058,7.05,7.05,7.05,159.41,5.87,5.87,5.87,4.2,0.0,0.0,49.611003465725034,-113.96911534154535,-0.9449927956365644,-182.26550240294887
2026-02-02,191,Lambagarh,Uttarakhand,47,Chamoli,30.66472222,79.5175,5.832210526315789,6.95,5.41,95,2026,2,33,1.54,0.8391669822037107,0.9276071183626323,6.2331265397536395,6.2331265397536395,6.2331265397536395,39.078857414147066,7.05,7.05,7.05,159.41,5.41,5.41,5.41,5.41,0.5669808635763621,0.5669808635763621,49.55734586946223,-0.8018320268757009,-0.12086627730326471,113.16728331466965
2026-02-03,192,Lambagarh,Uttarakhand,47,Chamoli,30.66472222,79.5175,5.402151898734177,5.82,4.2,79,2026,2,34,1.62,0.9282047935969375,0.7774679569791692,5.9561349927471525,5.9561349927471525,5.9561349927471525,33.46607316157825,7.05,7.05,7.05,159.41,4.2,4.2,4.2,4.2,0.6252252403494601,0.6252252403494601,46.40866843700336,-0.4300586275816123,-0.07373852943770198,0.3717733992940886
2026-02-05,193,Lambagarh,Uttarakhand,47,Chamoli,30.66472222,79.5175,6.1792105263157895,6.77,5.39,38,2026,2,36,1.38,0.9127341988649615,0.8722797155146714,5.790681212524984,6.0119038761393115,6.0119038761393115,32.82625737210457,6.77,7.05,7.05,159.41,4.2,4.2,4.2,4.2,0.5225371510230253,0.5225371510230253,46.821217453035395,0.7770586275816127,0.14384242467593178,1.207117255163225
2026-02-06,194,Lambagarh,Uttarakhand,47,Chamoli,30.66472222,79.5175,10.004947368421051,10.86,9.18,95,2026,2,37,1.6799999999999997,0.9212658718619753,0.9175460561616885,8.092078947368421,6.81051257459566,6.81051257459566,25.775953461285855,10.86,10.86,10.86,159.41,5.39,4.2,4.2,4.2,1.8421897491572785,1.8421897491572785,46.484864403553566,3.825736842105262,0.6191303607171754,3.0486782145236493
2026-02-07,195,Lambagarh,Uttarakhand,47,Chamoli,30.66472222,79.5175,56.99863157894737,65.79,51.66,95,2026,2,38,14.13000000000001,0.8663722690218477,0.9063375482698568,24.394263157894738,15.175199075320945,15.175199075320945,15.175199075320945,65.79,65.79,65.79,65.79,5.39,4.2,4.2,4.2,20.55535969011525,20.55535969011525,20.55535969011526,46.99368421052632,4.697044620030091,43.16794736842105
2026-02-08,196,Lambagarh,Uttarakhand,47,Chamoli,30.66472222,79.5175,93.01260416666666,156.48,48.87,96,2026,2,39,107.60999999999999,0.5944057014740968,0.525412662486379,53.338727704678355,29.571626010900143,26.29482837408462,26.29482837408462,156.48,156.48,156.48,156.48,9.18,4.2,4.2,4.2,37.026427549792025,34.894490016598276,34.89449001659828,36.013972587719294,0.6318392492956124,-10.979711622807024
2026-03-01,197,Lambagarh,Uttarakhand,47,Chamoli,30.66472222,79.5175,6.606593406593407,7.22,4.85,91,2026,3,60,2.37,0.9150406380323279,0.7341151031270791,6.606593406593407,6.606593406593407,6.606593406593407,23.83379900314822,7.22,7.22,7.22,156.48,4.85,4.85,4.85,4.2,0.0,0.0,33.04742452193106,-86.40601076007326,-0.9289709876872683,-122.41998334779255
2026-03-02,198,Lambagarh,Uttarakhand,47,Chamoli,30.66472222,79.5175,5.85904255319149,7.26,5.12,94,2026,3,61,2.1399999999999997,0.8070306547095716,0.8738629142078983,6.232817979892449,6.232817979892449,6.232817979892449,21.836603842041914,7.26,7.26,7.26,156.48,4.85,4.85,4.85,4.2,0.5285982777222868,0.5285982777222868,31.488328483662915,-0.7475508534019175,-0.11315224161605875,85.65845990667134
2026-03-03,199,Lambagarh,Uttarakhand,47,Chamoli,30.66472222,79.5175,5.398588235294118,5.74,4.2,85,2026,3,62,1.54,0.9405205984832957,0.7779811715481172,5.954741398359672,5.954741398359672,5.954741398359672,21.699331140053317,7.26,7.26,7.26,156.48,4.2,4.2,4.2,4.2,0.6096620581899037,0.6096620581899037,31.56548656910441,-0.4604543178973719,-0.07858866251902485,0.2870965355045456
2026-03-05,200,Lambagarh,Uttarakhand,47,Chamoli,30.66472222,79.5175,6.39436170212766,7.24,5.64,94,2026,3,64,1.6000000000000005,0.8831991301281298,0.8820270517576987,5.896474968710889,6.064646474301669,6.064646474301669,23.806747442194695,7.24,7.26,7.26,156.48,4.2,4.2,4.2,4.2,0.5441584202559928,0.5441584202559928,33.06355013496519,0.9957734668335423,0.18445071626754506,1.4562277847309142
2026-03-06,201,Lambagarh,Uttarakhand,47,Chamoli,30.66472222,79.5175,10.01875,10.77,8.97,96,2026,3,65,1.799999999999999,0.9302460538532963,0.8953212726138491,8.20655585106383,6.8554671794413355,6.8554671794413355,22.274747726395287,10.77,10.77,10.77,156.48,5.64,4.2,4.2,4.2,1.8300459633953512,1.8300459633953512,31.267743158874172,3.6243882978723407,0.5668100221272065,2.6286148310387984
2026-03-07,202,Lambagarh,Uttarakhand,47,Chamoli,30.66472222,79.5175,53.92378947368421,120.86,25.98,95,2026,3,66,94.88,0.4461673793950373,0.4817910657536172,23.445633725270625,14.700187561815147,14.700187561815147,27.57970094276955,120.86,120.86,120.86,156.48,5.64,4.2,4.2,4.2,19.285151849241387,19.285151849241387,32.2309766880128,43.90503947368421,4.382287158945398,40.28065117581187
2026-03-08,203,Lambagarh,Uttarakhand,47,Chamoli,30.66472222,79.5175,101.0995789473684,178.35,50.41,95,2026,3,67,127.94,0.5668605491862541,0.49861730904184104,55.0140394736842,30.449018485277644,27.042957759751324,37.7013266737637,178.35,178.35,178.35,178.35,8.97,4.2,4.2,4.2,39.4227850917492,37.099039538156234,39.504685794492964,47.17578947368419,0.874860426801177,3.2707499999999783
2026-04-01,204,Lambagarh,Uttarakhand,47,Chamoli,30.66472222,79.5175,6.474698795180722,7.19,4.59,83,2026,4,91,2.6000000000000005,0.9005144360473883,0.7089132861927802,6.474698795180722,6.474698795180722,6.474698795180722,30.55162785894252,7.19,7.19,7.19,178.35,4.59,4.59,4.59,4.2,0.0,0.0,39.34670974328661,-94.62488015218767,-0.9359572130507943,-141.80066962587188
2026-04-02,205,Lambagarh,Uttarakhand,47,Chamoli,30.66472222,79.5175,5.690543478260869,6.33,4.23,92,2026,4,92,2.0999999999999996,0.8989800123634865,0.7433384906309095,6.082621136720796,6.082621136720796,6.082621136720796,30.600287066103643,7.19,7.19,7.19,178.35,4.23,4.23,4.23,4.23,0.5544815420975148,0.5544815420975148,39.30954526848695,-0.7841553169198532,-0.1211107020921991,93.84072483526782
2026-04-03,206,Lambagarh,Uttarakhand,47,Chamoli,30.66472222,79.5175,5.43132530120482,5.76,4.2,83,2026,4,93,1.5599999999999996,0.9429384203480591,0.7732919254658384,5.865522524882137,5.865522524882137,5.865522524882137,27.004721099689526,7.19,7.19,7.19,178.35,4.2,4.2,4.2,4.2,0.5432497694893542,0.5432497694893542,37.124075117698695,-0.25921817705604866,-0.04555244644844891,0.5249371398638045
2026-04-05,207,Lambagarh,Uttarakhand,47,Chamoli,30.66472222,79.5175,6.527395833333333,7.12,5.86,96,2026,4,95,1.2599999999999998,0.9167690777153558,0.8977546558575237,5.979360567269077,6.030990851994936,6.030990851994936,29.857888638172057,7.12,7.19,7.19,178.35,4.2,4.2,4.2,4.2,0.5534129957004902,0.5534129957004902,39.81544688037372,1.096070532128513,0.20180535529429133,1.3552887091845616
2026-04-06,208,Lambagarh,Uttarakhand,47,Chamoli,30.66472222,79.5175,10.107473684210529,10.68,9.04,95,2026,4,96,1.6400000000000006,0.946392667060911,0.8943876860270146,8.317434758771931,6.846287418438055,6.846287418438055,22.555169339926447,10.68,10.68,10.68,178.35,5.86,4.2,4.2,4.2,1.8850044865005853,1.8850044865005853,38.51566461676199,3.5800778508771955,0.5484695493101364,2.4840073187486826
2026-04-07,209,Lambagarh,Uttarakhand,47,Chamoli,30.66472222,79.5175,80.74642105263158,145.98,49.88,95,2026,4,97,96.1,0.5531334501481818,0.6177363572248925,32.46043019005848,19.16297635747031,19.16297635747031,19.16297635747031,145.98,145.98,145.98,145.98,5.86,4.2,4.2,4.2,30.216676720919832,30.216676720919832,30.216676720919846,70.63894736842104,6.988783703564843,67.05886951754385
2026-04-08,210,Lambagarh,Uttarakhand,47,Chamoli,30.66472222,79.5175,98.5275,171.93,55.82,96,2026,4,98,116.11000000000001,0.5730675274821148,0.5665423358960696,63.12713157894737,34.50510989160686,30.500765449260264,30.500765449260264,171.93,171.93,171.93,171.93,9.04,4.2,4.2,4.2,43.10611700794954,40.75157899366021,40.75157899366022,17.781078947368428,0.22020888004161177,-52.857868421052615
2026-05-01,211,Lambagarh,Uttarakhand,47,Chamoli,30.66472222,79.5175,6.596666666666668,7.04,5.02,90,2026,5,121,2.0200000000000005,0.9370265151515152,0.7609903991915107,6.596666666666668,6.596666666666668,6.596666666666668,30.518189430901113,7.04,7.04,7.04,171.93,5.02,5.02,5.02,4.2,0.0,0.0,40.73961846784802,-91.93083333333334,-0.9330474571397156,-109.71191228070177
2026-05-02,212,Lambagarh,Uttarakhand,47,Chamoli,30.66472222,79.5175,5.627999999999999,5.93,5.17,95,2026,5,122,0.7599999999999998,0.9490725126475548,0.9186211798152097,6.112333333333334,6.112333333333334,6.112333333333334,30.509254648292423,7.04,7.04,7.04,171.93,5.02,5.02,5.02,4.2,0.6849507687093705,0.6849507687093705,40.74597739855032,-0.9686666666666683,-0.1468418393127845,90.96216666666668
2026-05-03,213,Lambagarh,Uttarakhand,47,Chamoli,30.66472222,79.5175,5.383373493975904,5.82,4.2,83,2026,5,123,1.62,0.924978263569743,0.7801799382301597,5.86934672021419,5.86934672021419,5.86934672021419,30.50240439011686,7.04,7.04,7.04,171.93,4.2,4.2,4.2,4.2,0.6416434058284363,0.6416434058284363,40.750899949040196,-0.24462650602409486,-0.04346597477329328,0.7240401606425735
2026-05-05,214,Lambagarh,Uttarakhand,47,Chamoli,30.66472222,79.5175,6.514193548387097,7.28,4.42,93,2026,5,125,2.8600000000000003,0.8948068060971287,0.678518371793602,5.9487835211815,6.030558427257417,6.030558427257417,30.500518349410253,7.28,7.28,7.28,171.93,4.2,4.2,4.2,4.2,0.615164773140694,0.615164773140694,40.752194785740265,1.1308200544111928,0.21005788576189288,1.3754465604352877
2026-05-06,215,Lambagarh,Uttarakhand,47,Chamoli,30.66472222,79.5175,10.04115789473684,10.75,8.97,95,2026,5,126,1.7799999999999994,0.9340611995104037,0.8933232694908327,8.27767572156197,6.832678320753301,6.832678320753301,30.491044665199727,10.75,10.75,10.75,171.93,4.42,4.2,4.2,4.2,1.8710431291913547,1.8710431291913547,40.7577330298028,3.526964346349742,0.5414276257147768,2.3961442919385494
2026-05-07,216,Lambagarh,Uttarakhand,47,Chamoli,30.66472222,79.5175,96.60364583333336,213.48,50.26,96,2026,5,127,163.22,0.452518483386422,0.5202702192701059,37.7196657588191,21.794506239516647,21.794506239516647,32.756362491014265,213.48,213.48,213.48,213.48,4.42,4.2,4.2,4.2,36.687033267043454,36.687033267043454,44.30295011580805,86.56248793859652,8.620767529606223,83.03552359224678
2026-05-08,217,Lambagarh,Uttarakhand,47,Chamoli,30.66472222,79.5175,102.38747368421052,188.8,50.4,95,2026,5,128,138.4,0.5423065343443354,0.49224771533524353,69.67742580409357,37.75964074244062,33.30778730304434,33.30778730304434,213.48,213.48,213.48,213.48,8.97,4.2,4.2,4.2,47.884508988537085,45.27145709549,45.27145709549001,5.7838278508771594,0.05987173466367701,-80.77866008771936
2026-06-01,218,Lambagarh,Uttarakhand,47,Chamoli,30.66472222,79.5175,6.574,7.14,5.51,95,2026,6,152,1.63,0.9207282913165267,0.838150289017341,6.574,6.574,6.574,37.91730740910729,7.14,7.14,7.14,213.48,5.51,5.51,5.51,4.2,0.0,0.0,47.75894409304938,-95.81347368421052,-0.9357929269719466,-101.59730153508768
2026-06-02,219,Lambagarh,Uttarakhand,47,Chamoli,30.66472222,79.5175,5.63,6.04,4.25,89,2026,6,153,1.79,0.9321192052980132,0.7548845470692718,6.102,6.102,6.102,37.95841182677797,7.14,7.14,7.14,213.48,4.25,4.25,4.25,4.25,0.6675088014401012,0.6675088014401012,47.72543751651152,-0.944,-0.14359598418010344,94.86947368421052
2026-06-03,220,Lambagarh,Uttarakhand,47,Chamoli,30.66472222,79.5175,5.294625,5.75,4.2,80,2026,6,154,1.5499999999999998,0.9208043478260869,0.7932573128408528,5.8328750000000005,5.8328750000000005,5.8328750000000005,33.29215656580969,7.14,7.14,7.14,213.48,4.2,4.2,4.2,4.2,0.6633768136398803,0.6633768136398803,45.28261685138095,-0.335375,-0.05956927175843696,0.608625
2026-06-05,221,Lambagarh,Uttarakhand,47,Chamoli,30.66472222,79.5175,6.398936170212766,7.02,5.34,94,2026,6,156,1.6799999999999997,0.9115293689761775,0.8345137157107232,5.846780585106383,5.974390292553191,5.974390292553191,37.14811344795944,7.02,7.14,7.14,213.48,4.2,4.2,4.2,4.2,0.6111346087584373,0.6111346087584373,48.331064489152936,1.1043111702127657,0.20857212176740858,1.4396861702127657
2026-06-06,222,Lambagarh,Uttarakhand,47,Chamoli,30.66472222,79.5175,10.046526315789473,10.71,9.26,95,2026,6,157,1.450000000000001,0.9380510098776351,0.9217116154313615,8.22273124300112,6.788817497200448,6.788817497200448,22.721926861702126,10.71,10.71,10.71,188.8,5.34,4.2,4.2,4.2,1.8964631530468672,1.8964631530468672,39.06483203752088,3.6475901455767072,0.5700307126919544,2.5432789753639415
2026-06-07,223,Lambagarh,Uttarakhand,47,Chamoli,30.66472222,79.5175,97.19086021505376,366.62,38.29,93,2026,6,158,328.33,0.26509972236935725,0.3939670861568248,37.878774233685334,21.855824616842668,21.855824616842668,21.855824616842664,366.62,366.62,366.62,366.62,5.34,4.2,4.2,4.2,36.94543922127313,36.94543922127313,36.94543922127313,87.14433389926428,8.674076109501172,83.49674375368758
2026-06-08,224,Lambagarh,Uttarakhand,47,Chamoli,30.66472222,79.5175,159.58449438202248,348.7,68.28,89,2026,6,159,280.41999999999996,0.45765556174941924,0.42786111686106193,88.94062697095524,47.35757368051308,41.53134886901121,41.53134886901121,366.62,366.62,366.62,366.62,9.26,4.2,4.2,4.2,65.81556727111219,62.02705067060954,62.02705067060955,62.393634166968724,0.6419701814441257,-24.75069973229556
2026-07-01,225,Lambagarh,Uttarakhand,47,Chamoli,30.66472222,79.5175,6.338924731182796,6.8,4.88,93,2026,7,182,1.92,0.9321948134092347,0.7698466549056859,6.338924731182796,6.338924731182796,6.338924731182796,41.49776668775161,6.8,6.8,6.8,366.62,4.88,4.88,4.88,4.2,0.0,0.0,62.04919106613847,-153.24556965083968,-0.9602785674402157,-215.6392038178084
2026-07-02,226,Lambagarh,Uttarakhand,47,Chamoli,30.66472222,79.5175,5.618372093023256,6.81,4.23,86,2026,7,183,2.579999999999999,0.8250179284909334,0.7528871228113747,5.978648412103025,5.978648412103025,5.978648412103025,41.4961055581835,6.81,6.81,6.81,366.62,4.23,4.23,4.23,4.2,0.5095076566444671,0.5095076566444671,62.05031147084695,-0.72055263815954,-0.11367111437921906,152.52501701268014
2026-07-03,227,Lambagarh,Uttarakhand,47,Chamoli,30.66472222,79.5175,5.317125,5.86,4.2,80,2026,7,184,1.6600000000000001,0.9073592150170647,0.7899005571620001,5.758140608068683,5.758140608068683,5.758140608068683,41.499319843897794,6.81,6.81,6.81,366.62,4.2,4.2,4.2,4.2,0.525042951585688,0.525042951585688,62.04812418475166,-0.3012470930232558,-0.05361821681360979,0.41930554513628415
2026-07-05,228,Lambagarh,Uttarakhand,47,Chamoli,30.66472222,79.5175,6.442,7.07,4.87,95,2026,7,186,2.2,0.9111739745403111,0.7559764048432164,5.8795625000000005,5.929105456051513,5.929105456051513,41.50547181958168,7.07,7.07,7.07,366.62,4.2,4.2,4.2,4.2,0.5483575332965178,0.5483575332965178,62.0440660132619,1.1248750000000003,0.2115569974375251,1.426122093023256
2026-07-06,229,Lambagarh,Uttarakhand,47,Chamoli,30.66472222,79.5175,9.911666666666669,10.57,9.02,96,2026,7,187,1.5500000000000007,0.9377168085777359,0.9100386749621655,8.176833333333335,6.725617698174544,6.725617698174544,41.48620615542128,10.57,10.57,10.57,366.62,4.87,4.2,4.2,4.2,1.8432798885415023,1.8432798885415023,62.05548248465116,3.4696666666666687,0.5386008485977443,2.3447916666666684
2026-07-07,230,Lambagarh,Uttarakhand,47,Chamoli,30.66472222,79.5175,69.00242105263159,104.26,38.83,95,2026,7,188,65.43,0.6618302422082446,0.5627338781400499,28.452029239766087,17.105084923917385,17.105084923917385,37.45928627507526,104.26,104.26,104.26,348.7,4.87,4.2,4.2,4.2,25.477797862837754,25.477797862837754,58.659921654005146,59.09075438596492,5.96173745276256,55.62108771929825
2026-07-08,231,Lambagarh,Uttarakhand,47,Chamoli,30.66472222,79.5175,97.48010416666666,156.83,52.59,96,2026,7,189,104.24000000000001,0.6215654158430571,0.539494704581811,58.798063961988305,32.29528149649803,28.587230530024424,28.587230530024424,156.83,156.83,156.83,156.83,9.02,4.2,4.2,4.2,40.510176502190035,38.25976338124147,38.25976338124146,28.477683114035074,0.4127055642339523,-30.613071271929847
2026-08-01,232,Lambagarh,Uttarakhand,47,Chamoli,30.66472222,79.5175,6.354946236559139,6.82,5.2,93,2026,8,213,1.62,0.9318102986157095,0.8182602663237509,6.354946236559139,6.354946236559139,6.354946236559139,32.41804385375401,6.82,6.82,6.82,156.83,5.2,5.2,5.2,4.2,0.0,0.0,40.41416849495142,-91.12515793010752,-0.9348077611232979,-119.6028410441426
2026-08-02,233,Lambagarh,Uttarakhand,47,Chamoli,30.66472222,79.5175,5.6196875,5.94,5.02,96,2026,8,214,0.9200000000000008,0.9460753367003367,0.8932881054329087,5.98731686827957,5.98731686827957,5.98731686827957,32.46847093708734,6.82,6.82,6.82,156.83,5.02,5.02,5.02,4.87,0.5199064385476205,0.5199064385476205,40.37375860355894,-0.735258736559139,-0.11569865569110493,90.38989919354839
2026-08-03,234,Lambagarh,Uttarakhand,47,Chamoli,30.66472222,79.5175,5.301463414634147,5.87,4.2,82,2026,8,215,1.67,0.9031453857979806,0.7922340817077659,5.758699050397762,5.758699050397762,5.758699050397762,28.587469862451172,6.82,6.82,6.82,156.83,4.2,4.2,4.2,4.2,0.5403236737185904,0.5403236737185904,38.25966769159569,-0.3182240853658538,-0.05662665145808443,0.4170346511932852
2026-08-05,235,Lambagarh,Uttarakhand,47,Chamoli,30.66472222,79.5175,6.5209375,7.16,5.31,96,2026,8,217,1.8500000000000005,0.9107454608938547,0.8143000910528586,5.911200457317073,5.9492586627983215,5.9492586627983215,31.713259978415255,7.16,7.16,7.16,156.83,4.2,4.2,4.2,4.2,0.5829965509619316,0.5829965509619316,40.91922295987628,1.219474085365853,0.2300259362348176,1.5376981707317068
2026-08-06,236,Lambagarh,Uttarakhand,47,Chamoli,30.66472222,79.5175,9.860531914893617,10.4,8.79,94,2026,8,218,1.6100000000000012,0.9481280687397708,0.8914326403348832,8.190734707446808,6.73151331321738,6.73151331321738,21.85627845545893,10.4,10.4,10.4,156.83,5.31,4.2,4.2,4.2,1.8205838141476356,1.8205838141476356,37.08372613407744,3.339594414893617,0.5121340934326724,2.120120329527764
2026-08-07,237,Lambagarh,Uttarakhand,47,Chamoli,30.66472222,79.5175,74.52252631578948,98.48,57.44,95,2026,8,219,41.040000000000006,0.7567275214844585,0.7707736551576068,30.3013319102277,18.03001548031273,18.03001548031273,18.03001548031273,98.48,98.48,98.48,98.48,5.31,4.2,4.2,4.2,27.72342921895881,27.72342921895881,27.72342921895879,64.66199440089586,6.557657838237775,61.322399986002246
2026-08-08,238,Lambagarh,Uttarakhand,47,Chamoli,30.66472222,79.5175,56.12294117647059,76.83,43.47,51,2026,8,220,33.36,0.7304821186576935,0.7745495707952079,46.835333135717896,26.324681303631305,23.47186200833528,23.47186200833528,98.48,98.48,98.48,98.48,8.79,4.2,4.2,4.2,30.80551086353376,29.11676999870304,29.116769998703024,-18.399585139318887,-0.24689964295293176,-83.06157954021475
2026-09-01,239,Lambagarh,Uttarakhand,47,Chamoli,30.66472222,79.5175,6.378279569892473,6.82,5.12,93,2026,9,244,1.7000000000000002,0.9352316084886323,0.8027242995380829,6.378279569892473,6.378279569892473,6.378279569892473,26.451113315280054,6.82,6.82,6.82,98.48,5.12,5.12,5.12,4.2,0.0,0.0,30.70493042236165,-49.74466160657812,-0.886351651638554,-31.345076467259233
2026-09-02,240,Lambagarh,Uttarakhand,47,Chamoli,30.66472222,79.5175,6.226385542168674,8.08,4.22,83,2026,9,245,3.8600000000000003,0.7705922700703804,0.6777607925849959,6.302332556030573,6.302332556030573,6.302332556030573,26.60526700320247,8.08,8.08,8.08,98.48,4.22,4.22,4.22,4.22,0.10740529702523557,0.10740529702523557,30.57957849163366,-0.15189402772379879,-0.023814263087618026,49.59276757885432
2026-09-03,241,Lambagarh,Uttarakhand,47,Chamoli,30.66472222,79.5175,5.265714285714286,5.8,4.18,84,2026,9,246,1.62,0.9078817733990149,0.7938144329896907,5.9567931325918115,5.9567931325918115,5.9567931325918115,23.556759472132732,8.08,8.08,8.08,98.48,4.18,4.18,4.18,4.18,0.6032913295960058,0.6032913295960058,29.057058312463585,-0.960671256454388,-0.1542903583384242,-0.8087772287305892
2026-09-05,242,Lambagarh,Uttarakhand,47,Chamoli,30.66472222,79.5175,6.505106382978724,7.15,5.23,94,2026,9,248,1.92,0.9098050885284928,0.8039837770654805,5.8854103343465045,6.093871445188539,6.093871445188539,25.836825545502368,7.15,8.08,8.08,98.48,4.18,4.18,4.18,4.18,0.5637394262552602,0.5637394262552602,31.137233699726274,1.2393920972644379,0.23537017582341457,2.200063353718826
2026-09-06,243,Lambagarh,Uttarakhand,47,Chamoli,30.66472222,79.5175,9.836947368421052,10.5,9.07,95,2026,9,249,1.4299999999999997,0.9368521303258145,0.9220340071267296,8.171026875699889,6.842486629835042,6.842486629835042,15.055895720940967,10.5,10.5,10.5,76.83,5.23,4.18,4.18,4.18,1.7436958103271754,1.7436958103271754,20.179021617767543,3.3318409854423283,0.5121885468561176,2.0924488881778904
2026-09-07,244,Lambagarh,Uttarakhand,47,Chamoli,30.66472222,79.5175,73.62115789473684,101.7,44.02,95,2026,9,250,57.68,0.723905190705377,0.5979259394825001,29.98773721537887,17.972265173985342,17.972265173985342,17.972265173985342,101.7,101.7,101.7,101.7,5.23,4.18,4.18,4.18,27.306852669506462,27.306852669506462,27.306852669506444,63.78421052631579,6.484146772105167,60.45236954087346
2026-10-01,245,Lambagarh,Uttarakhand,47,Chamoli,30.66472222,79.5175,6.391264367816092,6.86,4.85,87,2026,10,274,2.0100000000000007,0.9316711906437452,0.7588482842960937,6.391264367816092,6.391264367816092,6.391264367816092,17.974429306972613,6.86,6.86,6.86,101.7,4.85,4.85,4.85,4.18,0.0,0.0,27.30575054069896,-67.22989352692075,-0.9131871251338605,-131.01410405323654
2026-10-02,246,Lambagarh,Uttarakhand,47,Chamoli,30.66472222,79.5175,7.676,9.05,6.84,95,2026,10,275,2.210000000000001,0.8481767955801105,0.8910891089108911,7.033632183908046,7.033632183908046,7.033632183908046,18.216031716611166,9.05,9.05,9.05,101.7,4.85,4.85,4.85,4.18,0.9084452775492277,0.9084452775492277,27.187169571322837,1.2847356321839083,0.20101431551686932,68.51462915910466
2026-10-03,247,Lambagarh,Uttarakhand,47,Chamoli,30.66472222,79.5175,5.340999999999999,5.93,4.2,80,2026,10,276,1.7299999999999995,0.9006745362563237,0.7863695937090434,6.469421455938697,6.469421455938697,6.469421455938697,18.228579335658782,9.05,9.05,9.05,101.7,4.2,4.2,4.2,4.2,1.1694604088287275,1.1694604088287275,27.18001369383614,-2.335000000000001,-0.304194893173528,-3.619735632183909
2026-10-05,248,Lambagarh,Uttarakhand,47,Chamoli,30.66472222,79.5175,6.516808510638298,7.08,5.37,94,2026,10,278,1.71,0.9204531794686861,0.8240229847530118,5.928904255319148,6.481268219613598,6.481268219613598,18.230529690268714,7.08,9.05,9.05,101.7,4.2,4.2,4.2,4.2,0.9551543409925148,0.9551543409925148,27.17900460630552,1.1758085106382987,0.2201476335214938,3.5108085106382996
2026-10-06,249,Lambagarh,Uttarakhand,47,Chamoli,30.66472222,79.5175,10.205416666666666,12.2,8.9,96,2026,10,279,3.299999999999999,0.8365095628415301,0.872085902094476,8.361112588652482,7.22609790902421,7.22609790902421,18.291941239976314,12.2,12.2,12.2,101.7,5.37,4.2,4.2,4.2,1.8595957067263815,1.8595957067263815,27.156653120460966,3.6886081560283683,0.5660145069487521,2.5127996453900696
2026-10-07,250,Lambagarh,Uttarakhand,47,Chamoli,30.66472222,79.5175,69.011875,97.32,54.24,96,2026,10,280,43.07999999999999,0.709123253185368,0.7859516930962969,28.57803339243499,17.52372742418684,17.52372742418684,17.52372742418684,97.32,97.32,97.32,97.32,5.37,4.2,4.2,4.2,25.2787167147241,25.2787167147241,25.27871671472408,58.80645833333334,5.7622790184950805,55.11785017730497
2026-11-01,251,Lambagarh,Uttarakhand,47,Chamoli,30.66472222,79.5175,6.44554347826087,6.79,5.13,92,2026,11,305,1.6600000000000001,0.9492700262534418,0.7958987504005126,6.44554347826087,6.44554347826087,6.44554347826087,19.504128731113166,6.79,6.79,6.79,97.32,5.13,5.13,5.13,4.2,0.0,0.0,27.736592875888732,-62.56633152173913,-0.9066024002642897,-121.37278985507247
2026-11-02,252,Lambagarh,Uttarakhand,47,Chamoli,30.66472222,79.5175,7.352842105263158,8.24,6.1,95,2026,11,306,2.1400000000000006,0.8923352069494124,0.8296111779190287,6.8991927917620135,6.8991927917620135,6.8991927917620135,19.906497152165798,8.24,8.24,8.24,97.32,5.13,5.13,5.13,5.13,0.6415570117145624,0.6415570117145624,27.493291849692092,0.9072986270022882,0.14076371217762618,63.47363014874142
2026-11-03,253,Lambagarh,Uttarakhand,47,Chamoli,30.66472222,79.5175,5.253058823529412,5.84,4.2,85,2026,11,307,1.6399999999999997,0.8994963738920226,0.7995341649683098,6.350481469017812,6.350481469017812,6.350481469017812,17.464257430726402,8.24,8.24,8.24,97.32,4.2,4.2,4.2,4.2,1.053114450932628,1.053114450932628,25.307945126535557,-2.099783281733746,-0.2855743740547241,-3.0070819087360343
2026-11-05,254,Lambagarh,Uttarakhand,47,Chamoli,30.66472222,79.5175,6.468421052631579,7.08,5.63,95,2026,11,309,1.4500000000000002,0.9136187927445734,0.8703824247355573,5.860739938080496,6.379966364921255,6.379966364921255,18.906348091937005,7.08,8.24,8.24,97.32,4.2,4.2,4.2,4.2,0.8618840607574977,0.8618840607574977,28.01978459865832,1.2153622291021673,0.23136276785219634,3.3151455108359134
2026-11-06,255,Lambagarh,Uttarakhand,47,Chamoli,30.66472222,79.5175,10.136315789473684,12.01,9.3,95,2026,11,310,2.709999999999999,0.8439896577413559,0.9174931200996937,8.302368421052632,7.131236249831741,7.131236249831741,7.131236249831741,12.01,12.01,12.01,12.01,5.63,4.2,4.2,4.2,1.8382506087331916,1.8382506087331916,1.8382506087328712,3.667894736842105,0.5670463791700568,2.452532507739938
2026-11-07,256,Lambagarh,Uttarakhand,47,Chamoli,30.66472222,79.5175,68.57526315789474,100.51,40.77,95,2026,11,311,59.74,0.6822730390796412,0.5945292532983353,28.393333333333334,17.371907401175573,17.371907401175573,17.371907401175573,100.51,100.51,100.51,100.51,5.63,4.2,4.2,4.2,25.13824588192663,25.13824588192663,25.13824588192661,58.438947368421054,5.765304532945636,54.77105263157895
2026-12-01,257,Lambagarh,Uttarakhand,47,Chamoli,30.66472222,79.5175,6.473404255319149,6.81,5.94,94,2026,12,335,0.8699999999999992,0.9505733120879809,0.9176006573541495,6.473404255319149,6.473404255319149,6.473404255319149,17.376550864018622,6.81,6.81,6.81,100.51,5.94,5.94,5.94,4.2,0.0,0.0,25.135826395703756,-62.101858902575586,-0.9056014668086053,-120.54080627099664
2026-12-02,258,Lambagarh,Uttarakhand,47,Chamoli,30.66472222,79.5175,7.370736842105264,8.14,6.9,95,2026,12,336,1.2400000000000002,0.9054959265485581,0.9361343577732713,6.922070548712206,6.922070548712206,6.922070548712206,17.379533320158973,8.14,8.14,8.14,100.51,5.94,5.94,5.94,4.2,0.634509957096128,0.634509957096128,25.134400197996722,0.8973325867861144,0.1386183453704104,62.9991914893617
2026-12-03,259,Lambagarh,Uttarakhand,47,Chamoli,30.66472222,79.5175,5.8341379310344825,6.77,4.35,87,2026,12,337,2.42,0.8617633576121836,0.745611442756664,6.5594263428196316,6.5594263428196316,6.5594263428196316,17.476379838076483,8.14,8.14,8.14,100.51,4.35,4.35,4.35,4.35,0.7719027808146781,0.7719027808146781,25.07938939468384,-1.5365989110707812,-0.20847290358990633,-2.4339314978568956
2026-12-05,260,Lambagarh,Uttarakhand,47,Chamoli,30.66472222,79.5175,6.473829787234042,7.07,5.7,94,2026,12,339,1.37,0.9156760660868517,0.8804680053899498,6.153983859134263,6.538027203923234,6.538027203923234,17.47728129384356,7.07,8.14,8.14,100.51,4.35,4.35,4.35,4.35,0.631707443839038,0.631707443839038,25.078914682156423,0.6396918561995593,0.10964633743003271,2.1762907672703404
2026-12-06,261,Lambagarh,Uttarakhand,47,Chamoli,30.66472222,79.5175,10.07578947368421,10.65,9.59,95,2026,12,340,1.0600000000000005,0.9460835186557943,0.9517864605098203,8.274809630459126,7.24557965787543,7.24557965787543,17.467193574545316,10.65,10.65,10.65,100.51,5.7,4.35,4.35,4.35,1.674049908581015,1.674049908581015,25.08246999092976,3.6019596864501686,0.5563877650217173,2.9622678302506094
2026-12-07,262,Lambagarh,Uttarakhand,47,Chamoli,30.66472222,79.5175,59.26989473684211,94.32,37.75,95,2026,12,341,56.56999999999999,0.6283915896611759,0.6369169401702115,25.273171332586788,15.91629883770321,15.91629883770321,15.91629883770321,94.32,94.32,94.32,94.32,5.7,4.35,4.35,4.35,21.29155187039536,21.29155187039536,21.291551870395335,49.1941052631579,4.88240702047639,45.592145576707736
2026-01-01,263,Marchula_1,Uttarakhand,51,Nainital,29.60611111,79.09277778,6.5109375,9.22,4.25,96,2026,1,1,4.970000000000001,0.7061754338394793,0.6527477801775858,6.5109375,6.5109375,6.5109375,6.5109375,9.22,9.22,9.22,9.22,4.25,4.25,4.25,4.25,0.0,0.0,0.0,,0.0,
2026-01-02,264,Marchula_1,Uttarakhand,51,Nainital,29.60611111,79.09277778,11.196451612903225,15.31,9.47,93,2026,1,2,5.84,0.7313162385958997,0.8458036820421218,8.853694556451613,8.853694556451613,8.853694556451613,8.853694556451613,15.31,15.31,15.31,15.31,4.25,4.25,4.25,4.25,3.3131588025791405,3.3131588025791405,3.3131588025791405,4.685514112903225,0.7196373967501954,
2026-01-03,265,Marchula_1,Uttarakhand,51,Nainital,29.60611111,79.09277778,8.09561797752809,13.49,4.89,89,2026,1,3,8.600000000000001,0.6001199390309926,0.6040304784111254,8.601002363477106,8.601002363477106,8.601002363477106,8.601002363477106,15.31,15.31,15.31,15.31,4.25,4.25,4.25,4.25,2.383289881387621,2.383289881387621,2.383289881387621,-3.1008336353751353,-0.27694788872231757,-7.78634774827836
2026-01-04,266,Marchula_1,Uttarakhand,51,Nainital,29.60611111,79.09277778,8.058518518518518,12.95,4.8,81,2026,1,4,8.149999999999999,0.6222794222794222,0.5956429818917179,9.116862702983278,8.465381402237458,8.465381402237458,8.465381402237458,15.31,15.31,15.31,15.31,4.8,4.25,4.25,4.25,1.964761042211837,1.964761042211837,1.964761042211837,-0.037099459009571234,-0.004582659299457115,3.063734176365564
2026-01-05,267,Marchula_1,Uttarakhand,51,Nainital,29.60611111,79.09277778,7.394022988505747,12.02,4.69,87,2026,1,5,7.329999999999999,0.6151433434696961,0.6342961074493223,7.849386494850784,8.251109719491115,8.251109719491115,8.251109719491115,13.49,15.31,15.31,15.31,4.69,4.25,4.25,4.25,1.7677036614997867,1.7677036614997867,1.7677036614997867,-0.6644955300127711,-0.08245877061469264,-0.6273960710031998
2026-01-06,268,Marchula_1,Uttarakhand,51,Nainital,29.60611111,79.09277778,9.13967741935484,13.6,6.38,93,2026,1,6,7.22,0.6720351043643265,0.6980552712384851,8.197406308793035,8.39920433613507,8.39920433613507,8.39920433613507,13.6,15.31,15.31,15.31,4.69,4.25,4.25,4.25,1.6221630869851897,1.6221630869851897,1.6221630869851897,1.7456544308490924,0.23608993825996616,2.4101499608618635
2026-01-08,269,Marchula_1,Uttarakhand,51,Nainital,29.60611111,79.09277778,87.47252631578947,99.22,77.16,95,2026,1,8,22.060000000000002,0.8816017568614137,0.8821055393031677,48.30610186757215,21.892802472099984,19.695393190371412,19.695393190371412,99.22,99.22,99.22,99.22,6.38,4.69,4.25,4.25,32.15499531558989,29.923569684247145,29.923569684247145,78.33284889643463,8.57063606321065,76.58719446558554
2026-01-09,270,Marchula_1,Uttarakhand,51,Nainital,29.60611111,79.09277778,217.87202127659572,305.2,121.63,94,2026,1,9,183.57,0.7138663868826859,0.558263513081318,152.6722737961926,56.33873074938206,44.46747170114945,44.46747170114945,305.2,305.2,305.2,305.2,77.16,4.69,4.25,4.25,85.25729183001704,75.3442092433694,75.3442092433694,130.39949496080624,1.4907480148686196,52.06664606437161
2026-02-01,271,Marchula_1,Uttarakhand,51,Nainital,29.60611111,79.09277778,6.275208333333333,8.93,4.05,96,2026,2,32,4.88,0.7027108995893989,0.6453968991733343,6.275208333333333,6.275208333333333,6.275208333333333,49.186798975660814,8.93,8.93,8.93,305.2,4.05,4.05,4.05,4.05,0.0,0.0,80.09612395009503,-211.5968129432624,-0.9711977320604799,-341.99630790406866
2026-02-02,272,Marchula_1,Uttarakhand,51,Nainital,29.60611111,79.09277778,10.556451612903226,13.88,7.68,93,2026,2,33,6.200000000000001,0.7605512689411545,0.7275171886936592,8.41582997311828,8.41582997311828,8.41582997311828,49.538346637857266,13.88,13.88,13.88,305.2,4.05,4.05,4.05,4.05,3.0272961548932056,3.0272961548932056,79.89085044839652,4.281243279569893,0.6822471943805148,215.8780562228323
2026-02-03,273,Marchula_1,Uttarakhand,51,Nainital,29.60611111,79.09277778,8.342988505747126,13.48,4.79,87,2026,2,34,8.690000000000001,0.6189160612572052,0.574134795547228,8.391549483994561,8.391549483994561,8.391549483994561,49.57898520746135,13.88,13.88,13.88,305.2,4.05,4.05,4.05,4.05,2.1410347104079968,2.1410347104079968,79.86630259646212,-2.2134631071561,-0.20967870533793465,-6.494706386725993
2026-02-04,274,Marchula_1,Uttarakhand,51,Nainital,29.60611111,79.09277778,8.390597014925373,13.04,4.61,67,2026,2,35,8.43,0.6434506913286329,0.5494245512923138,9.09667904452524,8.391311366727264,8.391311366727264,49.721352925521295,13.88,13.88,13.88,305.2,4.61,4.05,4.05,4.05,1.7481475855641886,1.7481475855641886,79.77941270266432,0.04760850917824655,0.005706409537236112,2.2610716163343465
2026-02-05,275,Marchula_1,Uttarakhand,51,Nainital,29.60611111,79.09277778,8.08788888888889,13.16,5.25,90,2026,2,36,7.91,0.614581222559946,0.6491187097305986,8.273824803187129,8.33062687115959,8.33062687115959,49.57109742116902,13.48,13.88,13.88,305.2,4.61,4.05,4.05,4.05,1.5200092189513001,1.5200092189513001,79.8695217744519,-0.30270812603648345,-0.036077066446883355,-0.35031663521473
2026-02-06,276,Marchula_1,Uttarakhand,51,Nainital,29.60611111,79.09277778,8.248842105263158,11.85,5.72,95,2026,2,37,6.13,0.6961048190095492,0.6934306569343065,8.242442669692473,8.316996076843518,8.316996076843518,44.40581550668079,13.16,13.88,13.88,305.2,4.61,4.05,4.05,4.05,1.35994750335433,1.35994750335433,75.37423843464751,0.16095321637426885,0.019900522693305778,0.4636613424107523
2026-02-08,277,Marchula_1,Uttarakhand,51,Nainital,29.60611111,79.09277778,97.91270833333334,124.86,74.68,96,2026,2,39,50.17999999999999,0.7841799482086604,0.7627201950717156,53.080775219298246,23.589912743510183,21.11638354205635,21.11638354205635,124.86,124.86,124.86,124.86,5.72,4.61,4.05,4.05,36.422240849722314,33.88674446941996,33.88674446941996,89.66386622807019,10.869873017797289,89.50291301169592
2026-02-09,278,Marchula_1,Uttarakhand,51,Nainital,29.60611111,79.09277778,204.50322916666667,259.75,160.99,96,2026,2,40,98.75999999999999,0.7873079082451075,0.7872247331057833,151.20796875000002,55.91437566913743,44.03973924513264,44.03973924513264,259.75,259.75,259.75,259.75,74.68,4.61,4.05,4.05,81.14607775139412,72.0285280377962,72.02852803779622,106.59052083333333,1.0886280509212072,16.92665460526314
2026-03-01,279,Marchula_1,Uttarakhand,51,Nainital,29.60611111,79.09277778,6.494270833333334,10.72,4.12,96,2026,3,60,6.6000000000000005,0.6058088463930349,0.634405325206512,6.494270833333334,6.494270833333334,6.494270833333334,39.868020532710496,10.72,10.72,10.72,259.75,4.12,4.12,4.12,4.05,0.0,0.0,68.52900391819732,-198.00895833333334,-0.9682436758588266,-304.5994791666667
2026-03-02,280,Marchula_1,Uttarakhand,51,Nainital,29.60611111,79.09277778,10.0303125,12.38,6.13,96,2026,3,61,6.250000000000001,0.8102029483037156,0.6111474592641056,8.262291666666668,8.262291666666668,8.262291666666668,36.884249729439446,12.38,12.38,12.38,259.75,4.12,4.12,4.12,4.05,2.5003590410581813,2.5003590410581813,65.29510357918049,3.5360416666666667,0.5444863260886998,201.54500000000002
2026-03-03,281,Marchula_1,Uttarakhand,51,Nainital,29.60611111,79.09277778,8.058181818181819,12.84,4.89,88,2026,3,62,7.95,0.6275842537524781,0.6068366425992779,8.19425505050505,8.19425505050505,8.19425505050505,37.06254707792429,12.84,12.84,12.84,259.75,4.12,4.12,4.12,4.12,1.771943737965984,1.771943737965984,65.20460603987209,-1.9721306818181823,-0.1966170726802562,-5.508172348484849
2026-03-04,282,Marchula_1,Uttarakhand,51,Nainital,29.60611111,79.09277778,8.426911764705881,20.96,4.6,68,2026,3,63,16.36,0.40204731701841034,0.5458701987679528,8.8384686942959,8.25241922905526,8.25241922905526,36.84959309310456,20.96,20.96,20.96,259.75,4.6,4.12,4.12,4.12,1.4514551412325003,1.4514551412325003,65.30419321089117,0.36872994652406277,0.045758454555107075,2.340860628342245
2026-03-05,283,Marchula_1,Uttarakhand,51,Nainital,29.60611111,79.09277778,8.985862068965517,14.9,5.93,87,2026,3,64,8.97,0.6030779912057393,0.6599255535515561,8.490318550617738,8.399107797037312,8.399107797037312,36.9138804494264,20.96,20.96,20.96,259.75,4.6,4.12,4.12,4.12,1.2990878338822276,1.2990878338822276,65.27332152927107,0.5589503042596355,0.06632919862774234,0.19022035773557278
2026-03-06,284,Marchula_1,Uttarakhand,51,Nainital,29.60611111,79.09277778,8.067941176470589,13.12,5.09,68,2026,3,65,8.03,0.6149345408895266,0.6308920564325033,8.493571670047329,8.34391336027619,8.34391336027619,36.88161486558092,20.96,20.96,20.96,259.75,4.6,4.12,4.12,4.12,1.1697785752906054,1.1697785752906054,65.28906547479413,-0.9179208924949283,-0.10215167843107154,-1.4768711967545638
2026-03-08,285,Marchula_1,Uttarakhand,51,Nainital,29.60611111,79.09277778,110.95177083333334,146.4,93.85,96,2026,3,67,52.55000000000001,0.7578672871129326,0.8458630204377464,59.50985600490196,25.753496693609524,23.002178713570068,51.49235427722116,146.4,146.4,146.4,259.75,5.09,4.6,4.12,4.12,41.74501550189702,38.79682358693433,70.95788271333586,102.88382965686276,12.752178952037234,103.80175054935769
2026-03-09,286,Marchula_1,Uttarakhand,51,Nainital,29.60611111,79.09277778,182.23729166666664,234.43,159.4,96,2026,3,68,75.03,0.7773633565101166,0.8746837628138223,146.59453125,54.45465988805396,42.90656783270714,64.56684801616572,234.43,234.43,234.43,259.75,93.85,4.6,4.12,4.12,74.84737878104606,66.78056247372699,78.64475947854888,71.2855208333333,0.6424910598354949,-31.598308823529464
2026-04-01,287,Marchula_1,Uttarakhand,51,Nainital,29.60611111,79.09277778,6.475208333333334,10.04,4.07,96,2026,4,91,5.969999999999999,0.644941069057105,0.6285512049161868,6.475208333333334,6.475208333333334,6.475208333333334,47.60045252309387,10.04,10.04,10.04,234.43,4.07,4.07,4.07,4.07,0.0,0.0,70.69160394894338,-175.7620833333333,-0.9644682585319735,-247.0476041666666
2026-04-02,288,Marchula_1,Uttarakhand,51,Nainital,29.60611111,79.09277778,10.526979166666669,14.75,6.51,96,2026,4,92,8.24,0.7136935028248589,0.6184110272217218,8.50109375,8.50109375,8.50109375,47.95313785859172,14.75,14.75,14.75,234.43,4.07,4.07,4.07,4.07,2.86503463206387,2.86503463206387,70.46724742606034,4.051770833333335,0.625735980180818,179.81385416666663
2026-04-03,289,Marchula_1,Uttarakhand,51,Nainital,29.60611111,79.09277778,7.693250000000001,11.61,4.87,80,2026,4,93,6.739999999999999,0.6626399655469424,0.6330224547492932,8.231812500000002,8.231812500000002,8.231812500000002,47.8483290350623,14.75,14.75,14.75,234.43,4.07,4.07,4.07,4.07,2.078881645565078,2.078881645565078,70.53634628776928,-2.833729166666668,-0.2691873064249597,-6.885500000000003
2026-04-04,290,Marchula_1,Uttarakhand,51,Nainital,29.60611111,79.09277778,8.056708860759494,13.69,5.72,79,2026,4,94,7.97,0.5885105084557702,0.7099673202614378,8.758979342475387,8.188036590189874,8.188036590189874,47.71559286246144,14.75,14.75,14.75,234.43,4.87,4.07,4.07,4.07,1.6996562158165185,1.6996562158165185,70.62248845201863,0.3634588607594935,0.04724386452532969,3.1971880274261615
2026-04-05,291,Marchula_1,Uttarakhand,51,Nainital,29.60611111,79.09277778,12.060752688172045,17.99,8.09,93,2026,4,95,9.899999999999999,0.6704142683808808,0.6707707395355056,9.270237182977182,8.962579809786309,8.962579809786309,48.285994506990214,17.99,17.99,17.99,234.43,4.87,4.07,4.07,4.07,2.2729297028475925,2.2729297028475925,70.2641078222266,4.00404382741255,0.4969825640485035,3.6405849666530568
2026-04-06,292,Marchula_1,Uttarakhand,51,Nainital,29.60611111,79.09277778,8.075,11.94,5.77,94,2026,4,96,6.17,0.6762981574539363,0.7145510835913312,9.39748718297718,8.81464984148859,8.81464984148859,43.259620193616435,17.99,17.99,17.99,234.43,5.72,4.07,4.07,4.07,2.0650102179875187,2.0650102179875187,66.5872978638429,-3.9857526881720453,-0.33047296393705716,-7.989796515584596
2026-04-08,293,Marchula_1,Uttarakhand,51,Nainital,29.60611111,79.09277778,139.73697916666666,186.27,96.39,96,2026,4,98,89.88000000000001,0.7501851031656555,0.6897959335805737,73.90598958333332,31.02494498037748,27.517839745085457,27.517839745085457,186.27,186.27,186.27,186.27,5.77,4.87,4.07,4.07,53.285497847768966,49.51988230994073,49.51988230994075,131.66197916666667,16.304889060887515,135.64773185483872
2026-04-09,294,Marchula_1,Uttarakhand,51,Nainital,29.60611111,79.09277778,233.50192307692308,282.81,175.14,52,2026,4,99,107.67000000000002,0.8256494575047667,0.7500580624438935,186.61945112179487,68.18743563208687,53.26585016156516,53.265850161565155,282.81,282.81,282.81,282.81,96.39,4.87,4.07,4.07,96.42321006106525,86.05569187346275,86.05569187346275,93.76494391025642,0.6710102398765998,-37.89703525641025
2026-05-01,295,Marchula_1,Uttarakhand,51,Nainital,29.60611111,79.09277778,6.441666666666666,9.59,4.24,96,2026,5,121,5.35,0.6717066388599235,0.6582147477360932,6.441666666666666,6.441666666666666,6.441666666666666,53.26165745323183,9.59,9.59,9.59,282.81,4.24,4.24,4.24,4.24,0.0,0.0,86.05829800064784,-227.06025641025641,-0.972412789660218,-320.82520032051286
2026-05-02,296,Marchula_1,Uttarakhand,51,Nainital,29.60611111,79.09277778,10.570208333333332,17.51,6.14,96,2026,5,122,11.370000000000001,0.6036669522177802,0.580877860338609,8.505937499999998,8.505937499999998,8.505937499999998,53.26706109906516,17.51,17.51,17.51,282.81,4.24,4.24,4.24,4.24,2.9193198089112107,2.9193198089112107,86.0552326370219,4.128541666666665,0.6409120310478653,231.1887980769231
2026-05-03,297,Marchula_1,Uttarakhand,51,Nainital,29.60611111,79.09277778,7.141282051282051,9.56,4.85,78,2026,5,123,4.710000000000001,0.7469960304688338,0.6791497612293993,8.05105235042735,8.05105235042735,8.05105235042735,53.19806510547541,17.51,17.51,17.51,282.81,4.24,4.24,4.24,4.24,2.209519307735483,2.209519307735483,86.09720304116264,-3.4289262820512807,-0.32439533582683544,-7.557467948717946
2026-05-04,298,Marchula_1,Uttarakhand,51,Nainital,29.60611111,79.09277778,6.979130434782609,13.28,4.62,69,2026,5,124,8.66,0.5255369303300157,0.6619735858460005,8.23020693979933,7.783071871516165,7.783071871516165,53.0633678022283,17.51,17.51,17.51,282.81,4.62,4.24,4.24,4.24,1.881994827077676,1.881994827077676,86.17871906032727,-0.16215161649944232,-0.022706233325475722,3.2667746655518384
2026-05-05,299,Marchula_1,Uttarakhand,51,Nainital,29.60611111,79.09277778,10.964736842105264,16.46,7.09,95,2026,5,125,9.370000000000001,0.6661444010999552,0.6466183458935343,8.361716442723308,8.419404865633984,8.419404865633984,52.92636582146996,16.46,17.51,17.51,282.81,4.62,4.24,4.24,4.24,2.163568070081248,2.163568070081248,86.25405287234338,3.9856064073226554,0.5710749275381328,4.147758023822098
2026-05-06,300,Marchula_1,Uttarakhand,51,Nainital,29.60611111,79.09277778,9.447111111111113,15.43,6.61,90,2026,5,126,8.82,0.6122560668250884,0.6996847948814452,9.130326129332994,8.590689239880172,8.590689239880172,53.09787971035884,16.46,17.51,17.51,282.81,4.62,4.24,4.24,4.24,1.9801140008255904,1.9801140008255904,86.1534318165142,-1.5176257309941512,-0.13840968122156616,-5.503232138316807
2026-05-08,301,Marchula_1,Uttarakhand,51,Nainital,29.60611111,79.09277778,152.89260416666667,198.62,117.64,96,2026,5,128,80.98,0.7697744646393448,0.7694289769030412,81.16985763888889,32.999178823213505,29.205248515135388,54.74233283535885,198.62,198.62,198.62,282.81,6.61,4.62,4.24,4.24,58.75947996427559,54.570942405318874,88.14591503573342,143.44549305555557,15.18405905979488,144.96311878654973
2026-06-01,302,Marchula_1,Uttarakhand,51,Nainital,29.60611111,79.09277778,6.658124999999999,10.26,4.22,96,2026,6,152,6.04,0.6489400584795321,0.6338120717168872,6.658124999999999,6.658124999999999,6.658124999999999,32.34716493432462,10.26,10.26,10.26,198.62,4.22,4.22,4.22,4.22,0.0,0.0,59.078971038727836,-146.23447916666666,-0.95645227552837,-289.6799722222222
2026-06-02,303,Marchula_1,Uttarakhand,51,Nainital,29.60611111,79.09277778,10.607604166666668,16.51,5.98,96,2026,6,153,10.530000000000001,0.6424957096709065,0.5637465261752084,8.632864583333333,8.632864583333333,8.632864583333333,32.92488528688872,16.51,16.51,16.51,198.62,4.22,4.22,4.22,4.22,2.7927035009049965,2.7927035009049965,58.79947874020083,3.949479166666669,0.5931818892956604,150.18395833333332
2026-06-03,304,Marchula_1,Uttarakhand,51,Nainital,29.60611111,79.09277778,6.969333333333334,9.54,4.65,75,2026,6,154,4.889999999999999,0.7305380852550666,0.6672087239334226,8.078354166666667,8.078354166666667,8.078354166666667,32.923252436647175,16.51,16.51,16.51,198.62,4.22,4.22,4.22,4.22,2.1959148044856005,2.1959148044856005,58.80034348023415,-3.6382708333333342,-0.34298704742077724,-7.587750000000003
2026-06-04,305,Marchula_1,Uttarakhand,51,Nainital,29.60611111,79.09277778,10.08547619047619,14.54,5.53,84,2026,6,155,9.009999999999998,0.6936366018209209,0.5483132274133007,9.220804563492065,8.580134672619048,8.580134672619048,32.776708994709,16.51,16.51,16.51,198.62,4.65,4.22,4.22,4.22,2.0547090443632148,2.0547090443632148,58.867071837895516,3.1161428571428553,0.4471220858728029,6.75441369047619
2026-06-05,306,Marchula_1,Uttarakhand,51,Nainital,29.60611111,79.09277778,10.53621052631579,16.39,7.32,95,2026,6,156,9.07,0.6428438393115186,0.6947469378783944,9.197006683375106,8.971349843358396,8.971349843358396,32.95822556390977,16.39,16.51,16.51,198.62,4.65,4.22,4.22,4.22,1.982830928703727,1.982830928703727,58.782365857394026,0.4507343358396003,0.04469142828032591,-2.665408521303255
2026-06-06,307,Marchula_1,Uttarakhand,51,Nainital,29.60611111,79.09277778,8.051318681318682,14.82,5.29,91,2026,6,157,9.530000000000001,0.5432738651362133,0.6570352273192569,9.557668466036887,8.818011316351777,8.818011316351777,29.400096009253904,16.39,16.51,16.51,198.62,5.29,4.22,4.22,4.22,1.8128350770675818,1.8128350770675818,54.48021764507228,-2.484891844997108,-0.23584303282387087,-2.9356261808367083
2026-06-07,308,Marchula_1,Uttarakhand,51,Nainital,29.60611111,79.09277778,32.00282608695652,38.16,20.92,46,2026,6,158,17.239999999999995,0.8386484823625923,0.6536922690251542,16.863451764863665,12.130127712152454,12.130127712152454,12.130127712152454,38.16,38.16,38.16,38.16,5.29,4.22,4.22,4.22,8.917928439340264,8.917928439340264,8.91792843934026,23.951507405637834,2.9748552198302685,26.436399250634942
2026-06-08,309,Marchula_1,Uttarakhand,51,Nainital,29.60611111,79.09277778,230.95936842105263,298.38,172.54,95,2026,6,159,125.84,0.7740444011698259,0.7470578101229015,90.33783772977596,44.173162486588545,39.48378280076498,39.48378280076498,298.38,298.38,298.38,298.38,5.29,4.65,4.22,4.22,82.81120890169105,77.80711838668263,77.80711838668263,198.95654233409613,6.216842906107764,175.0050349284583
2026-07-01,310,Marchula_1,Uttarakhand,51,Nainital,29.60611111,79.09277778,6.635368421052632,10.22,3.79,95,2026,7,182,6.430000000000001,0.6492532701617056,0.5711815470524779,6.635368421052632,6.635368421052632,6.635368421052632,39.48093822839655,10.22,10.22,10.22,298.38,3.79,3.79,3.79,3.79,0.0,0.0,77.80849031339736,-224.324,-0.9712704080097935,-423.28054233409614
2026-07-02,311,Marchula_1,Uttarakhand,51,Nainital,29.60611111,79.09277778,10.351666666666668,16.67,6.18,96,2026,7,183,10.490000000000002,0.6209758048390323,0.5970053131540813,8.49351754385965,8.49351754385965,8.49351754385965,39.44894604089655,16.67,16.67,16.67,298.38,3.79,3.79,3.79,3.79,2.6278196903853557,2.6278196903853557,77.8221094253028,3.7162982456140368,0.5600741375298774,228.04029824561405
2026-07-03,312,Marchula_1,Uttarakhand,51,Nainital,29.60611111,79.09277778,7.030405405405405,10.62,5.02,74,2026,7,184,5.6,0.6619967425052171,0.7140413262854396,8.005813497708235,8.005813497708235,8.005813497708235,39.45658004990556,16.67,16.67,16.67,298.38,3.79,3.79,3.79,3.79,2.0411476851237094,2.0411476851237094,77.81847106926254,-3.321261261261263,-0.3208431422889644,-7.0375595068753
2026-07-04,313,Marchula_1,Uttarakhand,51,Nainital,29.60611111,79.09277778,9.045128205128204,15.44,4.6,78,2026,7,185,10.84,0.5858243656171117,0.5085610613448237,8.80906675906676,8.265642174563228,8.265642174563228,39.326536551737064,16.67,16.67,16.67,298.38,4.6,3.79,3.79,3.79,1.745728027764381,1.745728027764381,77.87541373226308,2.014722799722799,0.2865727768947375,5.335984060984062
2026-07-05,314,Marchula_1,Uttarakhand,51,Nainital,29.60611111,79.09277778,8.6846875,14.4,5.46,96,2026,7,186,8.940000000000001,0.6031032986111111,0.6286927422546867,8.253407036844537,8.349451239650582,8.349451239650582,39.095096173447594,15.44,16.67,16.67,298.38,4.6,3.79,3.79,3.79,1.5234154250058218,1.5234154250058218,77.97588635622078,-0.3604407051282035,-0.03984915381562515,-2.3751635048510025
2026-07-06,315,Marchula_1,Uttarakhand,51,Nainital,29.60611111,79.09277778,7.627619047619047,13.64,4.97,84,2026,7,187,8.670000000000002,0.5592096075967042,0.6515794730927706,8.452478250915751,8.229145874311993,8.229145874311993,39.04213371923513,15.44,16.67,16.67,298.38,4.6,3.79,3.79,3.79,1.3940860559133512,1.3940860559133512,78.00012410867333,-1.0570684523809541,-0.12171634873228931,-0.6966277472527507
2026-07-07,316,Marchula_1,Uttarakhand,51,Nainital,29.60611111,79.09277778,26.691875,33.49,21.98,96,2026,7,188,11.510000000000002,0.7970103015825619,0.8234715620390101,14.334727182539686,10.866678606553137,10.866678606553137,38.37826483336557,33.49,33.49,33.49,298.38,4.97,3.79,3.79,3.79,7.093350102143607,7.093350102143607,78.09114344340416,19.064255952380954,2.4993718004744667,20.121324404761907
2026-07-08,317,Marchula_1,Uttarakhand,51,Nainital,29.60611111,79.09277778,167.17958333333334,228.47,133.04,96,2026,7,189,95.43,0.7317353846602763,0.7957909533410927,67.16635912698413,33.80156645116467,30.405791697400662,30.40579169740066,228.47,228.47,228.47,228.47,4.97,4.6,3.79,3.79,59.21099324893515,55.6537796882752,55.6537796882752,140.48770833333333,5.2633135863753795,121.42345238095237
2026-07-09,318,Marchula_1,Uttarakhand,51,Nainital,29.60611111,79.09277778,229.45197916666663,244.5,214.83,96,2026,7,190,29.669999999999987,0.9384539025221539,0.9362743384486316,141.1078125,65.1016110940218,52.52203474954133,52.52203474954133,244.5,244.5,244.5,244.5,21.98,4.6,3.79,3.79,93.01163633517581,84.33462607413654,84.33462607413654,62.27239583333329,0.37248804304752103,-78.21531250000004
2026-08-01,319,Marchula_1,Uttarakhand,51,Nainital,29.60611111,79.09277778,6.843333333333334,10.37,4.49,96,2026,8,213,5.879999999999999,0.6599164255866282,0.6561130053580126,6.843333333333334,6.843333333333334,6.843333333333334,57.819326373935745,10.37,10.37,10.37,244.5,4.49,4.49,4.49,4.49,0.0,0.0,88.54116114970668,-222.6086458333333,-0.9701753135528086,-284.8810416666666
2026-08-02,320,Marchula_1,Uttarakhand,51,Nainital,29.60611111,79.09277778,10.0528125,15.02,6.02,96,2026,8,214,9.0,0.6692951065246339,0.5988373900338835,8.448072916666668,8.448072916666668,8.448072916666668,58.19712726076007,15.02,15.02,15.02,244.5,4.49,4.49,4.49,4.49,2.2694444828269487,2.2694444828269487,88.29960686743813,3.209479166666666,0.4689935460301997,225.81812499999995
2026-08-03,321,Marchula_1,Uttarakhand,51,Nainital,29.60611111,79.09277778,6.879859154929578,9.98,4.49,71,2026,8,215,5.49,0.6893646447825228,0.65262963948656,7.925334996087638,7.925334996087638,7.925334996087638,57.92646862948524,15.02,15.02,15.02,244.5,4.49,4.49,4.49,4.49,1.8425400758601433,1.8425400758601433,88.47493669035175,-3.1729533450704217,-0.3156284219038624,-6.382432511737088
2026-08-04,322,Marchula_1,Uttarakhand,51,Nainital,29.60611111,79.09277778,11.83282608695652,18.0,6.81,92,2026,8,216,11.190000000000001,0.65737922705314,0.5755176278223807,9.588499247295365,8.902207768804857,8.902207768804857,58.31998595285481,18.0,18.0,18.0,244.5,4.49,4.49,4.49,4.49,2.4658516332237133,2.4658516332237133,88.23129747875849,4.952966932026941,0.7199227223246316,8.125920277097363
2026-08-05,323,Marchula_1,Uttarakhand,51,Nainital,29.60611111,79.09277778,8.456000000000001,14.46,5.13,95,2026,8,217,9.330000000000002,0.5847856154910097,0.606669820245979,9.056228413962033,8.812966215043886,8.812966215043886,58.42353357190242,18.0,18.0,18.0,244.5,4.49,4.49,4.49,4.49,2.144793342583943,2.144793342583943,88.16376664178705,-3.376826086956518,-0.2853778177876575,-8.329793018983459
2026-08-06,324,Marchula_1,Uttarakhand,51,Nainital,29.60611111,79.09277778,8.245531914893617,11.31,6.17,47,2026,8,218,5.140000000000001,0.7290479146678706,0.7482840480982609,9.511452667283379,8.718393831685509,8.718393831685509,56.11774068626413,18.0,18.0,18.0,244.5,5.13,4.49,4.49,4.49,1.9322976996514867,1.9322976996514867,89.34551590569828,-0.2104680851063847,-0.024889792467642446,3.166358001850133
2026-08-07,325,Marchula_1,Uttarakhand,51,Nainital,29.60611111,79.09277778,22.88223404255319,30.35,18.98,94,2026,8,219,11.370000000000001,0.7539451084861017,0.8294644642085053,13.194588652482269,10.741799576095177,10.741799576095177,38.080572024916606,30.35,30.35,30.35,244.5,5.13,4.49,4.49,4.49,5.63654808480353,5.63654808480353,77.50161184530874,14.636702127659573,1.7751070857201836,14.847170212765958
2026-08-08,326,Marchula_1,Uttarakhand,51,Nainital,29.60611111,79.09277778,117.9002105263158,136.89,102.87,95,2026,8,220,34.01999999999998,0.8612770145833576,0.8725175259720084,49.67599216125421,26.607067746521246,24.136600944872754,24.136600944872754,136.89,136.89,136.89,136.89,6.17,4.49,4.49,4.49,40.61281387560557,38.24392286658689,38.24392286658686,95.01797648376261,4.152478132469995,80.38127435610303
2026-08-09,327,Marchula_1,Uttarakhand,51,Nainital,29.60611111,79.09277778,220.81315789473683,229.31,210.55,19,2026,8,221,18.75999999999999,0.9629460463771176,0.9535210764041999,120.53186748786861,56.71568851719793,45.98955171707988,45.98955171707988,229.31,229.31,229.31,229.31,18.98,4.49,4.49,4.49,82.65658138372929,74.68424230565532,74.6842423056553,102.91294736842103,0.8728817947738137,7.89497088465842
2026-09-01,328,Marchula_1,Uttarakhand,51,Nainital,29.60611111,79.09277778,6.810842105263157,10.08,5.02,95,2026,9,244,5.0600000000000005,0.6756787802840434,0.7370601054046952,6.810842105263157,6.810842105263157,6.810842105263157,50.477582715706085,10.08,10.08,10.08,229.31,5.02,5.02,5.02,4.49,0.0,0.0,78.53283631681383,-214.00231578947367,-0.9691556328880097,-316.9152631578947
2026-09-02,329,Marchula_1,Uttarakhand,51,Nainital,29.60611111,79.09277778,9.627604166666666,11.71,6.45,96,2026,9,245,5.260000000000001,0.8221694420723028,0.6699486069786313,8.219223135964912,8.219223135964912,8.219223135964912,50.82105084217322,11.71,11.71,11.71,229.31,5.02,5.02,5.02,5.02,1.9917515546074194,1.9917515546074194,78.32064145429736,2.8167620614035087,0.41357030714701537,216.8190778508772
2026-09-03,330,Marchula_1,Uttarakhand,51,Nainital,29.60611111,79.09277778,6.708108108108108,9.19,4.68,74,2026,9,246,4.51,0.7299355939181837,0.6976631748589847,7.715518126679311,7.715518126679311,7.715518126679311,50.18046109481717,11.71,11.71,11.71,229.31,4.68,4.68,4.68,4.68,1.656711603381457,1.656711603381457,78.70509817394158,-2.9194960585585576,-0.30324221976913346,-5.736258119962066
2026-09-04,331,Marchula_1,Uttarakhand,51,Nainital,29.60611111,79.09277778,14.6015625,21.51,10.42,96,2026,9,247,11.090000000000002,0.6788267085076708,0.7136222578919208,10.312424924924926,9.437029220009483,9.437029220009483,50.948656407317166,21.51,21.51,21.51,229.31,4.68,4.68,4.68,4.68,3.6992157730643243,3.6992157730643243,78.26845170788863,7.893454391891892,1.1767035153102334,10.81295045045045
2026-09-05,332,Marchula_1,Uttarakhand,51,Nainital,29.60611111,79.09277778,7.001609195402299,12.88,4.72,87,2026,9,248,8.16,0.5436031984007996,0.6741307417014151,9.437093267836802,8.949945215088047,8.949945215088047,50.79316606738075,21.51,21.51,21.51,229.31,4.68,4.68,4.68,4.68,3.3836965202301235,3.3836965202301235,78.36658036662878,-7.599953304597701,-0.5204890438675793,-15.493407696489593
2026-09-06,333,Marchula_1,Uttarakhand,51,Nainital,29.60611111,79.09277778,8.080571428571428,10.67,5.5,35,2026,9,249,5.17,0.7573169098942294,0.680644933173043,9.894581041324576,8.805049584001944,8.805049584001944,48.94295824063303,21.51,21.51,21.51,229.31,4.72,4.68,4.68,4.68,3.0472102284320646,3.0472102284320646,79.2889885083875,1.078962233169129,0.15410203612587292,8.67891553776683
2026-09-07,334,Marchula_1,Uttarakhand,51,Nainital,29.60611111,79.09277778,128.86797752808988,206.78,29.63,89,2026,9,250,177.15,0.6232129680244215,0.22992523486714475,47.98338605068787,25.956896433157365,25.956896433157365,50.3139291158548,206.78,206.78,206.78,229.31,4.72,4.68,4.68,4.68,45.464699062441795,45.464699062441795,80.73331359390782,120.78740609951845,14.947879264136716,119.70844386634931
2026-09-08,335,Marchula_1,Uttarakhand,51,Nainital,29.60611111,79.09277778,98.67947916666668,107.34,88.95,96,2026,9,251,18.39,0.9193169290727286,0.9014032172764727,78.54267604110933,39.08098744192929,35.04721927484603,35.04721927484603,206.78,206.78,206.78,206.78,5.5,4.68,4.68,4.68,51.83072360175657,49.32361858109513,49.323618581095076,-30.1884983614232,-0.23425911495229979,-150.97590446094165
2026-09-09,336,Marchula_1,Uttarakhand,51,Nainital,29.60611111,79.09277778,159.050625,189.55,134.77,96,2026,9,252,54.78,0.8390958849907676,0.8473402729476858,128.86602723158552,60.42713327526263,48.8253754665298,48.8253754665298,206.78,206.78,206.78,206.78,29.63,4.68,4.68,4.68,66.40048946905424,61.94558276078762,61.94558276078759,60.371145833333316,0.6117902763893621,90.55964419475652
2026-10-01,337,Marchula_1,Uttarakhand,51,Nainital,29.60611111,79.09277778,6.6325,10.25,4.52,96,2026,10,274,5.73,0.6470731707317073,0.6814926498303806,6.6325,6.6325,6.6325,48.805559677056124,10.25,10.25,10.25,206.78,4.52,4.52,4.52,4.52,0.0,0.0,61.96072947961492,-152.418125,-0.958299440822694,-212.78927083333332
2026-10-02,338,Marchula_1,Uttarakhand,51,Nainital,29.60611111,79.09277778,9.861894736842103,16.17,5.78,95,2026,10,275,10.39,0.6098883572567781,0.5860942703441211,8.247197368421052,8.247197368421052,8.247197368421052,48.831591962631165,16.17,16.17,16.17,206.78,4.52,4.52,4.52,4.52,2.2835269175491972,2.2835269175491972,61.94225811496819,3.229394736842103,0.48690459658380747,155.6475197368421
2026-10-03,339,Marchula_1,Uttarakhand,51,Nainital,29.60611111,79.09277778,6.434444444444445,7.46,4.71,72,2026,10,276,2.75,0.8625260649389336,0.7319979278190295,7.642946393762183,7.642946393762183,7.642946393762183,48.801184888890766,16.17,16.17,16.17,206.78,4.52,4.52,4.52,4.52,1.9242155057878647,1.9242155057878647,61.965583822167126,-3.4274502923976584,-0.3475448059279498,-6.656845029239761
2026-10-04,340,Marchula_1,Uttarakhand,51,Nainital,29.60611111,79.09277778,11.534375,16.19,7.03,96,2026,10,277,9.16,0.7124382334774552,0.6094825250609591,9.276904727095516,8.615803545321636,8.615803545321636,48.46038627777965,16.19,16.19,16.19,206.78,4.71,4.52,4.52,4.52,2.5008413966445637,2.5008413966445637,62.18523164896967,5.099930555555556,0.7925984285960974,8.527380847953214
2026-10-05,341,Marchula_1,Uttarakhand,51,Nainital,29.60611111,79.09277778,6.301964285714286,8.22,4.57,56,2026,10,278,3.6500000000000004,0.7666623218630517,0.7251707234139015,8.090261243386244,8.153035693400167,8.153035693400167,48.38264795448098,16.19,16.19,16.19,206.78,4.57,4.52,4.52,4.52,2.4002971049931316,2.4002971049931316,62.24394773827489,-5.232410714285715,-0.45363625807949837,-10.33234126984127
2026-10-06,342,Marchula_1,Uttarakhand,51,Nainital,29.60611111,79.09277778,8.0725,14.04,5.16,48,2026,10,279,8.879999999999999,0.5749643874643875,0.6392071848869619,8.636279761904762,8.139613077833472,8.139613077833472,48.38175112908416,16.19,16.19,16.19,206.78,4.57,4.52,4.52,4.52,2.147142741748353,2.147142741748353,62.2446010599855,1.7705357142857139,0.2809498172338556,7.002946428571429
2026-10-07,343,Marchula_1,Uttarakhand,51,Nainital,29.60611111,79.09277778,90.48520833333332,128.07,65.99,96,2026,10,280,62.08,0.7065293068894614,0.7292904687460429,34.9532242063492,19.903269542904876,19.903269542904876,44.11699899633342,128.07,128.07,128.07,189.55,4.57,4.52,4.52,4.52,31.185367492229155,31.185367492229155,57.146848514099844,82.41270833333331,10.209068855166716,80.6421726190476
2026-10-08,344,Marchula_1,Uttarakhand,51,Nainital,29.60611111,79.09277778,96.51697916666666,110.03,88.91,96,2026,10,281,21.120000000000005,0.877187850283256,0.9211850678259331,65.02489583333333,32.74390942385726,29.479983245875104,43.876721218555645,128.07,128.07,128.07,189.55,5.16,4.57,4.52,4.52,41.58231960809658,39.58916845602581,56.89274167190251,6.03177083333334,0.06666029668753426,-76.38093749999997
2026-11-01,345,Marchula_1,Uttarakhand,51,Nainital,29.60611111,79.09277778,7.6515625,11.6,4.99,96,2026,11,305,6.609999999999999,0.6596174568965517,0.6521543802327956,7.6515625,7.6515625,7.6515625,32.42814767573696,11.6,11.6,11.6,128.07,4.99,4.99,4.99,4.57,0.0,0.0,41.79289645298334,-88.86541666666666,-0.9207231456468691,-94.8971875
2026-11-02,346,Marchula_1,Uttarakhand,51,Nainital,29.60611111,79.09277778,9.392421052631578,13.17,6.03,95,2026,11,306,7.14,0.7131678855452982,0.6420069933204825,8.521991776315788,8.521991776315788,8.521991776315788,32.85071576262083,13.17,13.17,13.17,128.07,4.99,4.99,4.99,4.57,1.2309728876523875,1.2309728876523875,41.50019941807568,1.740858552631578,0.22751673957202567,90.60627521929824
2026-11-03,347,Marchula_1,Uttarakhand,51,Nainital,29.60611111,79.09277778,6.898205128205127,11.08,4.59,78,2026,11,307,6.49,0.6225816902712209,0.6653904768984872,7.980729560278903,7.980729560278903,7.980729560278903,32.188405780935845,13.17,13.17,13.17,128.07,4.59,4.59,4.59,4.57,1.2792738114239322,1.2792738114239322,41.931839838756396,-2.4942159244264506,-0.2655562299059856,-4.235074477058029
2026-11-04,348,Marchula_1,Uttarakhand,51,Nainital,29.60611111,79.09277778,9.74625,15.11,6.11,96,2026,11,308,9.0,0.6450198544010589,0.6269077850455304,8.678958726945568,8.422109670209176,8.422109670209176,32.68044659726238,15.11,15.11,15.11,128.07,4.59,4.59,4.59,4.59,1.367586656181241,1.367586656181241,41.59631980362856,2.8480448717948725,0.412867524067948,5.342260796221323
2026-11-05,349,Marchula_1,Uttarakhand,51,Nainital,29.60611111,79.09277778,6.419636363636363,9.92,4.79,55,2026,11,309,5.13,0.6471407624633431,0.746148181715192,7.688030497280497,8.021615008894614,8.021615008894614,32.444323220639,15.11,15.11,15.11,128.07,4.59,4.59,4.59,4.59,1.4848231596156736,1.4848231596156736,41.76364400984093,-3.3266136363636365,-0.3413224200450057,-6.174658508158509
2026-11-06,350,Marchula_1,Uttarakhand,51,Nainital,29.60611111,79.09277778,8.484516129032258,11.81,5.13,62,2026,11,310,6.680000000000001,0.718417961814755,0.6046308265531138,8.216800830889541,8.098765195584221,8.098765195584221,20.72993862002457,15.11,15.11,15.11,110.03,4.79,4.59,4.59,4.59,1.341444281400575,1.341444281400575,33.441371909379384,2.0648797653958946,0.32165058087904774,5.391493401759531
2026-11-07,351,Marchula_1,Uttarakhand,51,Nainital,29.60611111,79.09277778,115.94747368421052,183.21,63.5,95,2026,11,311,119.71000000000001,0.6328665121129333,0.5476617815144971,43.61720872562638,23.50572355110226,23.50572355110226,23.50572355110226,183.21,183.21,183.21,183.21,4.79,4.59,4.59,4.59,40.7813697785409,40.7813697785409,40.78136977854082,107.46295755517826,12.66577326519096,105.39807778978236
2026-11-08,352,Marchula_1,Uttarakhand,51,Nainital,29.60611111,79.09277778,94.00833333333333,101.71,88.24,96,2026,11,312,13.469999999999999,0.924278176514928,0.9386401914723872,72.8134410488587,35.84240509872131,32.318549773881145,32.318549773881145,183.21,183.21,183.21,183.21,5.13,4.59,4.59,4.59,47.66659960654532,45.24222342636339,45.242223426363324,-21.939140350877196,-0.1892161998339842,-129.40209790605547
2026-12-01,353,Marchula_1,Uttarakhand,51,Nainital,29.60611111,79.09277778,9.258645833333334,13.25,5.88,96,2026,12,335,7.37,0.6987657232704403,0.6350820741874148,9.258645833333334,9.258645833333334,9.258645833333334,32.51943519054781,13.25,13.25,13.25,183.21,5.88,5.88,5.88,4.59,0.0,0.0,45.12045391884656,-84.7496875,-0.9015124988919422,-62.8105471491228
2026-12-02,354,Marchula_1,Uttarakhand,51,Nainital,29.60611111,79.09277778,9.746631578947367,15.36,5.93,95,2026,12,336,9.43,0.6345463267543859,0.6084153229725789,9.50263870614035,9.50263870614035,9.50263870614035,32.563711506337285,15.36,15.36,15.36,183.21,5.88,5.88,5.88,4.59,0.34505802984605616,0.34505802984605616,45.09468396157343,0.48798574561403285,0.05270595229565522,85.23767324561402
2026-12-03,355,Marchula_1,Uttarakhand,51,Nainital,29.60611111,79.09277778,7.781447368421053,12.22,4.86,76,2026,12,337,7.36,0.6367796537169438,0.6245624714655303,8.928908260233918,8.928908260233918,8.928908260233918,32.67411678636428,15.36,15.36,15.36,183.21,4.86,4.86,4.86,4.79,1.0232460093548388,1.0232460093548388,45.023896091342365,-1.9651842105263144,-0.20162701284114337,-2.4531699561403473
2026-12-04,356,Marchula_1,Uttarakhand,51,Nainital,29.60611111,79.09277778,8.931170212765958,15.66,5.16,94,2026,12,338,10.5,0.5703173826798185,0.577751837337558,8.819749720044793,8.929473748366927,8.929473748366927,32.57223181296003,15.66,15.66,15.66,183.21,4.86,4.86,4.86,4.79,0.8354776335811647,0.8354776335811647,45.08407372731369,1.1497228443449048,0.14775179859350462,3.114907054871219
2026-12-05,357,Marchula_1,Uttarakhand,51,Nainital,29.60611111,79.09277778,6.421489361702128,9.25,4.72,47,2026,12,339,4.53,0.6942150661299598,0.7350319737583247,7.711368980963047,8.427876871033968,8.427876871033968,32.57246343771825,15.66,15.66,15.66,183.21,4.72,4.72,4.72,4.72,1.3347337914024913,1.3347337914024913,45.083920175182875,-2.5096808510638295,-0.28100246566531273,-3.6594036954087343
2026-12-06,358,Marchula_1,Uttarakhand,51,Nainital,29.60611111,79.09277778,13.91858695652174,20.06,9.34,92,2026,12,340,10.719999999999999,0.6938478044128484,0.671045130455834,9.75708217699661,9.342995218615263,9.342995218615263,33.25172229115443,20.06,20.06,20.06,183.21,4.72,4.72,4.72,4.72,2.5396576492922933,2.5396576492922933,44.70852550536285,7.4970975948196115,1.1675013649531882,10.006778445883441
2026-12-07,359,Marchula_1,Uttarakhand,51,Nainital,29.60611111,79.09277778,107.46385416666668,134.11,88.92,96,2026,12,341,45.19000000000001,0.8013112681132404,0.8274410097193532,42.60131016163018,23.36026078262261,23.36026078262261,32.19126985146144,134.11,134.11,134.11,134.11,4.72,4.72,4.72,4.72,37.158592833820876,37.158592833820876,42.51356508570821,93.54526721014494,6.7208882268262915,86.04816961532534
2026-12-08,360,Marchula_1,Uttarakhand,51,Nainital,29.60611111,79.09277778,89.32916666666667,100.19,78.62,96,2026,12,342,21.569999999999993,0.8915976311674485,0.8801156770371753,70.23720259661836,34.79890661595594,31.606374018128115,31.606374018128115,134.11,134.11,134.11,134.11,9.34,4.72,4.72,4.72,43.82105429698322,41.56316295528622,41.563162955286145,-18.134687500000013,-0.16875150850140508,-111.67995471014495
2026-01-01,92,Koteshwar,Uttarakhand,55,Tehri Garhwal,30.26527778,78.50333333,209.0841052631579,485.29,135.98,95,2026,1,1,349.31000000000006,0.430843630124581,0.6503602931884876,209.0841052631579,209.0841052631579,209.0841052631579,209.0841052631579,485.29,485.29,485.29,485.29,135.98,135.98,135.98,135.98,0.0,0.0,0.0,,0.0,
2026-01-02,93,Koteshwar,Uttarakhand,55,Tehri Garhwal,30.26527778,78.50333333,214.9097894736842,669.57,135.96,95,2026,1,2,533.61,0.32096687347653596,0.6326375375126798,211.99694736842105,211.99694736842105,211.99694736842105,211.99694736842105,669.57,669.57,669.57,669.57,135.96,135.96,135.96,135.96,4.119380810314559,4.119380810314559,4.119380810314559,5.825684210526305,0.027862874622602174,
2026-01-03,94,Koteshwar,Uttarakhand,55,Tehri Garhwal,30.26527778,78.50333333,297.3205263157895,708.58,149.08,95,2026,1,3,559.5,0.419600505681489,0.5014117318010511,240.4381403508772,240.4381403508772,240.4381403508772,240.4381403508772,708.58,708.58,708.58,708.58,135.96,135.96,135.96,135.96,49.3476344309039,49.3476344309039,49.3476344309039,82.41073684210528,0.38346664916442297,76.58505263157898
2026-01-04,95,Koteshwar,Uttarakhand,55,Tehri Garhwal,30.26527778,78.50333333,220.4675789473684,509.4,157.16,95,2026,1,4,352.24,0.43279854524414685,0.7128485773299047,244.23263157894735,235.44549999999998,235.44549999999998,235.44549999999998,708.58,708.58,708.58,708.58,135.96,135.96,135.96,135.96,41.5110248003698,41.5110248003698,41.5110248003698,-76.8529473684211,-0.25848517194804843,-159.26368421052638
2026-01-05,96,Koteshwar,Uttarakhand,55,Tehri Garhwal,30.26527778,78.50333333,229.7733333333333,509.36,140.97,96,2026,1,5,368.39,0.45110203654258935,0.6135176695874195,249.1871461988304,234.31106666666665,234.31106666666665,234.31106666666665,708.58,708.58,708.58,708.58,140.97,135.96,135.96,135.96,36.0389869436084,36.0389869436084,36.0389869436084,9.305754385964917,0.04220917393113144,86.15870175438602
2026-01-06,97,Koteshwar,Uttarakhand,55,Tehri Garhwal,30.26527778,78.50333333,112.38273684210527,154.11,7.58,95,2026,1,6,146.53,0.7292371477652668,0.06744808155588608,187.541216374269,213.98967836257307,213.98967836257307,213.98967836257307,509.4,708.58,708.58,708.58,7.58,7.58,7.58,7.58,59.30261208051266,59.30261208051266,59.30261208051266,-117.39059649122804,-0.5108973908688043,-126.69635087719296
2026-01-07,98,Koteshwar,Uttarakhand,55,Tehri Garhwal,30.26527778,78.50333333,133.698,175.98,114.9,95,2026,1,7,61.079999999999984,0.7597340606887147,0.8593995422519409,158.61802339181287,202.51943859649123,202.51943859649123,202.51943859649123,509.36,708.58,708.58,708.58,7.58,7.58,7.58,7.58,62.061512241347934,62.061512241347934,62.061512241347934,21.315263157894734,0.18966670288375442,138.70585964912277
2026-01-08,99,Koteshwar,Uttarakhand,55,Tehri Garhwal,30.26527778,78.50333333,471.5167708333333,708.75,307.41,96,2026,1,8,401.34,0.6652793944738389,0.6519598432452364,239.1991692251462,240.00981939223058,236.1441051260965,236.1441051260965,708.75,708.75,708.75,708.75,7.58,7.58,7.58,7.58,119.4344709779695,111.11410285109024,111.11410285109024,337.81877083333325,2.526730174223498,316.5035076754385
2026-02-01,100,Koteshwar,Uttarakhand,55,Tehri Garhwal,30.26527778,78.50333333,204.9074736842105,483.59,140.48,95,2026,2,32,343.11,0.42372148655722924,0.6855777267377677,204.9074736842105,204.9074736842105,204.9074736842105,238.58091713659147,483.59,483.59,483.59,708.75,140.48,140.48,140.48,7.58,0.0,0.0,119.84394574294306,-266.60929714912277,-0.565429086812611,-604.428067982456
2026-02-02,101,Koteshwar,Uttarakhand,55,Tehri Garhwal,30.26527778,78.50333333,198.52631578947367,499.55,141.07,95,2026,2,33,358.48,0.3974103008497121,0.710585896076352,201.71689473684208,201.71689473684208,201.71689473684208,224.46745848997492,499.55,499.55,499.55,708.75,140.48,140.48,140.48,7.58,4.5121600191904765,4.5121600191904765,117.56922030956075,-6.381157894736816,-0.031141655206637475,260.22813925438595
2026-02-03,102,Koteshwar,Uttarakhand,55,Tehri Garhwal,30.26527778,78.50333333,287.6633684210526,685.66,148.32,95,2026,2,34,537.3399999999999,0.4195422927122081,0.5156026671526148,230.36571929824558,230.36571929824558,230.36571929824558,234.06685698621553,685.66,685.66,685.66,708.75,140.48,140.48,140.48,7.58,49.72368892459229,49.72368892459229,119.90816918265851,89.13705263157894,0.4489936373276777,95.51821052631576
2026-02-04,103,Koteshwar,Uttarakhand,55,Tehri Garhwal,30.26527778,78.50333333,197.5328125,498.92,142.22,96,2026,2,35,356.70000000000005,0.3959208139581496,0.7199816486185048,227.90749890350878,222.1574925986842,222.1574925986842,229.46106829573935,685.66,685.66,685.66,708.75,141.07,140.48,140.48,7.58,43.79265656536475,43.79265656536475,120.71704053650697,-90.1305559210526,-0.31331954574462395,-179.26760855263154
2026-02-05,104,Koteshwar,Uttarakhand,55,Tehri Garhwal,30.26527778,78.50333333,232.05010638297875,522.02,139.84,94,2026,2,36,382.17999999999995,0.4445234021358928,0.6026284675310861,239.08209576801048,224.13601535554312,224.13601535554312,246.5564068015784,685.66,685.66,685.66,708.75,139.84,139.84,139.84,114.9,38.182723033932916,38.182723033932916,109.30785004381099,34.51729388297875,0.17474207675233067,124.64784980403135
2026-02-06,105,Koteshwar,Uttarakhand,55,Tehri Garhwal,30.26527778,78.50333333,117.6066304347826,169.12,7.12,92,2026,2,37,162.0,0.6954034439142774,0.06054080432096313,182.3965164392538,206.3811178687497,206.3811178687497,244.25763972083308,522.02,685.66,685.66,708.75,7.12,7.12,7.12,7.12,55.29696717929551,55.29696717929551,112.20759853638633,-114.44347594819615,-0.49318432872992113,-148.9607698311749
2026-02-07,106,Koteshwar,Uttarakhand,55,Tehri Garhwal,30.26527778,78.50333333,135.22935483870967,175.84,116.9,93,2026,2,38,58.94,0.7690477413484399,0.8644572780771498,161.6286972188237,196.2165802930297,196.2165802930297,196.21658029302966,522.02,685.66,685.66,685.66,7.12,7.12,7.12,7.12,57.19574796189811,57.19574796189811,57.19574796189814,17.622724403927066,0.14984465024443971,132.06620035212322
2026-02-08,107,Koteshwar,Uttarakhand,55,Tehri Garhwal,30.26527778,78.50333333,438.4326041666666,699.77,138.09,96,2026,2,39,561.68,0.6265381542030476,0.3149628898208177,230.4228631467196,229.57731321909483,226.49358327723428,226.49358327723428,699.77,699.77,699.77,699.77,7.12,7.12,7.12,7.12,108.3440681295731,100.68561285579966,100.68561285579966,303.2032493279569,2.2421407666226947,285.5805249240298
2026-03-01,108,Koteshwar,Uttarakhand,55,Tehri Garhwal,30.26527778,78.50333333,204.8984375,480.72,138.39,96,2026,3,60,342.33000000000004,0.4262323961973706,0.6754077858695237,204.8984375,204.8984375,204.8984375,224.09412263531937,480.72,480.72,480.72,699.77,138.39,138.39,138.39,7.12,0.0,0.0,94.45745210928762,-233.53416666666658,-0.5326569339215714,-536.7374159946235
2026-03-02,109,Koteshwar,Uttarakhand,55,Tehri Garhwal,30.26527778,78.50333333,206.29715789473684,505.77,140.78,95,2026,3,61,364.99,0.407887296389143,0.6824136669484948,205.59779769736843,205.59779769736843,205.59779769736843,222.3144261612611,505.77,505.77,505.77,699.77,138.39,138.39,138.39,7.12,0.989044676102335,0.989044676102335,89.23299142656867,1.3987203947368414,0.006826408301609632,234.93288706140342
2026-03-03,110,Koteshwar,Uttarakhand,55,Tehri Garhwal,30.26527778,78.50333333,285.9337894736842,645.59,136.29,95,2026,3,62,509.30000000000007,0.4429030645977853,0.476648808281343,232.37646162280703,232.37646162280703,232.37646162280703,230.41705774020852,645.59,645.59,645.59,699.77,136.29,136.29,136.29,7.12,46.387278747307676,46.387278747307676,91.13520836836328,79.63663157894737,0.3860287383095311,78.23791118421053
2026-03-04,111,Koteshwar,Uttarakhand,55,Tehri Garhwal,30.26527778,78.50333333,161.7618947368421,182.0,136.2,95,2026,3,63,45.80000000000001,0.8888016194331984,0.8419782682539249,217.99761403508774,214.7228199013158,214.7228199013158,226.74061563494533,645.59,645.59,645.59,699.77,136.2,136.2,136.2,7.12,51.7795714271248,51.7795714271248,93.28092907295435,-124.17189473684212,-0.4342679994742986,-203.8085263157895
2026-03-05,112,Koteshwar,Uttarakhand,55,Tehri Garhwal,30.26527778,78.50333333,221.3682978723404,488.33,143.1,94,2026,3,64,345.23,0.4533170148717884,0.6464340258988823,223.02132736095555,216.05191549552075,216.05191549552075,220.11110858007413,645.59,645.59,645.59,699.77,136.2,136.2,136.2,7.12,44.94079981904209,44.94079981904209,90.79265872893595,59.60640313549831,0.36848235013856234,183.77829787234043
2026-03-06,113,Koteshwar,Uttarakhand,55,Tehri Garhwal,30.26527778,78.50333333,117.0,190.19,8.22,94,2026,3,65,181.97,0.6151742993848257,0.07025641025641026,166.71006420306082,199.54326291293395,199.54326291293395,212.05782733007413,488.33,645.59,645.59,699.77,8.22,8.22,8.22,7.12,57.01713822400654,57.01713822400654,96.41538015934411,-104.3682978723404,-0.47146903542858676,-163.97470100783872
2026-03-07,114,Koteshwar,Uttarakhand,55,Tehri Garhwal,30.26527778,78.50333333,132.33802083333333,170.21,107.97,96,2026,3,66,62.24000000000001,0.777498506746568,0.8158653070380851,156.90210623522458,189.94251404441957,189.94251404441957,202.08661877510957,488.33,645.59,645.59,699.77,8.22,8.22,8.22,7.12,57.91674220724248,57.91674220724248,99.23296725221928,15.338020833333331,0.13109419515669507,119.70631870567374
2026-03-08,115,Koteshwar,Uttarakhand,55,Tehri Garhwal,30.26527778,78.50333333,456.8186458333333,754.32,139.93,96,2026,3,67,614.3900000000001,0.6056032530402657,0.30631411672073555,235.38555555555556,225.93111523489574,223.30203051803377,236.00782031496465,754.32,754.32,754.32,754.32,8.22,8.22,8.22,8.22,116.94658918360663,108.52656368122706,122.41536493397085,324.4806249999999,2.4519077960871973,309.1426041666666
2026-04-01,116,Koteshwar,Uttarakhand,55,Tehri Garhwal,30.26527778,78.50333333,195.59291666666664,493.96,146.85,96,2026,4,91,347.11,0.3959691405511917,0.7507940599416731,195.59291666666664,195.59291666666664,195.59291666666664,224.4019379166,493.96,493.96,493.96,754.32,146.85,146.85,146.85,8.22,0.0,0.0,117.31551024105192,-261.2257291666666,-0.5718368362353861,-585.7063541666665
2026-04-02,117,Koteshwar,Uttarakhand,55,Tehri Garhwal,30.26527778,78.50333333,197.378,498.41,139.86,95,2026,4,92,358.55,0.39601532874541034,0.7085896097842719,196.48545833333333,196.48545833333333,196.48545833333333,211.75111084893078,498.41,498.41,498.41,754.32,139.86,139.86,139.86,8.22,1.2622445299830858,1.2622445299830858,114.31053767750001,1.785083333333347,0.009126523412785525,263.01081249999993
2026-04-03,118,Koteshwar,Uttarakhand,55,Tehri Garhwal,30.26527778,78.50333333,265.62,687.85,137.7,95,2026,4,93,550.1500000000001,0.3861597732063677,0.5184097583013326,219.53030555555554,219.53030555555554,219.53030555555554,226.58798302938197,687.85,687.85,687.85,754.32,137.7,137.7,137.7,8.22,39.924824121258524,39.924824121258524,113.47789814386076,68.24200000000002,0.34574268662160934,66.45691666666667
2026-04-04,119,Koteshwar,Uttarakhand,55,Tehri Garhwal,30.26527778,78.50333333,177.9818947368421,469.9,140.83,95,2026,4,94,329.06999999999994,0.37876547081685913,0.7912602582876557,213.65996491228074,209.14320285087717,209.14320285087717,220.3899254385965,687.85,687.85,687.85,754.32,137.7,137.7,137.7,8.22,38.65525403442285,38.65525403442285,114.98535811395243,-87.63810526315791,-0.32993790099826037,-155.88010526315793
2026-04-05,120,Koteshwar,Uttarakhand,55,Tehri Garhwal,30.26527778,78.50333333,236.984,492.9,139.11,95,2026,4,95,353.78999999999996,0.4807952931629134,0.5870016541201094,226.86196491228068,214.71136228070176,214.71136228070176,237.5304968671679,687.85,687.85,687.85,754.32,137.7,137.7,137.7,107.97,35.71685170236935,35.71685170236935,105.56126798343892,59.002105263157915,0.33150622062090296,146.64021052631583
2026-04-06,121,Koteshwar,Uttarakhand,55,Tehri Garhwal,30.26527778,78.50333333,116.54276595744682,154.0,13.33,94,2026,4,96,140.67,0.7567712075158884,0.1143786136401394,177.16955356476296,198.34992956015927,198.34992956015927,235.27403188489842,492.9,687.85,687.85,754.32,13.33,13.33,13.33,13.33,51.25167002582711,51.25167002582711,108.31745039979262,-120.44123404255319,-0.5082251714991441,-179.4433393057111
2026-04-07,122,Koteshwar,Uttarakhand,55,Tehri Garhwal,30.26527778,78.50333333,133.46882978723403,164.39,115.6,94,2026,4,97,48.78999999999999,0.8119035816487258,0.8661198287591254,162.33186524822693,189.08120102116996,189.08120102116996,189.08120102116996,492.9,687.85,687.85,687.85,13.33,13.33,13.33,13.33,52.82338530237543,52.82338530237543,52.82338530237557,16.92606382978721,0.14523478733950257,137.3672978723404
2026-04-08,123,Koteshwar,Uttarakhand,55,Tehri Garhwal,30.26527778,78.50333333,456.7076041666666,737.7,150.22,96,2026,4,98,587.48,0.6190966574036418,0.32891941940423686,235.57306663711583,226.38329923545567,222.534501414357,222.53450141435704,737.7,737.7,737.7,737.7,13.33,13.33,13.33,13.33,114.44301617722962,106.51141146900693,106.51141146900693,323.2387743794326,2.4218296878358454,306.3127105496454
2026-05-01,124,Koteshwar,Uttarakhand,55,Tehri Garhwal,30.26527778,78.50333333,201.46343750000003,484.77,148.64,96,2026,5,121,336.13,0.41558561276481637,0.7378013690449413,201.46343750000003,201.46343750000003,201.46343750000003,223.2683165185237,484.77,484.77,484.77,737.7,148.64,148.64,148.64,13.33,0.0,0.0,106.31932916639775,-255.2441666666666,-0.5588787319019987,-578.4829410460992
2026-05-02,125,Koteshwar,Uttarakhand,55,Tehri Garhwal,30.26527778,78.50333333,208.15052631578948,679.28,143.52,95,2026,5,122,535.76,0.30642816852518767,0.6895010189994084,204.80698190789474,204.80698190789474,204.80698190789474,224.6148823079974,679.28,679.28,679.28,737.7,143.52,143.52,143.52,13.33,4.7284858480414504,4.7284858480414504,106.01235201383128,6.687088815789451,0.03319256783648128,261.93125548245604
2026-05-03,126,Koteshwar,Uttarakhand,55,Tehri Garhwal,30.26527778,78.50333333,289.0875789473684,673.92,140.85,95,2026,5,123,533.0699999999999,0.4289642375168691,0.4872225936266992,232.90051425438597,232.90051425438597,232.90051425438597,227.54832967641843,679.28,679.28,679.28,737.7,140.85,140.85,140.85,13.33,48.77416291765149,48.77416291765149,107.6215588358726,80.93705263157892,0.38883904866417507,74.24996381578947
2026-05-04,127,Koteshwar,Uttarakhand,55,Tehri Garhwal,30.26527778,78.50333333,156.6132978723404,184.25,139.0,94,2026,5,124,45.25,0.8500043303790524,0.8875363834896225,217.95046771183274,213.82871015887457,213.82871015887457,224.8772550683557,679.28,679.28,679.28,737.7,139.0,139.0,139.0,13.33,55.144182147427536,55.144182147427536,109.27989596299034,-132.474281075028,-0.4582496472432197,-213.4113337066069
2026-05-05,128,Koteshwar,Uttarakhand,55,Tehri Garhwal,30.26527778,78.50333333,228.465,481.05,140.99,96,2026,5,125,340.06,0.47492984097287183,0.6171185958461909,224.72195893990295,216.7559681270997,216.7559681270997,223.81238006835574,673.92,679.28,679.28,737.7,139.0,139.0,139.0,13.33,48.202746961082894,48.202746961082894,109.18653540910331,71.85170212765959,0.45878417161119867,204.32598320268758
2026-05-06,129,Koteshwar,Uttarakhand,55,Tehri Garhwal,30.26527778,78.50333333,115.48768421052633,155.66,8.35,95,2026,5,126,147.31,0.7419226789832091,0.07230208188068356,166.85532736095558,199.87792080767076,199.87792080767076,223.68049484999065,481.05,679.28,679.28,737.7,8.35,8.35,8.35,8.35,59.73286147152698,59.73286147152698,109.33515123822906,-112.97731578947368,-0.49450601094029145,-184.82901791713329
2026-05-07,130,Koteshwar,Uttarakhand,55,Tehri Garhwal,30.26527778,78.50333333,147.43368421052634,336.67,115.85,95,2026,5,127,220.82000000000002,0.4379174984718755,0.7857770130370835,163.7954561403509,192.38588700807873,192.38588700807873,225.42610165290222,481.05,679.28,679.28,737.7,8.35,8.35,8.35,8.35,58.01947612219081,58.01947612219081,107.78966392829092,31.946000000000012,0.27661824045033745,144.9233157894737
2026-05-08,131,Koteshwar,Uttarakhand,55,Tehri Garhwal,30.26527778,78.50333333,444.621875,699.15,146.12,96,2026,5,128,553.03,0.6359463276836158,0.32863880122857203,235.84774780701756,227.12280665093587,223.9153855070689,223.9153855070689,699.15,699.15,699.15,699.15,8.35,8.35,8.35,8.35,112.0205146899203,104.10686617293027,104.10686617293027,297.18819078947365,2.0157414662792186,265.2421907894736
2026-06-01,132,Koteshwar,Uttarakhand,55,Tehri Garhwal,30.26527778,78.50333333,214.84604166666668,641.09,146.58,96,2026,6,152,494.51,0.3351261783316955,0.6822559953299893,214.84604166666668,214.84604166666668,214.84604166666668,228.0793088439183,641.09,641.09,641.09,699.15,146.58,146.58,146.58,8.35,0.0,0.0,111.85998802864768,-229.7758333333333,-0.5167893130164442,-526.9640241228069
2026-06-02,133,Koteshwar,Uttarakhand,55,Tehri Garhwal,30.26527778,78.50333333,198.108125,510.33,143.51,96,2026,6,153,366.82,0.38819611819802874,0.724402393894748,206.47708333333333,206.47708333333333,206.47708333333333,215.08224399429426,641.09,641.09,641.09,699.15,143.51,143.51,143.51,8.35,11.835494377935332,11.835494377935332,108.83453688027859,-16.737916666666678,-0.07790656293605602,213.03791666666663
2026-06-03,134,Koteshwar,Uttarakhand,55,Tehri Garhwal,30.26527778,78.50333333,310.0084375,653.64,140.62,96,2026,6,154,513.02,0.4742800891928279,0.4536005572428976,240.98753472222222,240.98753472222222,240.98753472222222,236.9958353696742,653.64,653.64,653.64,699.15,140.62,140.62,140.62,8.35,60.35688219896436,60.35688219896436,110.52953199014969,111.90031250000001,0.5648446397642701,128.6382291666667
2026-06-04,135,Koteshwar,Uttarakhand,55,Tehri Garhwal,30.26527778,78.50333333,157.18852631578946,176.05,144.02,95,2026,6,155,32.03,0.8928629725406956,0.9162246340465456,221.76836293859648,220.03778262061402,220.03778262061402,226.81348198621552,653.64,653.64,653.64,699.15,140.62,140.62,140.62,8.35,64.68542291991646,64.68542291991646,114.65261578285624,-152.81991118421055,-0.4929540383371357,-264.72022368421057
2026-06-05,136,Koteshwar,Uttarakhand,55,Tehri Garhwal,30.26527778,78.50333333,231.2570526315789,506.66,143.61,95,2026,6,156,363.05,0.4564343990675776,0.6209972771242939,232.8180054824561,222.28163662280699,222.28163662280699,243.35196318922308,653.64,653.64,653.64,699.15,140.62,140.62,140.62,115.85,56.243465021832776,56.243465021832776,103.74889266981644,74.06852631578943,0.471208223983135,226.88843749999998
2026-06-06,137,Koteshwar,Uttarakhand,55,Tehri Garhwal,30.26527778,78.50333333,116.89104166666668,153.97,10.25,96,2026,6,157,143.72,0.7591806304258406,0.08768849908301356,168.44554020467834,204.7165374634503,204.7165374634503,238.98872854010023,506.66,653.64,653.64,699.15,10.25,10.25,10.25,10.25,66.19560511845107,66.19560511845107,108.96618748886776,-114.3660109649122,-0.49454064065717995,-188.43453728070165
2026-06-07,138,Koteshwar,Uttarakhand,55,Tehri Garhwal,30.26527778,78.50333333,151.81147368421054,372.38,116.14,95,2026,6,158,256.24,0.4076789131645377,0.7650278149699523,166.65318932748536,197.1586712092732,197.1586712092732,197.15867120927314,506.66,653.64,653.64,653.64,10.25,10.25,10.25,10.25,63.6505918567177,63.6505918567177,63.65059185671772,34.92043201754386,0.29874344106817863,149.28644298245607
2026-06-08,139,Koteshwar,Uttarakhand,55,Tehri Garhwal,30.26527778,78.50333333,449.878,732.01,150.34,95,2026,6,159,581.67,0.6145790358055218,0.3341794886613704,239.52683845029242,230.7346652568922,228.74858730811403,228.748587308114,732.01,732.01,732.01,732.01,10.25,10.25,10.25,10.25,115.44924678475307,107.03274786828014,107.03274786828013,298.0665263157895,1.9633992021960753,263.1460942982456
2026-07-01,140,Koteshwar,Uttarakhand,55,Tehri Garhwal,30.26527778,78.50333333,199.84375,644.59,134.54,96,2026,7,182,510.05000000000007,0.3100323461425092,0.6732259577795152,199.84375,199.84375,199.84375,226.87330084978066,644.59,644.59,644.59,732.01,134.54,134.54,134.54,10.25,0.0,0.0,107.44177098299294,-250.03425,-0.5557823454358737,-548.1007763157895
2026-07-02,141,Koteshwar,Uttarakhand,55,Tehri Garhwal,30.26527778,78.50333333,187.82494736842105,354.75,151.28,95,2026,7,183,203.47,0.5294572159786358,0.8054308126772017,193.8343486842105,193.8343486842105,193.8343486842105,225.5879036458333,644.59,644.59,644.59,732.01,134.54,134.54,134.54,10.25,8.498576842532188,8.498576842532188,107.89562394402577,-12.01880263157895,-0.0601409983128266,238.01544736842104
2026-07-03,142,Koteshwar,Uttarakhand,55,Tehri Garhwal,30.26527778,78.50333333,255.86510638297872,648.47,146.25,94,2026,7,184,502.22,0.39456737610526116,0.5715902495164507,214.51126791713327,214.51126791713327,214.51126791713327,218.81998725620565,648.47,648.47,648.47,732.01,134.54,134.54,134.54,10.25,36.3141552437702,36.3141552437702,103.4502672752207,68.04015901455767,0.3622530444855976,80.05896164613662
2026-07-04,143,Koteshwar,Uttarakhand,55,Tehri Garhwal,30.26527778,78.50333333,151.19326315789473,169.69,140.14,95,2026,7,185,29.55000000000001,0.890996895267221,0.9268931503492218,198.29443896976485,198.68176672732363,198.68176672732363,218.07057936146882,648.47,648.47,648.47,732.01,140.14,134.54,134.54,10.25,43.37554240642799,43.37554240642799,103.9808694851947,-104.67184322508399,-0.40908994862476966,-172.71200223964166
2026-07-05,144,Koteshwar,Uttarakhand,55,Tehri Garhwal,30.26527778,78.50333333,236.9463157894737,482.83,144.8,95,2026,7,186,338.03,0.49074480829582606,0.6111088898662367,214.66822844344907,206.33467653975362,206.33467653975362,218.78173725620567,648.47,648.47,648.47,732.01,140.14,134.54,134.54,10.25,41.27848594939999,41.27848594939999,104.10332293054262,85.75305263157895,0.5671750899510979,190.42489585666294
2026-07-06,145,Koteshwar,Uttarakhand,55,Tehri Garhwal,30.26527778,78.50333333,115.58263157894736,166.27,9.65,95,2026,7,187,156.62,0.6951502470616909,0.08349005268502371,167.90740350877192,191.2093357129526,191.2093357129526,218.61818599524076,482.83,648.47,648.47,732.01,9.65,9.65,9.65,9.65,52.3047448381236,52.3047448381236,104.28713144077065,-121.36368421052633,-0.5121990768506302,-207.1167368421053
2026-07-07,146,Koteshwar,Uttarakhand,55,Tehri Garhwal,30.26527778,78.50333333,150.93136842105264,327.2,108.64,95,2026,7,188,218.56,0.4612816883284005,0.7197973564840904,167.8201052631579,185.45534038553834,185.45534038553834,218.50817283734602,482.83,648.47,648.47,732.01,9.65,9.65,9.65,9.65,50.1156779801792,50.1156779801792,104.36810687545542,35.34873684210528,0.30583087060066405,156.7124210526316
2026-07-08,147,Koteshwar,Uttarakhand,55,Tehri Garhwal,30.26527778,78.50333333,437.8051041666667,698.71,142.65,96,2026,7,189,556.0600000000001,0.6265905800212773,0.3258299152805103,234.7730347222222,219.44981955220496,216.99906085817935,216.99906085817935,698.71,698.71,698.71,698.71,9.65,9.65,9.65,9.65,108.36165660182061,100.56258885946212,100.56258885946212,286.87373574561406,1.9006899542931563,251.5249989035088
2026-08-01,148,Koteshwar,Uttarakhand,55,Tehri Garhwal,30.26527778,78.50333333,220.9354736842105,684.2,138.11,95,2026,8,213,546.09,0.3229106601640025,0.6251146440947036,220.9354736842105,220.9354736842105,220.9354736842105,224.17989474017492,684.2,684.2,684.2,698.71,138.11,138.11,138.11,9.65,0.0,0.0,107.47011295977259,-216.8696304824562,-0.4953565603015372,-503.7433662280703
2026-08-02,149,Koteshwar,Uttarakhand,55,Tehri Garhwal,30.26527778,78.50333333,189.466,348.9,152.87,95,2026,8,214,196.02999999999997,0.5430381198051019,0.8068466110014462,205.20073684210524,205.20073684210524,205.20073684210524,214.69430811403507,684.2,684.2,684.2,698.71,138.11,138.11,138.11,9.65,22.252278242476837,22.252278242476837,107.13715388324005,-31.4694736842105,-0.1424373965820932,185.4001567982457
2026-08-03,150,Koteshwar,Uttarakhand,55,Tehri Garhwal,30.26527778,78.50333333,276.47705263157894,638.64,141.55,95,2026,8,215,497.09,0.43291533983398933,0.5119773907190166,228.95950877192982,228.95950877192982,228.95950877192982,232.59199232456143,684.2,684.2,684.2,698.71,138.11,138.11,138.11,9.65,44.05700482704837,44.05700482704837,105.20824869602399,87.01105263157893,0.4592436248803422,118.48052631578943
2026-08-04,151,Koteshwar,Uttarakhand,55,Tehri Garhwal,30.26527778,78.50333333,157.48939759036145,300.69,144.55,83,2026,8,216,156.14,0.5237600106101349,0.917839563879611,207.81081674064683,211.09198097653774,211.09198097653774,221.24100401040252,638.64,684.2,684.2,698.71,141.55,138.11,138.11,9.65,50.705101462247484,50.705101462247484,108.88233604455914,-118.9876550412175,-0.4303708170665982,-205.99870767279643
2026-08-05,152,Koteshwar,Uttarakhand,55,Tehri Garhwal,30.26527778,78.50333333,199.2491578947368,489.51,136.19,95,2026,8,217,353.32,0.40703797245150625,0.6835160631993691,211.07186937222573,208.72341636017754,208.72341636017754,233.19336491265815,638.64,684.2,684.2,698.71,136.19,136.19,136.19,108.64,44.2301478341637,44.2301478341637,99.54238270528157,41.75976030437536,0.26515918495665836,160.74741534559286
2026-08-06,153,Koteshwar,Uttarakhand,55,Tehri Garhwal,30.26527778,78.50333333,124.1115053763441,178.36,14.63,93,2026,8,218,163.73000000000002,0.695848314511909,0.11787787083588552,160.28335362048077,194.62143119620532,194.62143119620532,229.36195590627125,489.51,684.2,684.2,698.71,14.63,14.63,14.63,14.63,52.518955581151275,52.518955581151275,103.66707439054127,-75.13765251839271,-0.37710399036209674,-116.89741282276808
2026-08-07,154,Koteshwar,Uttarakhand,55,Tehri Garhwal,30.26527778,78.50333333,172.88677083333334,332.05,142.07,96,2026,8,219,189.98000000000002,0.520664872258194,0.821751712494871,165.41581136813807,191.51647971579501,191.51647971579501,191.51647971579501,489.51,684.2,684.2,684.2,14.63,14.63,14.63,14.63,48.64174111448963,48.64174111448963,48.641741114489754,48.775265456989246,0.39299551890123086,123.91291797538196
2026-08-08,155,Koteshwar,Uttarakhand,55,Tehri Garhwal,30.26527778,78.50333333,594.8111764705882,678.23,357.91,51,2026,8,220,320.32,0.8770051110546395,0.6017203680060603,297.26981756008854,244.92729439956324,241.92831681014417,241.92831681014417,678.23,678.23,684.2,684.2,14.63,14.63,14.63,14.63,161.2494150997321,149.52873577085785,149.52873577085785,421.92440563725484,2.4404666916012867,373.1491401802656
2026-09-01,156,Koteshwar,Uttarakhand,55,Tehri Garhwal,30.26527778,78.50333333,189.0560416666667,496.99,141.57,96,2026,9,244,355.42,0.3804021039994098,0.7488255797167725,189.0560416666667,189.0560416666667,189.0560416666667,244.8687289233728,496.99,496.99,496.99,678.23,141.57,141.57,141.57,14.63,0.0,0.0,161.272988498848,-405.75513480392146,-0.682157886157314,-827.6795404411763
2026-09-02,157,Koteshwar,Uttarakhand,55,Tehri Garhwal,30.26527778,78.50333333,190.33463157894735,499.96,139.18,95,2026,9,245,360.78,0.38069971913542555,0.7312384448663546,189.69533662280702,189.69533662280702,189.69533662280702,232.56266877299686,499.96,499.96,499.96,678.23,139.18,139.18,139.18,14.63,0.9040995973303715,0.9040995973303715,161.7449992769757,1.2785899122806654,0.0067630206419693195,407.03372471620213
2026-09-03,158,Koteshwar,Uttarakhand,55,Tehri Garhwal,30.26527778,78.50333333,257.3335416666667,644.88,135.3,96,2026,9,246,509.58,0.3990409714468842,0.5257767764112885,212.24140497076027,212.24140497076027,212.24140497076027,246.82611792675473,644.88,644.88,644.88,678.23,135.3,135.3,135.3,14.63,39.056168423088835,39.056168423088835,158.38883955431393,66.99891008771934,0.35200588317491444,65.72032017543867
2026-09-04,159,Koteshwar,Uttarakhand,55,Tehri Garhwal,30.26527778,78.50333333,193.75291666666664,662.06,137.86,96,2026,9,247,524.1999999999999,0.29265159753899445,0.7115247727453567,213.80702997076023,207.61928289473684,207.61928289473684,246.040940608459,662.06,662.06,662.06,678.23,135.3,135.3,135.3,14.63,33.202091970302696,33.202091970302696,158.67736081660095,-63.580625000000055,-0.24707476758843316,-130.5795350877194
2026-09-05,160,Koteshwar,Uttarakhand,55,Tehri Garhwal,30.26527778,78.50333333,208.85652631578947,486.12,140.87,95,2026,9,248,345.25,0.42963985500656104,0.6744821552140805,219.98099488304092,207.8667315789474,207.8667315789474,258.1473721712369,662.06,662.06,662.06,678.23,135.3,135.3,135.3,135.3,28.759178320319183,28.759178320319183,150.86470909853162,15.10360964912283,0.07795294083292248,78.68423464912289
2026-09-06,161,Koteshwar,Uttarakhand,55,Tehri Garhwal,30.26527778,78.50333333,124.94484210526316,164.0,26.41,95,2026,9,249,137.59,0.7618587933247754,0.21137327123716065,175.85142836257307,194.04641666666666,194.04641666666666,251.29852521008402,662.06,662.06,662.06,678.23,26.41,26.41,26.41,26.41,42.516807215212935,42.516807215212935,156.36824040860625,-83.9116842105263,-0.401767115879599,-99.01529385964913
2026-09-07,162,Koteshwar,Uttarakhand,55,Tehri Garhwal,30.26527778,78.50333333,161.3005319148936,180.12,147.08,94,2026,9,250,33.03999999999999,0.8955170548239707,0.9118382825767944,165.03396677864876,189.3684331306991,189.3684331306991,189.3684331306991,486.12,662.06,662.06,662.06,26.41,26.41,26.41,26.41,40.73798951289167,40.73798951289167,40.73798951289194,36.35568980963045,0.29097391454544086,120.26737402015675
2026-10-01,163,Koteshwar,Uttarakhand,55,Tehri Garhwal,30.26527778,78.50333333,164.37479166666665,178.17,142.48,96,2026,10,274,35.69,0.9225727769358852,0.8667995776927474,164.37479166666665,164.37479166666665,164.37479166666665,185.84254027355624,178.17,178.17,178.17,662.06,142.48,142.48,142.48,26.41,0.0,0.0,41.82316706372282,3.0742597517730417,0.019059204053927692,-33.281430057857406
2026-10-02,164,Koteshwar,Uttarakhand,55,Tehri Garhwal,30.26527778,78.50333333,192.04452631578948,493.43,135.35,95,2026,10,275,358.08000000000004,0.3892031824489583,0.7047844715836185,178.20965899122808,178.20965899122808,178.20965899122808,186.08681095024798,493.43,493.43,493.43,662.06,135.35,135.35,135.35,26.41,19.56545700402712,19.56545700402712,41.85875433898318,27.66973464912283,0.16833319980860506,24.59547489734979
2026-10-03,165,Koteshwar,Uttarakhand,55,Tehri Garhwal,30.26527778,78.50333333,233.92645833333333,668.54,145.81,96,2026,10,276,522.73,0.34990645037444784,0.6233155541226899,196.78192543859646,196.78192543859646,196.78192543859646,182.7429419026289,668.54,668.54,668.54,668.54,135.35,135.35,135.35,26.41,35.0170072516821,35.0170072516821,35.7005996480329,41.881932017543846,0.21808448707710149,14.212197368421016
2026-10-04,166,Koteshwar,Uttarakhand,55,Tehri Garhwal,30.26527778,78.50333333,151.05557894736842,170.65,140.18,95,2026,10,277,30.47,0.8851777260320446,0.928002798551666,192.3421878654971,185.35033881578948,185.35033881578948,176.64332222844345,668.54,668.54,668.54,668.54,135.35,135.35,135.35,26.41,36.608540289143825,36.608540289143825,37.12507866869436,-82.87087938596491,-0.3542603943837688,-124.75281140350876
2026-10-05,167,Koteshwar,Uttarakhand,55,Tehri Garhwal,30.26527778,78.50333333,217.18452631578947,474.35,137.22,95,2026,10,278,337.13,0.45785712304372184,0.6318129671930685,200.72218786549706,191.71717631578946,191.71717631578946,177.83303651415773,668.54,668.54,668.54,668.54,137.22,135.35,135.35,26.41,34.7537338329773,34.7537338329773,38.439605373555096,66.12894736842105,0.43777891441839456,148.99982675438596
2026-10-06,168,Koteshwar,Uttarakhand,55,Tehri Garhwal,30.26527778,78.50333333,120.2478947368421,257.22,10.44,95,2026,10,279,246.78000000000003,0.4674904546180005,0.08682064682169728,162.82933333333332,179.80562938596492,179.80562938596492,177.16204403295475,474.35,668.54,668.54,668.54,10.44,10.44,10.44,10.44,42.632936959998695,42.632936959998695,39.54186683537584,-96.93663157894737,-0.44633304786179884,-163.0655789473684
2026-10-07,169,Koteshwar,Uttarakhand,55,Tehri Garhwal,30.26527778,78.50333333,182.912,332.18,147.49,95,2026,10,280,184.69,0.5506412186164128,0.8063440342897131,173.4481403508772,180.24939661654136,180.24939661654136,180.24939661654136,474.35,668.54,668.54,668.54,10.44,10.44,10.44,10.44,38.93607496500582,38.93607496500582,38.936074965006156,62.66410526315791,0.5211243440086488,159.60073684210528
2026-11-01,170,Koteshwar,Uttarakhand,55,Tehri Garhwal,30.26527778,78.50333333,187.39885416666667,343.75,146.6,96,2026,11,305,197.15,0.545160303030303,0.78228866794254,187.39885416666667,187.39885416666667,187.39885416666667,182.12088541666665,343.75,343.75,343.75,668.54,146.6,146.6,146.6,10.44,0.0,0.0,41.7973189485495,4.48685416666666,0.024530124686552357,-58.17725109649125
2026-11-02,171,Koteshwar,Uttarakhand,55,Tehri Garhwal,30.26527778,78.50333333,187.8808421052632,635.94,136.64,95,2026,11,306,499.30000000000007,0.2954380006058169,0.7272694675460591,187.63984813596494,187.63984813596494,187.63984813596494,174.44661604532166,635.94,635.94,635.94,635.94,136.64,136.64,136.64,10.44,0.34081693983174327,0.34081693983174327,33.85579008075442,0.48198793859654643,0.002571989784782236,-4.004866228070114
2026-11-03,172,Koteshwar,Uttarakhand,55,Tehri Garhwal,30.26527778,78.50333333,240.72635416666665,648.83,139.5,96,2026,11,307,509.33000000000004,0.3710160660984644,0.5794961689297106,205.33535014619883,205.33535014619883,205.33535014619883,189.391745248538,648.83,648.83,648.83,648.83,136.64,136.64,136.64,10.44,30.65045598805693,30.65045598805693,40.587668958617925,52.84551206140344,0.28127142432008,52.36352412280689
2026-11-04,173,Koteshwar,Uttarakhand,55,Tehri Garhwal,30.26527778,78.50333333,159.68747368421052,454.57,129.42,95,2026,11,308,325.15,0.3512934722577612,0.8104580591958899,196.09822331871348,193.92338103070176,193.92338103070176,179.80890314327485,648.83,648.83,648.83,648.83,129.42,129.42,129.42,10.44,33.87082015377612,33.87082015377612,39.4859829567418,-81.03888048245614,-0.3366431596697923,-133.88439254385958
2026-11-05,174,Koteshwar,Uttarakhand,55,Tehri Garhwal,30.26527778,78.50333333,222.122,487.49,129.86,95,2026,11,309,357.63,0.4556442183429404,0.5846336697850731,207.5119426169591,199.56310482456144,199.56310482456144,196.78792068713452,648.83,648.83,648.83,648.83,129.42,129.42,129.42,129.42,31.928933050952683,31.928933050952683,29.35600951419583,62.4345263157895,0.39097948558730855,143.47340679824563
2026-11-06,175,Koteshwar,Uttarakhand,55,Tehri Garhwal,30.26527778,78.50333333,117.40263157894736,166.47,10.38,95,2026,11,310,156.09,0.7052479820925533,0.08841369107659204,166.4040350877193,185.86969261695904,185.86969261695904,185.86969261695904,487.49,648.83,648.83,648.83,10.38,10.38,10.38,10.38,44.05249867988934,44.05249867988934,44.052498679889666,-104.71936842105265,-0.4714497817463045,-167.15389473684215
2026-11-07,176,Koteshwar,Uttarakhand,55,Tehri Garhwal,30.26527778,78.50333333,190.20489583333332,679.09,136.6,96,2026,11,311,542.49,0.2800879056286108,0.7181728914049378,176.5765091374269,186.4890073621554,186.4890073621554,186.4890073621554,679.09,679.09,679.09,679.09,10.38,10.38,10.38,10.38,40.24761345173193,40.24761345173193,40.24761345173223,72.80226425438596,0.6201076012970808,177.5216326754386
2026-12-01,177,Koteshwar,Uttarakhand,55,Tehri Garhwal,30.26527778,78.50333333,194.2628421052632,502.86,16.25,95,2026,12,335,486.61,0.3863159569368476,0.08364955348071548,194.2628421052632,194.2628421052632,194.2628421052632,187.46957706766918,502.86,502.86,502.86,679.09,16.25,16.25,16.25,10.38,0.0,0.0,40.35694157170943,4.057946271929865,0.021334604738490137,-68.7443179824561
2026-12-02,178,Koteshwar,Uttarakhand,55,Tehri Garhwal,30.26527778,78.50333333,199.1956842105263,468.25,139.03,95,2026,12,336,329.22,0.42540455784415654,0.6979568887298869,196.72926315789476,196.72926315789476,196.72926315789476,189.08598308270675,502.86,502.86,502.86,679.09,16.25,16.25,16.25,10.38,3.4880461031540673,3.4880461031540673,40.60201035476502,4.93284210526312,0.02539261781514668,0.8748958333332553
2026-12-03,179,Koteshwar,Uttarakhand,55,Tehri Garhwal,30.26527778,78.50333333,276.34505263157894,659.16,155.91,95,2026,12,337,503.25,0.41923820109166055,0.5641859643054945,223.2678596491228,223.2678596491228,223.2678596491228,194.17436857769422,659.16,659.16,659.16,679.09,16.25,16.25,16.25,10.38,46.03232064518941,46.03232064518941,49.425558660335014,77.14936842105263,0.3873044173964877,72.21652631578951
2026-12-04,180,Koteshwar,Uttarakhand,55,Tehri Garhwal,30.26527778,78.50333333,172.3478947368421,450.14,147.76,95,2026,12,338,302.38,0.382876204595997,0.8573356827225226,215.96287719298246,210.53786842105265,210.53786842105265,195.9830001566416,659.16,659.16,659.16,679.09,139.03,16.25,16.25,10.38,45.39670034985651,45.39670034985651,48.168914763448065,-103.99715789473683,-0.37633081144168345,-181.14652631578946
2026-12-05,181,Koteshwar,Uttarakhand,55,Tehri Garhwal,30.26527778,78.50333333,150.52395833333333,164.97,139.81,96,2026,12,339,25.159999999999997,0.9124323109252187,0.9288222389846578,199.73896856725148,198.53508640350879,198.53508640350879,185.75470848997494,659.16,659.16,659.16,679.09,139.81,16.25,16.25,10.38,47.6023022845993,47.6023022845993,49.28221047308949,-21.82393640350878,-0.126627229400346,82.17322149122805
2026-12-06,182,Koteshwar,Uttarakhand,55,Tehri Garhwal,30.26527778,78.50333333,117.80641304347829,164.48,14.81,92,2026,12,340,149.67,0.7162354878616142,0.1257147180479397,146.8927553712179,185.08030751017034,185.08030751017034,185.81239155633648,450.14,659.16,659.16,679.09,14.81,14.81,14.81,14.81,53.84208202370375,53.84208202370375,49.189021063925274,-32.71754528985504,-0.21735772598673275,-10.893608886346257
2026-12-07,183,Koteshwar,Uttarakhand,55,Tehri Garhwal,30.26527778,78.50333333,196.66905263157892,328.13,136.3,95,2026,12,341,191.82999999999998,0.5993632177233991,0.6930424394494412,154.99980800279687,186.73584252751445,186.73584252751445,186.73584252751445,328.13,659.16,659.16,659.16,14.81,14.81,14.81,14.81,49.34565570775476,49.34565570775476,49.34565570775501,78.86263958810063,0.669425692122509,111.58018487795567
2026-01-01,361,Tekhla,Uttarakhand,57,Uttarkashi,30.74805556,78.45333333,6.669479166666666,8.64,6.12,96,2026,1,1,2.5200000000000005,0.7719304591049382,0.9176128820653787,6.669479166666666,6.669479166666666,6.669479166666666,6.669479166666666,8.64,8.64,8.64,8.64,6.12,6.12,6.12,6.12,0.0,0.0,0.0,,0.0,
2026-01-02,362,Tekhla,Uttarakhand,57,Uttarkashi,30.74805556,78.45333333,14.316562500000002,15.04,13.78,96,2026,1,2,1.2599999999999998,0.9518991023936172,0.9625215550171348,10.493020833333334,10.493020833333334,10.493020833333334,10.493020833333334,15.04,15.04,15.04,15.04,6.12,6.12,6.12,6.12,5.407304481298629,5.407304481298629,5.407304481298629,7.6470833333333355,1.1465787870742035,
2026-01-03,363,Tekhla,Uttarakhand,57,Uttarkashi,30.74805556,78.45333333,9.108235294117648,10.54,8.46,85,2026,1,3,2.0799999999999983,0.8641589463109723,0.9288297597520021,10.031425653594772,10.031425653594772,10.031425653594772,10.031425653594772,15.04,15.04,15.04,15.04,6.12,6.12,6.12,6.12,3.906236194421651,3.906236194421651,3.906236194421651,-5.2083272058823535,-0.3637973295532606,-12.85541053921569
2026-01-04,364,Tekhla,Uttarakhand,57,Uttarkashi,30.74805556,78.45333333,11.528229166666668,12.77,10.82,96,2026,1,4,1.9499999999999993,0.9027587444531455,0.93856565857361,11.651008986928105,10.405626531862746,10.405626531862746,10.405626531862746,15.04,15.04,15.04,15.04,8.46,6.12,6.12,6.12,3.2760585048081667,3.2760585048081667,3.2760585048081667,2.4199938725490195,0.2656929464823903,7.628321078431373
2026-01-05,365,Tekhla,Uttarakhand,57,Uttarkashi,30.74805556,78.45333333,14.041145833333331,18.24,9.29,96,2026,1,5,8.95,0.7697996619152047,0.6616269149449164,11.559203431372547,11.132730392156862,11.132730392156862,11.132730392156862,18.24,18.24,18.24,18.24,8.46,6.12,6.12,6.12,3.269987708458164,3.269987708458164,3.269987708458164,2.512916666666664,0.21797941646863195,0.09292279411764426
2026-01-06,366,Tekhla,Uttarakhand,57,Uttarkashi,30.74805556,78.45333333,8.139375,13.94,6.44,96,2026,1,6,7.499999999999999,0.5838862984218077,0.7912155417338556,11.236249999999998,10.633837826797386,10.633837826797386,10.633837826797386,18.24,18.24,18.24,18.24,6.44,6.12,6.12,6.12,3.169797854974311,3.169797854974311,3.169797854974311,-5.901770833333332,-0.42031974479765566,-8.414687499999996
2026-01-09,367,Tekhla,Uttarakhand,57,Uttarkashi,30.74805556,78.45333333,30.375,36.62,26.01,96,2026,1,9,10.609999999999996,0.8294647733478974,0.8562962962962963,30.375,14.638397058823529,13.454003851540616,13.454003851540616,36.62,36.62,36.62,36.62,26.01,6.44,6.12,6.12,9.089698872032102,8.002897613842462,8.002897613842462,22.235625,2.7318590186592955,28.13739583333333
2026-02-01,368,Tekhla,Uttarakhand,57,Uttarkashi,30.74805556,78.45333333,6.782258064516129,7.04,6.46,93,2026,2,32,0.5800000000000001,0.9633889296187683,0.9524851367419739,6.782258064516129,6.782258064516129,6.782258064516129,13.329040559772297,7.04,7.04,7.04,36.62,6.46,6.46,6.46,6.44,0.0,0.0,8.73982763657405,-23.592741935483872,-0.7767157838842427,-45.82836693548387
2026-02-02,369,Tekhla,Uttarakhand,57,Uttarkashi,30.74805556,78.45333333,14.445368421052631,14.79,14.02,95,2026,2,33,0.7699999999999996,0.9766983381374329,0.9705533006390684,10.61381324278438,10.61381324278438,10.61381324278438,14.218562747594794,14.79,14.79,14.79,36.62,6.46,6.46,6.46,6.44,5.418637298087823,5.418637298087823,8.492425190163754,7.663110356536502,1.129875962200388,31.255852292020375
2026-02-03,370,Tekhla,Uttarakhand,57,Uttarkashi,30.74805556,78.45333333,9.087684210526316,10.95,8.24,95,2026,2,34,2.709999999999999,0.8299254986782024,0.9067216475739289,10.105103565365026,10.105103565365026,10.105103565365026,13.811805254904733,14.79,14.79,14.79,36.62,6.46,6.46,6.46,6.44,3.931560973940829,3.931560973940829,8.702893057954496,-5.357684210526315,-0.37089287405906823,-13.020794567062818
2026-02-04,371,Tekhla,Uttarakhand,57,Uttarkashi,30.74805556,78.45333333,10.627234042553193,11.21,9.95,94,2026,2,35,1.2600000000000016,0.9480137415301687,0.9362737246736604,11.386762224710713,10.235636184662066,10.235636184662066,13.242819956441378,14.79,14.79,14.79,36.62,8.24,6.46,6.46,6.44,3.220704299788877,3.220704299788877,8.796001011566362,1.5395498320268768,0.16941057769630774,6.897234042553192
2026-02-05,372,Tekhla,Uttarakhand,57,Uttarkashi,30.74805556,78.45333333,10.186354166666666,12.53,9.12,96,2026,2,36,3.41,0.8129572359670125,0.8953154240251971,9.967090806582059,10.225779781062986,10.225779781062986,13.583983150885823,12.53,14.79,14.79,36.62,8.24,6.46,6.46,6.46,2.789298815736396,2.789298815736396,8.5958902706649,-0.44087987588652666,-0.04148585362109947,-1.9804297079134034
2026-02-06,373,Tekhla,Uttarakhand,57,Uttarkashi,30.74805556,78.45333333,10.332083333333332,14.45,8.18,96,2026,2,37,6.27,0.7150230680507497,0.7917086744364239,10.381890514184397,10.243497039774711,10.243497039774711,13.11942603409261,14.45,14.79,14.79,36.62,8.18,6.46,6.46,6.46,2.495202138968368,2.495202138968368,7.942615091460879,0.14572916666666558,0.014306312570943502,0.5866090425531922
2026-02-09,374,Tekhla,Uttarakhand,57,Uttarkashi,30.74805556,78.45333333,47.7603125,68.68,35.36,96,2026,2,40,33.32000000000001,0.6954035017472334,0.7403636649152997,47.7603125,17.598733650615902,15.60304210552118,15.60304210552118,68.68,68.68,68.68,68.68,35.36,8.18,6.46,6.46,16.87089345953717,14.361804364736518,14.361804364736518,37.42822916666667,3.622524902205913,37.2825
2026-03-01,375,Tekhla,Uttarakhand,57,Uttarkashi,30.74805556,78.45333333,6.551354166666666,6.84,6.09,96,2026,3,60,0.75,0.9578003167641325,0.929578808452451,6.551354166666666,6.551354166666666,6.551354166666666,14.471581113164365,6.84,6.84,6.84,68.68,6.09,6.09,6.09,6.09,0.0,0.0,13.676152186459428,-41.20895833333333,-0.8628284903565766,-78.6371875
2026-03-02,376,Tekhla,Uttarakhand,57,Uttarkashi,30.74805556,78.45333333,13.739270833333334,14.55,12.5,96,2026,3,61,2.0500000000000007,0.9442797823596792,0.9098008294350894,10.1453125,10.1453125,10.1453125,14.390213304294251,14.55,14.55,14.55,68.68,6.09,6.09,6.09,6.09,5.082624617603806,5.082624617603806,12.795197645276216,7.187916666666668,1.0971650263145345,48.396874999999994
2026-03-03,377,Tekhla,Uttarakhand,57,Uttarkashi,30.74805556,78.45333333,8.082941176470587,8.24,7.78,17,2026,3,62,0.45999999999999996,0.9809394631639062,0.9625209227858236,9.457855392156864,9.457855392156864,9.457855392156864,14.53473365006697,14.55,14.55,14.55,68.68,6.09,6.09,6.09,6.09,3.7860703013954025,3.7860703013954025,12.705556785538413,-5.656329656862747,-0.4116906730697617,-12.844246323529415
2026-03-04,378,Tekhla,Uttarakhand,57,Uttarkashi,30.74805556,78.45333333,9.9459375,10.81,8.29,96,2026,3,63,2.5200000000000014,0.9200682238667899,0.8335061425833411,10.58938316993464,9.579875919117647,9.579875919117647,14.03479688106112,14.55,14.55,14.55,68.68,7.78,6.09,6.09,6.09,3.1009312989387556,3.1009312989387556,12.797700080727425,1.862996323529412,0.23048495378793388,7.519325980392159
2026-03-05,379,Tekhla,Uttarakhand,57,Uttarkashi,30.74805556,78.45333333,10.928229166666666,13.97,8.8,96,2026,3,64,5.17,0.7822640777857313,0.8052539771806579,9.65236928104575,9.849546568627451,9.849546568627451,14.239301876187827,13.97,14.55,14.55,68.68,7.78,6.09,6.09,6.09,2.7523521734306997,2.7523521734306997,12.723253600209107,0.9822916666666668,0.09876310470145899,-0.8807046568627452
2026-03-06,380,Tekhla,Uttarakhand,57,Uttarkashi,30.74805556,78.45333333,9.645416666666668,11.33,8.4,96,2026,3,65,2.9299999999999997,0.8513165636952046,0.8708799516177804,10.173194444444446,9.815524918300653,9.815524918300653,14.13021105664488,13.97,14.55,14.55,68.68,8.29,6.09,6.09,6.09,2.463188751479819,2.463188751479819,12.762244597949719,-1.2828124999999986,-0.11738521222750697,-2.2651041666666654
2026-03-09,381,Tekhla,Uttarakhand,57,Uttarkashi,30.74805556,78.45333333,41.559895833333336,48.32,36.14,96,2026,3,68,12.18,0.8600971819812362,0.8695883200701798,41.559895833333336,16.03248406862745,14.350435049019609,18.526669730392157,48.32,48.32,48.32,68.68,36.14,7.78,6.09,6.09,14.306799789195848,12.20712708258564,16.34789690292525,31.914479166666666,3.30877143721111,33.197291666666665
2026-04-01,382,Tekhla,Uttarakhand,57,Uttarkashi,30.74805556,78.45333333,6.533020833333333,6.74,6.16,96,2026,4,91,0.5800000000000001,0.9692909248269039,0.9429022434108776,6.533020833333333,6.533020833333333,6.533020833333333,14.449240196078433,6.74,6.74,6.74,48.32,6.16,6.16,6.16,6.16,0.0,0.0,13.371147412480779,-35.026875000000004,-0.8428046870104644,-66.94135416666667
2026-04-02,383,Tekhla,Uttarakhand,57,Uttarkashi,30.74805556,78.45333333,13.4225,13.91,12.78,96,2026,4,92,1.1300000000000008,0.9649532710280373,0.9521326131495623,9.977760416666666,9.977760416666666,9.977760416666666,15.339166666666666,13.91,13.91,13.91,48.32,6.16,6.16,6.16,6.16,4.8715974375934445,4.8715974375934445,13.036184511706779,6.889479166666667,1.054562558795861,41.91635416666667
2026-04-04,384,Tekhla,Uttarakhand,57,Uttarkashi,30.74805556,78.45333333,10.588125,12.12,9.78,96,2026,4,94,2.34,0.8736076732673268,0.9236762882946697,12.005312499999999,10.181215277777776,10.181215277777776,16.34979166666667,13.91,13.91,13.91,48.32,9.78,6.16,6.16,6.16,3.4627174933154357,3.4627174933154357,14.30588012941275,-2.8343749999999996,-0.2111659526913764,-9.723854166666666
2026-04-05,385,Tekhla,Uttarakhand,57,Uttarkashi,30.74805556,78.45333333,12.384791666666668,14.13,11.41,96,2026,4,95,2.7200000000000006,0.8764891483840529,0.9212912342086227,11.486458333333335,10.732109375,10.732109375,16.897666666666666,14.13,14.13,14.13,48.32,9.78,6.16,6.16,6.16,3.034393764454273,3.034393764454273,14.034818941562412,1.7966666666666686,0.16968695275760992,4.631041666666668
2026-04-06,386,Tekhla,Uttarakhand,57,Uttarkashi,30.74805556,78.45333333,8.803229166666666,13.22,6.08,96,2026,4,96,7.140000000000001,0.6659023575390821,0.6906556542935239,10.592048611111112,10.346333333333334,10.346333333333334,15.54859375,14.13,14.13,14.13,48.32,6.08,6.08,6.08,6.08,2.765822646146936,2.765822646146936,12.980789674933197,-3.581562500000002,-0.28919037125506764,-5.378229166666671
2026-04-09,387,Tekhla,Uttarakhand,57,Uttarkashi,30.74805556,78.45333333,33.080253164556964,37.2,29.48,79,2026,4,99,7.720000000000002,0.8892541173268,0.891166093964046,33.080253164556964,16.214099749472574,14.135319971870606,14.135319971870606,37.2,37.2,37.2,37.2,29.48,6.08,6.08,6.08,11.338773097812163,9.605120426628456,9.605120426628448,24.277023997890296,2.7577407719675175,27.8585864978903
2026-05-01,388,Tekhla,Uttarakhand,57,Uttarkashi,30.74805556,78.45333333,6.504791666666667,6.79,6.28,96,2026,5,121,0.5099999999999998,0.9579958271968582,0.9654421420106972,6.504791666666667,6.504791666666667,6.504791666666667,14.130615110759493,6.79,6.79,6.79,37.2,6.28,6.28,6.28,6.08,0.0,0.0,9.609594884911443,-26.5754614978903,-0.8033633045578965,-50.8524854957806
2026-05-02,389,Tekhla,Uttarakhand,57,Uttarkashi,30.74805556,78.45333333,12.943125,13.47,12.11,96,2026,5,122,1.3600000000000012,0.9608853006681514,0.9356318508860881,9.723958333333334,9.723958333333334,9.723958333333334,14.050719277426163,13.47,13.47,13.47,37.2,6.28,6.28,6.28,6.08,4.552589159539388,4.552589159539388,9.618648293274292,6.4383333333333335,0.9897831726611792,33.013794831223635
2026-05-04,390,Tekhla,Uttarakhand,57,Uttarkashi,30.74805556,78.45333333,12.866770833333334,14.39,11.9,96,2026,5,124,2.49,0.8941466875144777,0.9248629787647444,12.904947916666668,10.7715625,10.7715625,14.430493582981718,14.39,14.39,14.39,37.2,11.9,6.28,6.28,6.08,3.6953291460747932,3.6953291460747932,9.498829176248897,-0.0763541666666665,-0.005899206464178186,-6.5146875
2026-05-05,391,Tekhla,Uttarakhand,57,Uttarkashi,30.74805556,78.45333333,13.813684210526317,18.72,11.65,95,2026,5,125,7.0699999999999985,0.737910481331534,0.8433666082450659,13.340227521929824,11.53209292763158,11.53209292763158,14.66864234029166,18.72,18.72,18.72,37.2,11.65,6.28,6.28,6.08,3.3789442814732036,3.3789442814732036,9.455094363206225,0.946913377192983,0.07359370812293164,1.0232675438596495
2026-05-06,392,Tekhla,Uttarakhand,57,Uttarkashi,30.74805556,78.45333333,11.534479166666666,16.18,9.5,96,2026,5,126,6.68,0.7128849917593737,0.8236175957952155,12.738311403508773,11.532570175438597,11.532570175438597,15.123850673624991,18.72,18.72,18.72,37.2,9.5,6.28,6.28,6.28,2.926251780316023,2.926251780316023,9.177915519624568,-2.279205043859651,-0.1649961740201683,-3.226118421052634
2026-05-09,393,Tekhla,Uttarakhand,57,Uttarkashi,30.74805556,78.45333333,29.65192307692308,31.61,28.5,26,2026,5,129,3.1099999999999994,0.9380551432117393,0.9611518256696283,29.65192307692308,16.966714321862348,14.55246232568601,14.55246232568601,31.61,31.61,31.61,31.61,28.5,9.5,6.28,6.28,8.508326028719095,7.846582133655254,7.846582133655243,18.117443910256412,1.5707205889810587,20.396648954116063
2026-06-01,394,Tekhla,Uttarakhand,57,Uttarkashi,30.74805556,78.45333333,6.419687499999999,6.63,6.17,96,2026,6,152,0.45999999999999996,0.9682786576168928,0.961105972837463,6.419687499999999,6.419687499999999,6.419687499999999,14.857308957489877,6.63,6.63,6.63,31.61,6.17,6.17,6.17,6.17,0.0,0.0,8.748809279807777,-23.23223557692308,-0.7834984434788248,-41.34967948717949
2026-06-02,395,Tekhla,Uttarakhand,57,Uttarkashi,30.74805556,78.45333333,12.5125,13.09,11.98,96,2026,6,153,1.1099999999999994,0.9558823529411764,0.9574425574425576,9.466093749999999,9.466093749999999,9.466093749999999,14.466507464574898,13.09,13.09,13.09,31.61,6.17,6.17,6.17,6.17,4.308269035248162,4.308269035248162,7.883507207629609,6.0928125,0.9490824125006085,29.325048076923082
2026-06-04,396,Tekhla,Uttarakhand,57,Uttarkashi,30.74805556,78.45333333,13.8,15.59,12.37,96,2026,6,155,3.2200000000000006,0.885182809493265,0.8963768115942028,13.15625,10.910729166666664,10.910729166666664,14.78371794871795,15.59,15.59,15.59,31.61,11.98,6.17,6.17,6.17,3.9422716168856367,3.9422716168856367,8.770749878394948,1.2875000000000014,0.10289710289710308,-4.8053124999999985
2026-06-05,397,Tekhla,Uttarakhand,57,Uttarkashi,30.74805556,78.45333333,18.28621052631579,25.51,13.87,95,2026,6,156,11.640000000000002,0.7168251872330769,0.7584950408418192,16.043105263157898,12.754599506578948,12.754599506578948,16.134064220647772,25.51,25.51,25.51,31.61,12.37,6.17,6.17,6.17,4.8949397329454065,4.8949397329454065,8.664538938111884,4.486210526315791,0.32508771929824576,3.1987105263157893
2026-06-06,398,Tekhla,Uttarakhand,57,Uttarkashi,30.74805556,78.45333333,9.4696875,10.17,9.01,96,2026,6,157,1.1600000000000001,0.9311393805309733,0.9514569514569515,13.85196600877193,12.097617105263158,12.097617105263158,15.023334767206478,25.51,25.51,25.51,31.61,9.01,6.17,6.17,6.17,4.486474743054846,4.486474743054846,8.213507625886617,-8.816523026315792,-0.4821405185961237,-13.302733552631583
2026-07-01,399,Tekhla,Uttarakhand,57,Uttarkashi,30.74805556,78.45333333,6.282604166666666,6.59,5.98,96,2026,7,182,0.6099999999999994,0.9533541982802225,0.9518345961898763,6.282604166666666,6.282604166666666,6.282604166666666,12.07020043859649,6.59,6.59,6.59,25.51,5.98,5.98,5.98,5.98,0.0,0.0,4.530053945206962,-3.187083333333333,-0.33655633655633654,5.6294396929824595
2026-07-02,400,Tekhla,Uttarakhand,57,Uttarkashi,30.74805556,78.45333333,12.4309375,14.79,11.81,96,2026,7,183,2.9799999999999986,0.8404961122379987,0.9500490208401418,9.356770833333334,9.356770833333334,9.356770833333334,12.053887938596493,14.79,14.79,14.79,25.51,5.98,5.98,5.98,5.98,4.3475281929952905,4.3475281929952905,4.528209547467733,6.148333333333334,0.9786281564505166,9.335416666666667
2026-07-04,401,Tekhla,Uttarakhand,57,Uttarkashi,30.74805556,78.45333333,12.754166666666668,13.96,11.54,96,2026,7,185,2.4200000000000017,0.9136222540592168,0.9048023521724925,12.592552083333334,10.489236111111111,10.489236111111111,11.844721271929826,14.79,14.79,14.79,25.51,11.54,5.98,5.98,5.98,3.646633174664179,3.646633174664179,4.450883516699192,0.32322916666666757,0.02600199435212902,-5.825104166666667
2026-07-05,402,Tekhla,Uttarakhand,57,Uttarkashi,30.74805556,78.45333333,12.649895833333334,13.91,11.46,96,2026,7,186,2.4499999999999993,0.909410196501318,0.9059363137048231,12.702031250000001,11.029401041666667,11.029401041666667,10.717458333333335,13.96,14.79,14.79,14.79,11.46,5.98,5.98,5.98,3.167396662221082,3.167396662221082,2.830343173238616,-0.10427083333333442,-0.008175432865076826,-0.427500000000002
2026-07-06,403,Tekhla,Uttarakhand,57,Uttarkashi,30.74805556,78.45333333,8.250104166666667,9.34,6.96,96,2026,7,187,2.38,0.8833087972876517,0.8436257117965682,11.218055555555557,10.473541666666666,10.473541666666666,10.473541666666666,13.96,14.79,14.79,14.79,6.96,5.98,5.98,5.98,3.0115111548463327,3.0115111548463327,3.011511154846303,-4.399791666666667,-0.3478124819868411,-4.295520833333333
2026-07-08,404,Tekhla,Uttarakhand,57,Uttarkashi,30.74805556,78.45333333,48.01117647058824,54.78,43.61,34,2026,7,189,11.170000000000002,0.8764362261881752,0.9083301682206348,28.130640318627453,18.81925612745098,16.72981413398693,16.72981413398693,54.78,54.78,54.78,54.78,6.96,6.96,5.98,5.98,16.428117040473715,15.559596095680265,15.559596095680257,39.76107230392157,4.819463063820496,44.16086397058824
2026-08-01,405,Tekhla,Uttarakhand,57,Uttarkashi,30.74805556,78.45333333,6.2109375,6.45,5.97,96,2026,8,213,0.4800000000000004,0.9629360465116279,0.9612075471698113,6.2109375,6.2109375,6.2109375,17.575256127450984,6.45,6.45,6.45,54.78,5.97,5.97,5.97,5.97,0.0,0.0,17.247851472774087,-41.80023897058824,-0.8706355903649885,-81.56131127450982
2026-08-02,406,Tekhla,Uttarakhand,57,Uttarkashi,30.74805556,78.45333333,11.909166666666666,12.59,11.48,96,2026,8,214,1.1099999999999994,0.945922689965581,0.9639633335665805,9.060052083333332,9.060052083333332,9.060052083333332,16.630907883986932,12.59,12.59,12.59,54.78,5.97,5.97,5.97,5.97,4.02925648450497,4.02925648450497,15.599405949301469,5.698229166666666,0.9174507337526203,47.4984681372549
2026-08-04,407,Tekhla,Uttarakhand,57,Uttarkashi,30.74805556,78.45333333,38.85302083333333,77.33,12.68,96,2026,8,216,64.65,0.5024314086814087,0.3263581499722512,25.381093749999998,18.991041666666664,18.991041666666664,22.64688112745098,77.33,77.33,77.33,77.33,11.48,5.97,5.97,5.97,17.435341012489207,17.435341012489207,19.356474266024815,26.943854166666668,2.2624466447414457,21.245625000000004
2026-08-05,408,Tekhla,Uttarakhand,57,Uttarkashi,30.74805556,78.45333333,11.4746875,12.1,10.68,96,2026,8,217,1.42,0.9483212809917355,0.9307443013153953,25.163854166666667,17.111953125,17.111953125,23.29179779411765,77.33,77.33,77.33,77.33,10.68,5.97,5.97,5.97,14.723608224125995,14.723608224125995,18.802682787976615,-27.37833333333333,-0.7046642126175302,-54.3221875
2026-08-06,409,Tekhla,Uttarakhand,57,Uttarkashi,30.74805556,78.45333333,7.160625,8.06,6.11,96,2026,8,218,1.9500000000000002,0.8884150124069478,0.8532774722876845,19.162777777777777,15.121687499999998,15.121687499999998,20.60326899509804,77.33,77.33,77.33,77.33,6.11,5.97,5.97,5.97,13.505342115009386,13.505342115009386,18.06105829233615,-4.3140625,-0.3759633976960157,23.06427083333333
2026-08-08,410,Tekhla,Uttarakhand,57,Uttarkashi,30.74805556,78.45333333,41.4209375,45.64,35.84,96,2026,8,220,9.799999999999997,0.9075577892199824,0.8652628878812799,24.29078125,22.163687499999998,19.504895833333332,19.504895833333332,45.64,77.33,77.33,77.33,6.11,6.11,5.97,5.97,16.536908172129582,16.1613893052291,16.1613893052291,34.2603125,4.784542201274331,38.574374999999996
2026-09-01,411,Tekhla,Uttarakhand,57,Uttarkashi,30.74805556,78.45333333,6.215520833333334,6.5,6.01,96,2026,9,244,0.4900000000000002,0.9562339743589744,0.9669342539677218,6.215520833333334,6.215520833333334,6.215520833333334,21.02495833333333,6.5,6.5,6.5,77.33,6.01,6.01,6.01,6.01,0.0,0.0,17.582538422432123,-35.205416666666665,-0.8499425361066892,-69.46572916666666
2026-09-02,412,Tekhla,Uttarakhand,57,Uttarkashi,30.74805556,78.45333333,11.839687499999998,12.29,11.05,96,2026,9,245,1.2399999999999984,0.9633594385679414,0.9333016602000688,9.027604166666666,9.027604166666666,9.027604166666666,19.494079861111107,12.29,12.29,12.29,77.33,6.01,6.01,6.01,6.01,3.976886388523339,3.976886388523339,16.167190828382097,5.624166666666665,0.9048584692218737,40.82958333333333
2026-09-04,413,Tekhla,Uttarakhand,57,Uttarkashi,30.74805556,78.45333333,33.804526315789474,50.76,23.83,95,2026,9,247,26.93,0.6659678155198873,0.7049351846373734,22.822106907894735,17.28657821637427,17.28657821637427,20.088259429824564,50.76,50.76,50.76,50.76,11.05,6.01,6.01,6.01,14.57874376394763,14.57874376394763,16.36180520245255,21.964838815789477,1.8551873785342288,16.340672149122813
2026-09-05,414,Tekhla,Uttarakhand,57,Uttarkashi,30.74805556,78.45333333,10.679895833333331,11.19,10.02,96,2026,9,248,1.17,0.9544142835865355,0.938211397973217,22.242211074561403,15.634907620614035,15.634907620614035,20.792113596491227,50.76,50.76,50.76,50.76,10.02,6.01,6.01,6.01,12.353349458783386,12.353349458783386,15.730155737507333,-23.12463048245614,-0.6840690582803715,-45.08946929824562
2026-09-06,415,Tekhla,Uttarakhand,57,Uttarkashi,30.74805556,78.45333333,6.411874999999999,7.67,5.8,96,2026,9,249,1.87,0.8359680573663624,0.9045715956720929,16.965432383040934,13.790301096491229,13.790301096491229,18.39540716374269,50.76,50.76,50.76,50.76,5.8,5.8,5.8,5.8,11.465897186103666,11.465897186103666,15.245177925155785,-4.268020833333332,-0.39963131662879037,18.85660964912281
2026-09-07,416,Tekhla,Uttarakhand,57,Uttarkashi,30.74805556,78.45333333,24.79265957446809,101.1,12.47,94,2026,9,250,88.63,0.2452290759096745,0.5029714526005037,13.961476802600473,15.624027509487371,15.624027509487371,15.624027509487371,101.1,101.1,101.1,101.1,5.8,5.8,5.8,5.8,11.195925775573818,11.195925775573818,11.19592577557381,18.38078457446809,2.866678557281309,22.648805407801422
2026-09-08,417,Tekhla,Uttarakhand,57,Uttarkashi,30.74805556,78.45333333,33.86479166666667,37.79,30.47,96,2026,9,251,7.32,0.8961310311369852,0.8997545385755854,21.689775413711587,20.23223931504293,18.229850960512984,18.229850960512984,101.1,101.1,101.1,101.1,5.8,5.8,5.8,5.8,12.194552494898888,12.328402409972014,12.32840240997201,9.07213209219858,0.36592008473109594,-9.308652482269512
2026-10-01,418,Tekhla,Uttarakhand,57,Uttarkashi,30.74805556,78.45333333,6.232604166666667,6.5,5.9,96,2026,10,274,0.5999999999999996,0.9588621794871796,0.9466348001938729,6.232604166666667,6.232604166666667,6.232604166666667,18.23229143670346,6.5,6.5,6.5,101.1,5.9,5.9,5.9,5.8,0.0,0.0,12.325629101113885,-27.6321875,-0.8159562229700217,-36.70431959219858
2026-10-02,419,Tekhla,Uttarakhand,57,Uttarkashi,30.74805556,78.45333333,11.676041666666668,12.11,11.05,96,2026,10,275,1.0599999999999987,0.9641652903936143,0.9463823713087697,8.954322916666667,8.954322916666667,8.954322916666667,18.208913460512985,12.11,12.11,12.11,101.1,5.9,5.9,5.9,5.8,3.8490915692151484,3.8490915692151484,12.339921641272744,5.443437500000001,0.8733809102000569,33.075625
2026-10-03,420,Tekhla,Uttarakhand,57,Uttarkashi,30.74805556,78.45333333,7.587878787878788,8.26,7.13,33,2026,10,276,1.13,0.9186293932056644,0.9396565495207667,8.498841540404042,8.498841540404042,8.498841540404042,16.88128412643371,12.11,12.11,12.11,101.1,5.9,5.9,5.9,5.8,2.833750660602985,2.833750660602985,12.025850590671888,-4.08816287878788,-0.3501326044817883,-9.531600378787882
2026-10-04,421,Tekhla,Uttarakhand,57,Uttarkashi,30.74805556,78.45333333,20.553125,23.86,17.51,96,2026,10,277,6.349999999999998,0.8614050712489523,0.8519385738178501,13.272348484848486,11.512412405303031,11.512412405303031,15.224858961960026,23.86,23.86,23.86,101.1,7.13,5.9,5.9,5.8,6.455994576261463,6.455994576261463,10.12411485796823,12.965246212121214,1.7086786142172525,17.053409090909092
2026-10-05,422,Tekhla,Uttarakhand,57,Uttarkashi,30.74805556,78.45333333,9.9225,10.51,9.53,96,2026,10,278,0.9800000000000004,0.9441008563273073,0.9604434366339129,12.687834595959595,11.194429924242424,11.194429924242424,15.13018448279336,23.86,23.86,23.86,101.1,7.13,5.9,5.9,5.8,5.636085855258537,5.636085855258537,10.176096123943669,-10.630625000000002,-0.5172266991029345,-23.595871212121217
2026-10-06,423,Tekhla,Uttarakhand,57,Uttarkashi,30.74805556,78.45333333,5.6471875,6.81,4.86,96,2026,10,279,1.9499999999999993,0.8292492657856095,0.8606053898511428,12.0409375,10.269889520202021,10.269889520202021,15.03459854529336,23.86,23.86,23.86,101.1,4.86,4.86,4.86,4.86,5.526393106402715,5.526393106402715,10.27281950747777,-4.275312499999999,-0.4308704963466867,6.355312500000003
2026-10-07,424,Tekhla,Uttarakhand,57,Uttarkashi,30.74805556,78.45333333,217.26074468085105,412.57,36.23,94,2026,10,280,376.34,0.5266033513848585,0.1667581506876481,77.61014406028369,39.84001168600902,39.84001168600902,39.09310918359123,412.57,412.57,412.57,412.57,4.86,4.86,4.86,4.86,78.39767678282311,78.39767678282311,72.61288226632144,211.61355718085105,37.47238022127848,215.88886968085106
2026-10-08,425,Tekhla,Uttarakhand,57,Uttarkashi,30.74805556,78.45333333,35.5215625,40.58,29.39,96,2026,10,281,11.189999999999998,0.8753465377033022,0.8273847750925933,86.143164893617,44.024148590770935,39.3002055377579,39.30020553775789,412.57,412.57,412.57,412.57,4.86,4.86,4.86,4.86,77.07552194806561,72.59820169714422,72.59820169714422,-181.73918218085106,-0.8365026201480621,-393.3527393617021
2026-11-01,426,Tekhla,Uttarakhand,57,Uttarkashi,30.74805556,78.45333333,6.271666666666667,6.64,6.02,96,2026,11,305,0.6200000000000001,0.9445281124497994,0.9598724422003718,6.271666666666667,6.271666666666667,6.271666666666667,43.252095019342356,6.64,6.64,6.64,412.57,6.02,6.02,6.02,4.86,0.0,0.0,77.47956064261606,-29.249895833333333,-0.8234405745336606,152.48928634751772
2026-11-02,427,Tekhla,Uttarakhand,57,Uttarkashi,30.74805556,78.45333333,11.611875,12.1,11.19,96,2026,11,306,0.9100000000000001,0.9596590909090909,0.9636686581624415,8.941770833333333,8.941770833333333,8.941770833333333,43.82695162107397,12.1,12.1,12.1,412.57,6.02,6.02,6.02,4.86,3.7760975254489106,3.7760975254489106,77.18521867011071,5.340208333333332,0.8514815306935952,34.59010416666666
2026-11-03,428,Tekhla,Uttarakhand,57,Uttarkashi,30.74805556,78.45333333,7.438645833333333,8.32,7.0,96,2026,11,307,1.3200000000000003,0.8940680088141025,0.9410314937474619,8.440729166666667,8.440729166666667,8.440729166666667,41.95345459726444,12.1,12.1,12.1,412.57,6.02,6.02,6.02,4.86,2.807594079645244,2.807594079645244,77.99916211274706,-4.173229166666666,-0.3593932217378043,-9.513437499999998
2026-11-04,429,Tekhla,Uttarakhand,57,Uttarkashi,30.74805556,78.45333333,16.83978947368421,18.91,15.37,95,2026,11,308,3.540000000000001,0.890522975869075,0.9127192488967233,11.963436769005847,10.540494243421053,10.540494243421053,42.941638807790746,18.91,18.91,18.91,412.57,7.0,6.02,6.02,4.86,4.7844654721576525,4.7844654721576525,77.56835083657226,9.401143640350877,1.2638246061162626,13.574372807017543
2026-11-05,430,Tekhla,Uttarakhand,57,Uttarkashi,30.74805556,78.45333333,10.666979166666666,12.09,9.47,96,2026,11,309,2.619999999999999,0.8822976978218913,0.8877864906301575,11.64847149122807,10.565791228070175,10.565791228070175,43.65875190302885,18.91,18.91,18.91,412.57,7.0,6.02,6.02,6.02,4.143854736578402,4.143854736578402,77.18837575189572,-6.172810307017544,-0.366561014118608,-15.573953947368421
2026-11-06,431,Tekhla,Uttarakhand,57,Uttarkashi,30.74805556,78.45333333,5.523645833333333,8.44,4.19,96,2026,11,310,4.249999999999999,0.654460406793049,0.7585569615478908,11.010138157894737,9.725433662280702,9.725433662280702,13.41059492481203,18.91,18.91,18.91,40.58,4.19,4.19,4.19,4.19,4.239626244442812,4.239626244442812,10.490070874872007,-5.143333333333333,-0.4821733738269386,1.0294769736842113
2026-11-07,432,Tekhla,Uttarakhand,57,Uttarkashi,30.74805556,78.45333333,128.44106382978725,300.87,58.16,94,2026,11,311,242.71,0.426898872701789,0.4528146860966118,48.210562943262424,26.684809400495926,26.684809400495926,26.684809400495926,300.87,300.87,300.87,300.87,4.19,4.19,4.19,4.19,45.03689232455486,45.03689232455486,45.03689232455487,122.91741799645392,22.252950624511243,128.06075132978725
2026-12-01,433,Tekhla,Uttarakhand,57,Uttarkashi,30.74805556,78.45333333,6.016145833333333,6.4,5.42,96,2026,12,335,0.9800000000000004,0.9400227864583333,0.9009090122067354,6.016145833333333,6.016145833333333,6.016145833333333,26.648306424305446,6.4,6.4,6.4,300.87,5.42,5.42,5.42,4.19,0.0,0.0,45.05629432837561,-122.42491799645393,-0.9531602615709719,-245.34233599290786
2026-12-02,434,Tekhla,Uttarakhand,57,Uttarkashi,30.74805556,78.45333333,11.2628125,11.85,10.47,96,2026,12,336,1.379999999999999,0.950448312236287,0.9296079465053689,8.639479166666668,8.639479166666668,8.639479166666668,26.598440352876874,11.85,11.85,11.85,300.87,5.42,5.42,5.42,4.19,3.7099535786254196,3.7099535786254196,45.075898398465505,5.246666666666668,0.8720976538827809,127.6715846631206
2026-12-03,435,Tekhla,Uttarakhand,57,Uttarkashi,30.74805556,78.45333333,7.416041666666666,8.89,6.89,96,2026,12,337,2.000000000000001,0.8342004124484438,0.9290670562126022,8.231666666666667,8.231666666666667,8.231666666666667,26.595211186210207,11.85,11.85,11.85,300.87,5.42,5.42,5.42,4.19,2.7167647824658157,2.7167647824658157,45.077500520225676,-3.846770833333335,-0.3415462020106732,-9.093437500000004
2026-12-04,436,Tekhla,Uttarakhand,57,Uttarkashi,30.74805556,78.45333333,14.738947368421051,15.68,13.59,95,2026,12,338,2.09,0.939983888292159,0.9220468504499358,11.139267178362573,9.858486842105263,9.858486842105263,26.295090885458333,15.68,15.68,15.68,300.87,6.89,5.42,5.42,4.19,3.9378567929379145,3.9378567929379145,45.160193667412095,7.322905701754386,0.9874412834907733,11.16967653508772
2026-12-05,437,Tekhla,Uttarakhand,57,Uttarkashi,30.74805556,78.45333333,10.355208333333334,11.15,9.62,96,2026,12,339,1.5300000000000011,0.9287182361733931,0.9290011065285182,10.836732456140348,9.957831140350876,9.957831140350876,26.25055219498214,15.68,15.68,15.68,300.87,6.89,5.42,5.42,4.19,3.417511307843037,3.417511307843037,45.178325641257196,-4.383739035087718,-0.29742551659286764,-11.706644736842104
2026-12-06,438,Tekhla,Uttarakhand,57,Uttarkashi,30.74805556,78.45333333,15.050416666666663,44.39,6.54,96,2026,12,340,37.85,0.33904971089584734,0.43453946457739273,13.381524122807017,10.80659539473684,10.80659539473684,27.6115194568869,44.39,44.39,44.39,300.87,6.54,5.42,5.42,5.42,3.696743349020621,3.696743349020621,44.58953429486398,4.69520833333333,0.45341514938134964,9.078947368421048
2026-12-07,439,Tekhla,Uttarakhand,57,Uttarkashi,30.74805556,78.45333333,45.34166666666667,64.73,36.75,96,2026,12,341,27.980000000000004,0.7004737628096195,0.8105127733872449,23.582430555555558,15.74017700501253,15.74017700501253,15.74017700501253,64.73,64.73,64.73,64.73,6.54,5.42,5.42,5.42,13.48220501354261,13.48220501354261,13.482205013542622,30.291250000000005,2.0126519199357724,25.596041666666675
2026-12-08,440,Tekhla,Uttarakhand,57,Uttarkashi,30.74805556,78.45333333,45.1734375,54.96,38.28,96,2026,12,342,16.68,0.8219329967248908,0.8474006433537409,35.18850694444444,21.33407581453634,19.419334566885965,19.419334566885965,64.73,64.73,64.73,64.73,6.54,6.54,5.42,5.42,16.54960838440404,16.25091791960524,16.25091791960525,-0.16822916666666998,-0.0037102554677449495,-30.459479166666675
