rainfall_id,station,state,district_lgd_code,district,latitude,longitude,date,daily_rainfall_mm,max_hourly_rainfall_mm,rainfall_readings,year,month,day_of_year,rainfall_mean,rainfall_min,rainfall_max,rainfall_std,rainfall_sum,hourly_rainfall_mean,hourly_rainfall_min,hourly_rainfall_max,readings_sum,readings_mean,rainfall_mean_3day,rainfall_mean_7day,rainfall_mean_14day,rainfall_mean_30day,rainfall_accumulation_3day,rainfall_accumulation_7day,rainfall_accumulation_14day,rainfall_accumulation_30day,rainfall_max_3day,rainfall_max_7day,rainfall_max_14day,rainfall_max_30day,hourly_rainfall_max_7day,hourly_rainfall_max_30day,rainfall_std_7day,rainfall_std_30day,rainy_days_7day,rainy_days_30day,district_model,hazard_type,historical_disaster_count,previous_landslide_count,mean_discharge_m3_sec,max_discharge_m3_sec,min_discharge_m3_sec,discharge_range,mean_discharge_7day,mean_discharge_14day,mean_discharge_30day,max_discharge_7day,max_discharge_14day,max_discharge_30day,discharge_std_7day,discharge_std_14day,discharge_std_30day,discharge_change,discharge_change_pct,predicted_hazard,confidence,hazard_score,severity
5766,Basukedar,Uttarakhand,54,Rudraprayag,30.43919444,79.05633333,2024-12-24,3.0,1.5,3,2024,12,359,3.0,3.0,3.0,0.0,3.0,1.5,1.5,1.5,3,3.0,1.75,1.75,1.75,1.75,3.5,3.5,3.5,3.5,3.0,3.0,3.0,3.0,1.5,1.5,1.7677669529663689,1.7677669529663689,2.0,2.0,rudraprayag,LANDSLIDE,0.0,1.0,,,,,,,,,,,,,,,,LANDSLIDE,0.7240996396957232,72.41,VERY HIGH
5763,Manglaur_1,Uttarakhand,50,Haridwar,29.78567778,77.86368889,2024-12-24,1.0,0.5,2,2024,12,359,1.0,1.0,1.0,0.0,1.0,0.5,0.5,0.5,2,2.0,1.0,1.0,1.0,1.0,1.0,1.0,1.0,1.0,1.0,1.0,1.0,1.0,0.5,0.5,0.0,0.0,1.0,1.0,haridwar,NORMAL,0.0,0.0,,,,,,,,,,,,,,,,LANDSLIDE,0.5888807812557812,58.89,HIGH
5769,Sitarganj_1,Uttarakhand,56,UDHAM SINGH NAGAR,28.92971389,79.703,2024-12-24,1.5,1.5,1,2024,12,359,1.5,1.5,1.5,0.0,1.5,1.5,1.5,1.5,1,1.0,1.5,11.25,11.25,11.25,1.5,22.5,22.5,22.5,1.5,21.0,21.0,21.0,10.5,10.5,13.788582233137676,13.788582233137676,2.0,2.0,udham singh nagar,NORMAL,0.0,0.0,,,,,,,,,,,,,,,,LANDSLIDE,0.7370306637806635,73.7,VERY HIGH
5771,Kapkot (Saryu),Uttarakhand,46,Bageshwar,29.94516667,79.9025,2024-12-25,11.5,11.5,1,2024,12,360,11.5,11.5,11.5,0.0,11.5,11.5,11.5,11.5,1,1.0,11.5,11.5,11.5,11.5,11.5,11.5,11.5,11.5,11.5,11.5,11.5,11.5,11.5,11.5,0.0,0.0,1.0,1.0,bageshwar,NORMAL,0.0,0.0,,,,,,,,,,,,,,,,LANDSLIDE,0.7241557026851144,72.42,VERY HIGH
5770,Baijnath (Gomti),Uttarakhand,46,Bageshwar,29.90822222,79.61769444,2024-12-25,10.0,10.0,1,2024,12,360,10.0,10.0,10.0,0.0,10.0,10.0,10.0,10.0,1,1.0,10.0,10.0,153.16666666666666,134.08333333333334,10.0,10.0,459.5,804.5,10.0,10.0,449.0,449.0,10.0,449.0,0.0,187.7914845424751,1.0,6.0,bageshwar,NORMAL,0.0,0.0,,,,,,,,,,,,,,,,LANDSLIDE,0.7048838067390699,70.49,VERY HIGH
5772,Yamuna Colony,Uttarakhand,49,Dehradun,30.33775278,78.03311667,2024-12-25,6151.5,301.0,24,2024,12,360,6151.5,6151.5,6151.5,0.0,6151.5,301.0,301.0,301.0,24,24.0,5816.333333333333,5874.714285714285,5585.392857142857,4958.788461538462,17449.0,41123.0,78195.5,128928.5,6151.5,6195.5,6195.5,6286.0,305.5,317.5,317.1549118258121,1760.5206114844405,7.0,26.0,dehradun,NORMAL,0.0,0.0,,,,,,,,,,,,,,,,LANDSLIDE,0.7153228266895577,71.53,VERY HIGH
5774,Roorkee_2,Uttarakhand,50,Haridwar,29.86771944,77.88415556,2024-12-26,4245.5,511.5,14,2024,12,361,4245.5,4245.5,4245.5,0.0,4245.5,511.5,511.5,511.5,14,14.0,4245.5,3895.25,3895.25,4094.0,8491.0,15581.0,15581.0,28658.0,4245.5,4245.5,4245.5,4515.5,511.5,511.5,415.4695135225528,392.79967328569455,4.0,7.0,haridwar,NORMAL,0.0,0.0,,,,,,,,,,,,,,,,LANDSLIDE,0.830646967734348,83.06,EXTREME
5775,Kempty,Uttarakhand,55,Tehri Garhwal,30.49075,78.04738889,2024-12-26,384.0,384.0,1,2024,12,361,384.0,384.0,384.0,0.0,384.0,384.0,384.0,384.0,1,1.0,192.75,128.83333333333334,128.83333333333334,96.75,385.5,386.5,386.5,387.0,384.0,384.0,384.0,384.0,384.0,384.0,220.98095694727485,191.50043516051517,3.0,4.0,tehri garhwal,NORMAL,0.0,0.0,,,,,,,,,,,,,,,,LANDSLIDE,0.6713798873084588,67.14,VERY HIGH
5773,Yamuna Colony,Uttarakhand,49,Dehradun,30.33775278,78.03311667,2024-12-26,4494.5,306.0,17,2024,12,361,4494.5,4494.5,4494.5,0.0,4494.5,306.0,306.0,306.0,17,17.0,5482.0,5631.714285714285,5501.0,4941.592592592592,16446.0,39422.0,77014.0,133423.0,6151.5,6176.0,6195.5,6286.0,306.0,317.5,576.2332323766472,1728.6433155080667,7.0,27.0,dehradun,NORMAL,0.0,0.0,,,,,,,,,,,,,,,,LANDSLIDE,0.7540165211529892,75.4,VERY HIGH
5786,Roorkee_2,Uttarakhand,50,Haridwar,29.86771944,77.88415556,2024-12-27,1034.5,511.5,3,2024,12,362,1034.5,1034.5,1034.5,0.0,1034.5,511.5,511.5,511.5,3,3.0,2640.0,3323.1,3323.1,3711.5625,5280.0,16615.5,16615.5,29692.5,4245.5,4245.5,4245.5,4515.5,511.5,511.5,1328.9993604212157,1141.1912459449732,5.0,8.0,haridwar,NORMAL,0.0,0.0,,,,,,,,,,,,,,,,LANDSLIDE,0.773302714342446,77.33,VERY HIGH
5785,Manglaur_1,Uttarakhand,50,Haridwar,29.78567778,77.86368889,2024-12-27,1.0,0.5,2,2024,12,362,1.0,1.0,1.0,0.0,1.0,0.5,0.5,0.5,2,2.0,1.0,1.0,1.0,1.0,1.0,2.0,2.0,2.0,1.0,1.0,1.0,1.0,0.5,0.5,0.0,0.0,2.0,2.0,haridwar,NORMAL,0.0,0.0,,,,,,,,,,,,,,,,LANDSLIDE,0.8460009736182914,84.6,EXTREME
5777,Baijnath (Gomti),Uttarakhand,46,Bageshwar,29.90822222,79.61769444,2024-12-27,11.0,3.0,5,2024,12,362,11.0,11.0,11.0,0.0,11.0,3.0,3.0,3.0,5,5.0,10.5,10.5,117.625,116.5,21.0,21.0,470.5,815.5,11.0,11.0,449.0,449.0,10.0,449.0,0.7071067811865476,177.62953020261017,2.0,7.0,bageshwar,NORMAL,0.0,0.0,,,,,,,,,,,,,,,,LANDSLIDE,0.7169604588245891,71.7,VERY HIGH
5789,Nachni,Uttarakhand,53,Pithoragarh,29.90594444,80.16097222,2024-12-27,3.5,2.0,2,2024,12,362,3.5,3.5,3.5,0.0,3.5,2.0,2.0,2.0,2,2.0,3.5,3.5,3.5,3.5,3.5,3.5,3.5,3.5,3.5,3.5,3.5,3.5,2.0,2.0,0.0,0.0,1.0,1.0,pithoragarh,NORMAL,0.0,0.0,,,,,,,,,,,,,,,,LANDSLIDE,0.6451635262885264,64.52,VERY HIGH
5779,Khati_1,Uttarakhand,46,Bageshwar,30.11019722,79.94055833,2024-12-27,1.0,1.0,1,2024,12,362,1.0,1.0,1.0,0.0,1.0,1.0,1.0,1.0,1,1.0,1.0,0.75,0.75,0.75,1.0,1.5,1.5,1.5,1.0,1.0,1.0,1.0,1.0,1.0,0.3535533905932738,0.3535533905932738,2.0,2.0,bageshwar,NORMAL,0.0,0.0,,,,,,,,,,,,,,,,LANDSLIDE,0.8490764387275056,84.91,EXTREME
5791,Guptkashi_1,Uttarakhand,54,Rudraprayag,30.52863889,79.08508333,2024-12-27,14.0,3.5,7,2024,12,362,14.0,14.0,14.0,0.0,14.0,3.5,3.5,3.5,7,7.0,14.0,8.0,8.0,5.4,14.0,24.0,24.0,27.0,14.0,14.0,14.0,14.0,3.5,3.5,5.291502622129181,5.176871642217914,3.0,5.0,rudraprayag,LANDSLIDE,0.0,1.0,,,,,,,,,,,,,,,,LANDSLIDE,0.9238916546416547,92.39,EXTREME
5776,Lamgara,Uttarakhand,45,Almora,29.53866667,79.74994444,2024-12-27,2.0,1.5,2,2024,12,362,2.0,2.0,2.0,0.0,2.0,1.5,1.5,1.5,2,2.0,2.0,2.0,2.0,1.5,2.0,2.0,2.0,4.5,2.0,2.0,2.0,2.0,1.5,1.5,0.0,0.4999999999981845,1.0,3.0,almora,NORMAL,0.0,0.0,,,,,,,,,,,,,,,,LANDSLIDE,0.8970280689764699,89.7,EXTREME
5784,Bhagwanpur_1,Uttarakhand,50,Haridwar,29.93567778,77.80170611,2024-12-27,1.5,0.5,3,2024,12,362,1.5,1.5,1.5,0.0,1.5,0.5,0.5,0.5,3,3.0,1.5,1.5,1.5,1.5,1.5,1.5,1.5,1.5,1.5,1.5,1.5,1.5,0.5,0.5,0.0,0.0,1.0,1.0,haridwar,NORMAL,0.0,0.0,,,,,,,,,,,,,,,,LANDSLIDE,0.8937499455455806,89.37,EXTREME
5792,Kempty,Uttarakhand,55,Tehri Garhwal,30.49075,78.04738889,2024-12-27,4.0,1.0,6,2024,12,362,4.0,4.0,4.0,0.0,4.0,1.0,1.0,1.0,6,6.0,194.0,97.625,97.625,78.2,388.0,390.5,390.5,391.0,384.0,384.0,384.0,384.0,384.0,384.0,190.9211770164152,170.95269813606336,4.0,5.0,tehri garhwal,NORMAL,0.0,0.0,,,,,,,,,,,,,,,,LANDSLIDE,0.8519014625278036,85.19,EXTREME
5788,Srinagar_2,Uttarakhand,52,PAURI GARHWAL,30.23581944,78.81720278,2024-12-27,8.0,2.5,9,2024,12,362,8.0,8.0,8.0,0.0,8.0,2.5,2.5,2.5,9,9.0,8.0,4.25,4.25,4.25,8.0,8.5,8.5,8.5,8.0,8.0,8.0,8.0,2.5,2.5,5.303300858899107,5.303300858899107,2.0,2.0,pauri garhwal,NORMAL,0.0,0.0,,,,,,,,,,,,,,,,LANDSLIDE,0.8801939761018709,88.02,EXTREME
5790,Basukedar,Uttarakhand,54,Rudraprayag,30.43919444,79.05633333,2024-12-27,14.0,2.5,7,2024,12,362,14.0,14.0,14.0,0.0,14.0,2.5,2.5,2.5,7,7.0,14.0,5.833333333333333,5.833333333333333,5.833333333333333,14.0,17.5,17.5,17.5,14.0,14.0,14.0,14.0,2.5,2.5,7.182153808805082,7.182153808805082,3.0,3.0,rudraprayag,LANDSLIDE,0.0,1.0,,,,,,,,,,,,,,,,LANDSLIDE,0.8294790462518792,82.95,EXTREME
5780,Chakrata,Uttarakhand,49,Dehradun,30.76115556,77.86502778,2024-12-27,6.5,1.0,10,2024,12,362,6.5,6.5,6.5,0.0,6.5,1.0,1.0,1.0,10,10.0,6.5,5.666666666666667,5.666666666666667,4.3,6.5,17.0,17.0,21.5,6.5,9.0,9.0,9.0,2.0,2.5,3.8188130791298662,3.510697936308392,3.0,5.0,dehradun,NORMAL,0.0,0.0,,,,,,,,,,,,,,,,LANDSLIDE,0.8318188715316442,83.18,EXTREME
5783,Bahadarabad,Uttarakhand,50,Haridwar,29.92380278,78.03671389,2024-12-27,3.0,1.0,5,2024,12,362,3.0,3.0,3.0,0.0,3.0,1.0,1.0,1.0,5,5.0,3.0,3.0,3.0,3.0,3.0,3.0,3.0,3.0,3.0,3.0,3.0,3.0,1.0,1.0,0.0,0.0,1.0,1.0,haridwar,NORMAL,0.0,0.0,,,,,,,,,,,,,,,,LANDSLIDE,0.7557157416750316,75.57,VERY HIGH
5778,Kapkot (Saryu),Uttarakhand,46,Bageshwar,29.94516667,79.9025,2024-12-27,7.5,3.5,4,2024,12,362,7.5,7.5,7.5,0.0,7.5,3.5,3.5,3.5,4,4.0,9.5,9.5,9.5,9.5,19.0,19.0,19.0,19.0,11.5,11.5,11.5,11.5,11.5,11.5,2.8284271247461903,2.8284271247461903,2.0,2.0,bageshwar,NORMAL,0.0,0.0,,,,,,,,,,,,,,,,LANDSLIDE,0.7404970807063708,74.05,VERY HIGH
5793,Tumaria,Uttarakhand,56,UDHAM SINGH NAGAR,29.30704722,78.93133056,2024-12-27,2.0,1.5,2,2024,12,362,2.0,2.0,2.0,0.0,2.0,1.5,1.5,1.5,2,2.0,2.0,2.0,2.0,1.75,2.0,2.0,2.0,3.5,2.0,2.0,2.0,2.0,1.5,1.5,0.0,0.3535533905932738,1.0,2.0,udham singh nagar,NORMAL,0.0,0.0,,,,,,,,,,,,,,,,LANDSLIDE,0.6327100385997446,63.27,VERY HIGH
5781,Dakpathar,Uttarakhand,49,Dehradun,30.49866667,77.79744444,2024-12-27,4.5,1.0,7,2024,12,362,4.5,4.5,4.5,0.0,4.5,1.0,1.0,1.0,7,7.0,4.5,3.25,66.66666666666667,66.66666666666667,4.5,6.5,200.0,200.0,4.5,4.5,193.5,193.5,1.0,193.5,1.7677669529663689,109.84800104386667,2.0,3.0,dehradun,NORMAL,0.0,0.0,,,,,,,,,,,,,,,,LANDSLIDE,0.607596688986395,60.76,VERY HIGH
5787,Dugadda (Khoh),Uttarakhand,52,PAURI GARHWAL,29.75108333,78.52341667,2024-12-27,1.0,0.5,2,2024,12,362,1.0,1.0,1.0,0.0,1.0,0.5,0.5,0.5,2,2.0,1.0,97.0,97.0,97.0,1.0,194.0,194.0,194.0,1.0,193.0,193.0,193.0,193.0,193.0,135.7645019878171,135.7645019878171,2.0,2.0,pauri garhwal,NORMAL,0.0,0.0,,,,,,,,,,,,,,,,LANDSLIDE,0.7336526575276576,73.37,VERY HIGH
5782,Yamuna Colony,Uttarakhand,49,Dehradun,30.33775278,78.03311667,2024-12-27,1777.0,265.5,7,2024,12,362,1777.0,1777.0,1777.0,0.0,1777.0,265.5,265.5,265.5,7,7.0,4141.0,5003.285714285715,5195.142857142857,4828.571428571428,12423.0,35023.0,72732.0,135200.0,6151.5,6151.5,6195.5,6286.0,306.0,317.5,1516.04674667216,1798.6659753843403,7.0,28.0,dehradun,NORMAL,0.0,0.0,,,,,,,,,,,,,,,,LANDSLIDE,0.7331929644429646,73.32,VERY HIGH
5796,Kapkot (Saryu),Uttarakhand,46,Bageshwar,29.94516667,79.9025,2024-12-28,17.0,4.5,11,2024,12,363,17.0,17.0,17.0,0.0,17.0,4.5,4.5,4.5,11,11.0,12.25,12.0,12.0,12.0,24.5,36.0,36.0,36.0,17.0,17.0,17.0,17.0,11.5,11.5,4.769696007084728,4.769696007084728,3.0,3.0,bageshwar,NORMAL,0.0,0.0,,,,,,,,,,,,,,,,LANDSLIDE,0.7798197962891481,77.98,VERY HIGH
5795,Baijnath (Gomti),Uttarakhand,46,Bageshwar,29.90822222,79.61769444,2024-12-28,12.5,2.5,15,2024,12,363,12.5,12.5,12.5,0.0,12.5,2.5,2.5,2.5,15,15.0,11.75,11.166666666666666,96.6,103.5,23.5,33.5,483.0,828.0,12.5,12.5,449.0,449.0,10.0,449.0,1.2583057392117918,168.51345855535016,3.0,8.0,bageshwar,NORMAL,0.0,0.0,,,,,,,,,,,,,,,,LANDSLIDE,0.6934425604352075,69.34,VERY HIGH
5801,Dakpathar,Uttarakhand,49,Dehradun,30.49866667,77.79744444,2024-12-28,51.0,12.0,13,2024,12,363,51.0,51.0,51.0,0.0,51.0,12.0,12.0,12.0,13,13.0,27.75,19.166666666666668,62.75,62.75,55.5,57.5,251.0,251.0,51.0,51.0,193.5,193.5,12.0,193.5,27.59679933132343,90.0319387773028,3.0,4.0,dehradun,NORMAL,0.0,0.0,,,,,,,,,,,,,,,,LANDSLIDE,0.6577218614718614,65.77,VERY HIGH
5809,Nachni,Uttarakhand,53,Pithoragarh,29.90594444,80.16097222,2024-12-28,17.0,5.0,8,2024,12,363,17.0,17.0,17.0,0.0,17.0,5.0,5.0,5.0,8,8.0,10.25,10.25,10.25,10.25,20.5,20.5,20.5,20.5,17.0,17.0,17.0,17.0,5.0,5.0,9.545941546018392,9.545941546018392,2.0,2.0,pithoragarh,NORMAL,0.0,0.0,,,,,,,,,,,,,,,,LANDSLIDE,0.5710260942760944,57.1,HIGH
5802,Bahadarabad,Uttarakhand,50,Haridwar,29.92380278,78.03671389,2024-12-28,1.5,1.5,1,2024,12,363,1.5,1.5,1.5,0.0,1.5,1.5,1.5,1.5,1,1.0,2.25,2.25,2.25,2.25,4.5,4.5,4.5,4.5,3.0,3.0,3.0,3.0,1.5,1.5,1.0606601717798212,1.0606601717798212,2.0,2.0,haridwar,NORMAL,0.0,0.0,,,,,,,,,,,,,,,,LANDSLIDE,0.6267187642793933,62.67,VERY HIGH
5800,Chakrata,Uttarakhand,49,Dehradun,30.76115556,77.86502778,2024-12-28,45.0,5.5,19,2024,12,363,45.0,45.0,45.0,0.0,45.0,5.5,5.5,5.5,19,19.0,25.75,15.5,15.5,11.083333333333334,51.5,62.0,62.0,66.5,45.0,45.0,45.0,45.0,5.5,5.5,19.91230775173988,16.909809776182186,4.0,6.0,dehradun,NORMAL,0.0,0.0,,,,,,,,,,,,,,,,LANDSLIDE,0.6292917699773991,62.93,VERY HIGH
5803,Bhagwanpur_1,Uttarakhand,50,Haridwar,29.93567778,77.80170611,2024-12-28,1.5,0.5,3,2024,12,363,1.5,1.5,1.5,0.0,1.5,0.5,0.5,0.5,3,3.0,1.5,1.5,1.5,1.5,3.0,3.0,3.0,3.0,1.5,1.5,1.5,1.5,0.5,0.5,0.0,0.0,2.0,2.0,haridwar,NORMAL,0.0,0.0,,,,,,,,,,,,,,,,LANDSLIDE,0.5535699672703022,55.36,HIGH
5811,Guptkashi_1,Uttarakhand,54,Rudraprayag,30.52863889,79.08508333,2024-12-28,20.0,2.5,13,2024,12,363,20.0,20.0,20.0,0.0,20.0,2.5,2.5,2.5,13,13.0,17.0,11.0,11.0,7.833333333333333,34.0,44.0,44.0,47.0,20.0,20.0,20.0,20.0,3.5,3.5,7.393691004272944,7.547626558506102,4.0,6.0,rudraprayag,LANDSLIDE,0.0,1.0,,,,,,,,,,,,,,,,LANDSLIDE,0.6380515873015874,63.81,VERY HIGH
5815,Sitarganj_1,Uttarakhand,56,UDHAM SINGH NAGAR,28.92971389,79.703,2024-12-28,1.0,0.5,2,2024,12,363,1.0,1.0,1.0,0.0,1.0,0.5,0.5,0.5,2,2.0,1.0,1.25,7.833333333333333,7.833333333333333,1.0,2.5,23.5,23.5,1.0,1.5,21.0,21.0,1.5,10.5,0.3535533905932738,11.405408073950415,2.0,3.0,udham singh nagar,NORMAL,0.0,0.0,,,,,,,,,,,,,,,,LANDSLIDE,0.6197275132275133,61.97,VERY HIGH
5816,Tumaria,Uttarakhand,56,UDHAM SINGH NAGAR,29.30704722,78.93133056,2024-12-28,3.5,2.5,2,2024,12,363,3.5,3.5,3.5,0.0,3.5,2.5,2.5,2.5,2,2.0,2.75,2.75,2.75,2.333333333333333,5.5,5.5,5.5,7.0,3.5,3.5,3.5,3.5,2.5,2.5,1.0606601717798212,1.0408329997330663,2.0,3.0,udham singh nagar,NORMAL,0.0,0.0,,,,,,,,,,,,,,,,LANDSLIDE,0.6863068783068782,68.63,VERY HIGH
5798,Nandprayag (Nandakini),Uttarakhand,47,Chamoli,30.33122222,79.31063889,2024-12-28,0.5,0.5,1,2024,12,363,0.5,0.5,0.5,0.0,0.5,0.5,0.5,0.5,1,1.0,0.5,0.5,4.166666666666667,4.166666666666667,0.5,1.0,12.5,12.5,0.5,0.5,11.5,11.5,0.5,9.5,0.0,6.350852961085884,2.0,3.0,chamoli,NORMAL,0.0,0.0,,,,,,,,,,,,,,,,LANDSLIDE,0.6951402116402116,69.51,VERY HIGH
5814,Haripura_2,Uttarakhand,56,UDHAM SINGH NAGAR,29.13151944,79.25965556,2024-12-28,3.0,3.0,1,2024,12,363,3.0,3.0,3.0,0.0,3.0,3.0,3.0,3.0,1,1.0,3.0,3.0,3.0,3.0,3.0,3.0,3.0,3.0,3.0,3.0,3.0,3.0,3.0,3.0,0.0,0.0,1.0,1.0,udham singh nagar,NORMAL,0.0,0.0,,,,,,,,,,,,,,,,LANDSLIDE,0.7726879438282119,77.27,VERY HIGH
5806,Mukteshwar_1,Uttarakhand,51,Nainital,29.47413889,79.65119444,2024-12-28,30.0,8.5,11,2024,12,363,30.0,30.0,30.0,0.0,30.0,8.5,8.5,8.5,11,11.0,30.0,30.0,30.0,130.75,30.0,30.0,30.0,523.0,30.0,30.0,30.0,492.0,8.5,492.0,0.0,241.2344986384272,1.0,4.0,nainital,NORMAL,0.0,0.0,,,,,,,,,,,,,,,,LANDSLIDE,0.7962651027087764,79.63,VERY HIGH
5805,Haldwani_1,Uttarakhand,51,Nainital,29.214725,79.52400278,2024-12-28,22.5,9.5,10,2024,12,363,22.5,22.5,22.5,0.0,22.5,9.5,9.5,9.5,10,10.0,22.5,22.5,22.5,22.5,22.5,22.5,22.5,22.5,22.5,22.5,22.5,22.5,9.5,9.5,0.0,0.0,1.0,1.0,nainital,NORMAL,0.0,0.0,,,,,,,,,,,,,,,,LANDSLIDE,0.7825972210261887,78.26,VERY HIGH
5810,Basukedar,Uttarakhand,54,Rudraprayag,30.43919444,79.05633333,2024-12-28,15.5,3.0,14,2024,12,363,15.5,15.5,15.5,0.0,15.5,3.0,3.0,3.0,14,14.0,14.75,8.25,8.25,8.25,29.5,33.0,33.0,33.0,15.5,15.5,15.5,15.5,3.0,3.0,7.599342076785332,7.599342076785332,4.0,4.0,rudraprayag,LANDSLIDE,0.0,1.0,,,,,,,,,,,,,,,,LANDSLIDE,0.7738446623103947,77.38,VERY HIGH
5799,Tanakpur_1,Uttarakhand,48,Champawat,29.07222222,80.1175,2024-12-28,3.5,2.0,3,2024,12,363,3.5,3.5,3.5,0.0,3.5,2.0,2.0,2.0,3,3.0,3.5,4.25,3.1666666666666665,3.1666666666666665,3.5,8.5,9.5,9.5,3.5,5.0,5.0,5.0,2.0,2.0,1.0606601717798212,2.0207259421636903,2.0,3.0,champawat,NORMAL,0.0,0.0,,,,,,,,,,,,,,,,LANDSLIDE,0.7761509959549637,77.62,VERY HIGH
5808,Srinagar_2,Uttarakhand,52,PAURI GARHWAL,30.23581944,78.81720278,2024-12-28,9.0,4.5,3,2024,12,363,9.0,9.0,9.0,0.0,9.0,4.5,4.5,4.5,3,3.0,8.5,5.833333333333333,5.833333333333333,5.833333333333333,17.0,17.5,17.5,17.5,9.0,9.0,9.0,9.0,4.5,4.5,4.645786621588785,4.645786621588785,3.0,3.0,pauri garhwal,NORMAL,0.0,0.0,,,,,,,,,,,,,,,,LANDSLIDE,0.7657660753200431,76.58,VERY HIGH
5813,Gadarpur,Uttarakhand,56,UDHAM SINGH NAGAR,29.04324167,79.24461944,2024-12-28,11.0,2.0,10,2024,12,363,11.0,11.0,11.0,0.0,11.0,2.0,2.0,2.0,10,10.0,11.0,11.0,11.0,11.0,11.0,11.0,11.0,11.0,11.0,11.0,11.0,11.0,2.0,2.0,0.0,0.0,1.0,1.0,udham singh nagar,NORMAL,0.0,0.0,,,,,,,,,,,,,,,,LANDSLIDE,0.752704811420544,75.27,VERY HIGH
5794,Lamgara,Uttarakhand,45,Almora,29.53866667,79.74994444,2024-12-28,21.5,4.0,14,2024,12,363,21.5,21.5,21.5,0.0,21.5,4.0,4.0,4.0,14,14.0,11.75,11.75,11.75,6.5,23.5,23.5,23.5,26.0,21.5,21.5,21.5,21.5,4.0,4.0,13.788582233137676,10.00832986400156,2.0,4.0,almora,NORMAL,0.0,0.0,,,,,,,,,,,,,,,,LANDSLIDE,0.7493714780872107,74.94,VERY HIGH
5797,Khati_1,Uttarakhand,46,Bageshwar,30.11019722,79.94055833,2024-12-28,0.5,0.5,1,2024,12,363,0.5,0.5,0.5,0.0,0.5,0.5,0.5,0.5,1,1.0,0.75,0.6666666666666666,0.6666666666666666,0.6666666666666666,1.5,2.0,2.0,2.0,1.0,1.0,1.0,1.0,1.0,1.0,0.2886751345948128,0.2886751345948128,3.0,3.0,bageshwar,NORMAL,0.0,0.0,,,,,,,,,,,,,,,,LANDSLIDE,0.7493714780872107,74.94,VERY HIGH
5807,Dugadda (Khoh),Uttarakhand,52,PAURI GARHWAL,29.75108333,78.52341667,2024-12-28,2.0,0.5,4,2024,12,363,2.0,2.0,2.0,0.0,2.0,0.5,0.5,0.5,4,4.0,1.5,1.5,65.33333333333333,65.33333333333333,3.0,3.0,196.0,196.0,2.0,2.0,193.0,193.0,0.5,193.0,0.7071067811865476,110.56370712549996,2.0,3.0,pauri garhwal,NORMAL,0.0,0.0,,,,,,,,,,,,,,,,LANDSLIDE,0.6584792682475612,65.85,VERY HIGH
5804,Manglaur_1,Uttarakhand,50,Haridwar,29.78567778,77.86368889,2024-12-28,0.5,0.5,1,2024,12,363,0.5,0.5,0.5,0.0,0.5,0.5,0.5,0.5,1,1.0,0.75,0.8333333333333334,0.8333333333333334,0.8333333333333334,1.5,2.5,2.5,2.5,1.0,1.0,1.0,1.0,0.5,0.5,0.2886751345948129,0.2886751345948129,3.0,3.0,haridwar,NORMAL,0.0,0.0,,,,,,,,,,,,,,,,LANDSLIDE,0.6794250724433653,67.94,VERY HIGH
5812,Kempty,Uttarakhand,55,Tehri Garhwal,30.49075,78.04738889,2024-12-28,61.5,14.5,16,2024,12,363,61.5,61.5,61.5,0.0,61.5,14.5,14.5,14.5,16,16.0,149.83333333333334,90.4,90.4,75.41666666666667,449.5,452.0,452.0,452.5,384.0,384.0,384.0,384.0,384.0,384.0,166.12999428158662,153.05666162133116,5.0,6.0,tehri garhwal,NORMAL,0.0,0.0,,,,,,,,,,,,,,,,LANDSLIDE,0.7881570252548252,78.82,VERY HIGH
5822,Nachni,Uttarakhand,53,Pithoragarh,29.90594444,80.16097222,2024-12-29,1.0,1.0,1,2024,12,364,1.0,1.0,1.0,0.0,1.0,1.0,1.0,1.0,1,1.0,7.166666666666667,7.166666666666667,7.166666666666667,7.166666666666667,21.5,21.5,21.5,21.5,17.0,17.0,17.0,17.0,5.0,5.0,8.60716755578357,8.60716755578357,3.0,3.0,pithoragarh,NORMAL,0.0,0.0,,,,,,,,,,,,,,,,LANDSLIDE,0.8278019551977774,82.78,EXTREME
5817,Baijnath (Gomti),Uttarakhand,46,Bageshwar,29.90822222,79.61769444,2024-12-29,1.0,1.0,1,2024,12,364,1.0,1.0,1.0,0.0,1.0,1.0,1.0,1.0,1,1.0,8.166666666666666,8.625,96.7,68.625,24.5,34.5,483.5,549.0,12.5,12.5,449.0,449.0,10.0,449.0,5.186119294167203,155.10428519455638,4.0,8.0,bageshwar,NORMAL,0.0,0.0,,,,,,,,,,,,,,,,LANDSLIDE,0.7878023938572719,78.78,VERY HIGH
5821,Manglaur_1,Uttarakhand,50,Haridwar,29.78567778,77.86368889,2024-12-29,1.0,0.5,2,2024,12,364,1.0,1.0,1.0,0.0,1.0,0.5,0.5,0.5,2,2.0,0.8333333333333334,0.875,0.875,0.875,2.5,3.5,3.5,3.5,1.0,1.0,1.0,1.0,0.5,0.5,0.25,0.25,4.0,4.0,haridwar,NORMAL,0.0,0.0,,,,,,,,,,,,,,,,LANDSLIDE,0.7679516017751312,76.8,VERY HIGH
5819,Chakrata,Uttarakhand,49,Dehradun,30.76115556,77.86502778,2024-12-29,0.5,0.5,1,2024,12,364,0.5,0.5,0.5,0.0,0.5,0.5,0.5,0.5,1,1.0,17.333333333333332,12.5,12.5,9.571428571428571,52.0,62.5,62.5,67.0,45.0,45.0,45.0,45.0,5.5,5.5,18.503378069963336,15.946338585572372,5.0,7.0,dehradun,NORMAL,0.0,0.0,,,,,,,,,,,,,,,,LANDSLIDE,0.7513411805718598,75.13,VERY HIGH
5818,Kapkot (Saryu),Uttarakhand,46,Bageshwar,29.94516667,79.9025,2024-12-29,0.5,0.5,1,2024,12,364,0.5,0.5,0.5,0.0,0.5,0.5,0.5,0.5,1,1.0,8.333333333333334,9.125,9.125,9.125,25.0,36.5,36.5,36.5,17.0,17.0,17.0,17.0,11.5,11.5,6.9447222166668885,6.9447222166668885,4.0,4.0,bageshwar,NORMAL,0.0,0.0,,,,,,,,,,,,,,,,LANDSLIDE,0.6733120462396552,67.33,VERY HIGH
5820,Bhagwanpur_1,Uttarakhand,50,Haridwar,29.93567778,77.80170611,2024-12-29,0.5,0.5,1,2024,12,364,0.5,0.5,0.5,0.0,0.5,0.5,0.5,0.5,1,1.0,1.1666666666666667,1.1666666666666667,1.1666666666666667,1.1666666666666667,3.5,3.5,3.5,3.5,1.5,1.5,1.5,1.5,0.5,0.5,0.5773502691896258,0.5773502691896258,3.0,3.0,haridwar,NORMAL,0.0,0.0,,,,,,,,,,,,,,,,LANDSLIDE,0.6235505509243237,62.36,VERY HIGH
5823,Yamuna Colony,Uttarakhand,49,Dehradun,30.33775278,78.03311667,2024-12-31,2258.5,253.5,9,2024,12,366,2258.5,2258.5,2258.5,0.0,2258.5,253.5,253.5,253.5,9,9.0,2258.5,3670.375,5060.772727272727,5061.462962962963,2258.5,14681.5,55668.5,136659.5,2258.5,6151.5,6195.5,6286.0,306.0,317.5,2034.1602024340837,1430.578553794061,4.0,27.0,dehradun,NORMAL,0.0,0.0,,,,,,,,,,,,,,,,LANDSLIDE,0.7446055330459096,74.46,VERY HIGH
5825,Roorkee_2,Uttarakhand,50,Haridwar,29.86771944,77.88415556,2024-12-31,2315.0,511.5,8,2024,12,366,2315.0,2315.0,2315.0,0.0,2315.0,511.5,511.5,511.5,8,8.0,2315.0,2531.6666666666665,3155.083333333333,3556.3888888888887,2315.0,7595.0,18930.5,32007.5,2315.0,4245.5,4245.5,4515.5,511.5,511.5,1616.4277228918506,1164.5760703411008,3.0,9.0,haridwar,NORMAL,0.0,0.0,,,,,,,,,,,,,,,,LANDSLIDE,0.6999710725957251,70.0,VERY HIGH
5824,Bhagwanpur_1,Uttarakhand,50,Haridwar,29.93567778,77.80170611,2024-12-31,0.5,0.5,1,2024,12,366,0.5,0.5,0.5,0.0,0.5,0.5,0.5,0.5,1,1.0,0.5,1.0,1.0,1.0,1.0,4.0,4.0,4.0,0.5,1.5,1.5,1.5,0.5,0.5,0.5773502691896257,0.5773502691896257,4.0,4.0,haridwar,NORMAL,0.0,0.0,,,,,,,,,,,,,,,,LANDSLIDE,0.8215733418628156,82.16,EXTREME
5826,Yamuna Colony,Uttarakhand,49,Dehradun,30.33775278,78.03311667,2025-01-01,4649.5,286.0,18,2025,1,1,4649.5,4649.5,4649.5,0.0,4649.5,286.0,286.0,286.0,18,18.0,3454.0,3294.875,4936.590909090909,5213.148148148148,6908.0,13179.5,54302.5,140755.0,4649.5,4649.5,6195.5,6286.0,306.0,317.5,1489.0854785740153,1117.030651865913,4.0,27.0,dehradun,NORMAL,0.0,0.0,,,,,,,,,,,,,,,,LANDSLIDE,0.8849513238726794,88.5,EXTREME
5829,Yamkeshwar,Uttarakhand,52,PAURI GARHWAL,29.96130556,78.44086111,2025-01-02,64.5,64.5,1,2025,1,2,64.5,64.5,64.5,0.0,64.5,64.5,64.5,64.5,1,1.0,64.5,64.5,64.5,64.5,64.5,64.5,64.5,64.5,64.5,64.5,64.5,64.5,64.5,64.5,0.0,0.0,1.0,1.0,pauri garhwal,NORMAL,0.0,0.0,,,,,,,,,,,,,,,,LANDSLIDE,0.8272797839427409,82.73,EXTREME
5827,Yamuna Colony,Uttarakhand,49,Dehradun,30.33775278,78.03311667,2025-01-02,5913.0,296.0,23,2025,1,2,5913.0,5913.0,5913.0,0.0,5913.0,296.0,296.0,296.0,23,23.0,4273.666666666667,3649.5,4910.909090909091,5226.833333333333,12821.0,14598.0,54020.0,141124.5,5913.0,5913.0,6176.0,6286.0,296.0,317.5,1963.378847802941,1123.4784240165798,4.0,27.0,dehradun,NORMAL,0.0,0.0,,,,,,,,,,,,,,,,LANDSLIDE,0.7866878648670445,78.67,VERY HIGH
5828,Roorkee_2,Uttarakhand,50,Haridwar,29.86771944,77.88415556,2025-01-02,3801.0,511.5,14,2025,1,2,3801.0,3801.0,3801.0,0.0,3801.0,511.5,511.5,511.5,14,14.0,3058.0,2383.5,3247.3571428571427,3580.85,6116.0,7150.5,22731.5,35808.5,3801.0,3801.0,4245.5,4515.5,511.5,511.5,1384.5214877350224,1100.6942518752062,3.0,10.0,haridwar,NORMAL,0.0,0.0,,,,,,,,,,,,,,,,NORMAL,0.8505447901091179,85.05,EXTREME
5831,Yamuna Colony,Uttarakhand,49,Dehradun,30.33775278,78.03311667,2025-01-03,5153.5,315.5,19,2025,1,3,5153.5,5153.5,5153.5,0.0,5153.5,315.5,315.5,315.5,19,19.0,5238.666666666667,4493.625,4817.954545454545,5263.037037037037,15716.0,17974.5,52997.5,142102.0,5913.0,5913.0,6151.5,6286.0,315.5,315.5,1577.9882960592593,1103.8923436041284,4.0,27.0,dehradun,NORMAL,0.0,0.0,,,,,,,,,,,,,,,,NORMAL,0.8861399221043784,88.61,EXTREME
5832,Roorkee_2,Uttarakhand,50,Haridwar,29.86771944,77.88415556,2025-01-03,3293.0,511.5,12,2025,1,3,3293.0,3293.0,3293.0,0.0,3293.0,511.5,511.5,511.5,12,12.0,3547.0,3136.333333333333,3253.0625,3554.681818181818,7094.0,9409.0,26024.5,39101.5,3801.0,3801.0,4245.5,4515.5,511.5,511.5,755.2862591980164,1047.8108434428284,3.0,11.0,haridwar,NORMAL,0.0,0.0,,,,,,,,,,,,,,,,NORMAL,0.9746082791428142,97.46,EXTREME
5830,Tanakpur_1,Uttarakhand,48,Champawat,29.07222222,80.1175,2025-01-03,360.0,360.0,1,2025,1,3,360.0,360.0,360.0,0.0,360.0,360.0,360.0,360.0,1,1.0,360.0,181.75,122.83333333333331,92.375,360.0,363.5,368.5,369.5,360.0,360.0,360.0,360.0,360.0,360.0,252.08356749300415,178.42429533745303,2.0,4.0,champawat,NORMAL,0.0,0.0,,,,,,,,,,,,,,,,NORMAL,0.9592282700869543,95.92,EXTREME
5833,Yamuna Colony,Uttarakhand,49,Dehradun,30.33775278,78.03311667,2025-01-04,3142.0,315.5,12,2025,1,4,3142.0,3142.0,3142.0,0.0,3142.0,315.5,315.5,315.5,12,12.0,4736.166666666667,4223.3,4571.045454545455,5187.555555555556,14208.5,21116.5,50281.5,140064.0,5913.0,5913.0,6151.5,6286.0,315.5,315.5,1494.2935872846415,1177.0417231129604,5.0,27.0,dehradun,NORMAL,0.0,0.0,,,,,,,,,,,,,,,,NORMAL,0.9716136832611172,97.16,EXTREME
5836,Dharchula_1,Uttarakhand,53,Pithoragarh,29.84825,80.54047222,2025-01-05,-217.0,-217.0,1,2025,1,5,-217.0,-217.0,-217.0,0.0,-217.0,-217.0,-217.0,-217.0,1,1.0,-217.0,-217.0,-217.0,-217.0,-217.0,-217.0,-217.0,-217.0,-217.0,-217.0,-217.0,-217.0,-217.0,-217.0,0.0,0.0,0.0,0.0,pithoragarh,NORMAL,0.0,0.0,,,,,,,,,,,,,,,,NORMAL,0.9140816240088437,91.41,EXTREME
5834,Tanakpur_1,Uttarakhand,48,Champawat,29.07222222,80.1175,2025-01-05,4.0,3.5,2,2025,1,5,4.0,4.0,4.0,0.0,4.0,3.5,3.5,3.5,2,2.0,182.0,182.0,93.125,74.7,364.0,364.0,372.5,373.5,360.0,360.0,360.0,360.0,360.0,360.0,251.7300141024109,159.49435726695788,2.0,5.0,champawat,NORMAL,0.0,0.0,,,,,,,,,,,,,,,,NORMAL,0.8858158683279633,88.58,EXTREME
5835,Yamuna Colony,Uttarakhand,49,Dehradun,30.33775278,78.03311667,2025-01-05,286.0,286.0,1,2025,1,5,286.0,286.0,286.0,0.0,286.0,286.0,286.0,286.0,1,1.0,2860.5,3567.083333333333,4102.090909090909,4965.333333333333,8581.5,21402.5,45123.0,134064.0,5153.5,5913.0,6151.5,6195.5,315.5,315.5,2090.4670630427718,1487.2075148773629,6.0,27.0,dehradun,NORMAL,0.0,0.0,,,,,,,,,,,,,,,,NORMAL,0.7485494567473018,74.85,VERY HIGH
5837,Yamuna Colony,Uttarakhand,49,Dehradun,30.33775278,78.03311667,2025-01-06,4282.5,293.5,16,2025,1,6,4282.5,4282.5,4282.5,0.0,4282.5,293.5,293.5,293.5,16,16.0,2570.1666666666665,3669.285714285714,3991.636363636364,4929.537037037037,7710.5,25685.0,43908.0,133097.5,4282.5,5913.0,6151.5,6195.5,315.5,315.5,1927.3888393614925,1491.7418634056785,7.0,27.0,dehradun,NORMAL,0.0,0.0,,,,,,,,,,,,,,,,NORMAL,0.9452587810834454,94.53,EXTREME
5838,Manglaur_1,Uttarakhand,50,Haridwar,29.78567778,77.86368889,2025-01-06,0.5,0.5,1,2025,1,6,0.5,0.5,0.5,0.0,0.5,0.5,0.5,0.5,1,1.0,0.5,0.5,0.8,0.8,0.5,0.5,4.0,4.0,0.5,0.5,1.0,1.0,0.5,0.5,0.0,0.2738612787525831,1.0,5.0,haridwar,NORMAL,0.0,0.0,,,,,,,,,,,,,,,,NORMAL,0.9667594424591069,96.68,EXTREME
5839,Champawat_1,Uttarakhand,48,Champawat,29.33341667,80.08469444,2025-01-07,-36.0,-36.0,1,2025,1,7,-36.0,-36.0,-36.0,0.0,-36.0,-36.0,-36.0,-36.0,1,1.0,-36.0,-36.0,-36.0,120.0,-36.0,-36.0,-36.0,360.0,-36.0,-36.0,-36.0,384.0,-36.0,384.0,0.0,229.8869287280162,0.0,2.0,champawat,NORMAL,0.0,0.0,,,,,,,,,,,,,,,,NORMAL,0.9342732876999134,93.43,EXTREME
5840,Yamuna Colony,Uttarakhand,49,Dehradun,30.33775278,78.03311667,2025-01-07,6098.5,511.5,23,2025,1,7,6098.5,6098.5,6098.5,0.0,6098.5,511.5,511.5,511.5,23,23.0,3555.6666666666665,4217.857142857143,4018.772727272728,4957.537037037037,10667.0,29525.0,44206.5,133853.5,6098.5,6098.5,6151.5,6195.5,511.5,511.5,2003.880313173372,1506.8102639856256,7.0,27.0,dehradun,NORMAL,0.0,0.0,,,,,,,,,,,,,,,,NORMAL,0.7460107267460206,74.6,VERY HIGH
5841,Yamuna Colony,Uttarakhand,49,Dehradun,30.33775278,78.03311667,2025-01-08,5100.0,284.0,20,2025,1,8,5100.0,5100.0,5100.0,0.0,5100.0,284.0,284.0,284.0,20,20.0,5160.333333333333,4282.214285714285,3923.181818181818,4936.055555555556,15481.0,29975.5,43155.0,133273.5,6098.5,6098.5,6098.5,6195.5,511.5,511.5,2027.1525772443904,1500.2344709906938,7.0,27.0,dehradun,NORMAL,0.0,0.0,,,,,,,,,,,,,,,,NORMAL,0.7756840904193845,77.57,VERY HIGH
5844,Kempty,Uttarakhand,55,Tehri Garhwal,30.49075,78.04738889,2025-01-09,352.0,192.0,2,2025,1,9,352.0,352.0,352.0,0.0,352.0,192.0,192.0,192.0,2,2.0,352.0,352.0,139.16666666666666,134.0,352.0,352.0,417.5,804.0,352.0,352.0,352.0,384.0,192.0,384.0,0.0,182.98934395204543,1.0,6.0,tehri garhwal,NORMAL,0.0,0.0,,,,,,,,,,,,,,,,NORMAL,0.8907671125171125,89.08,EXTREME
5843,Yamuna Colony,Uttarakhand,49,Dehradun,30.33775278,78.03311667,2025-01-09,4875.0,276.0,19,2025,1,9,4875.0,4875.0,4875.0,0.0,4875.0,276.0,276.0,276.0,19,19.0,5357.833333333333,4133.928571428572,3957.772727272728,4894.240740740741,16073.5,28937.5,43535.5,132144.5,6098.5,6098.5,6098.5,6195.5,511.5,511.5,1923.2826848163245,1484.9799750681104,7.0,27.0,dehradun,NORMAL,0.0,0.0,,,,,,,,,,,,,,,,NORMAL,0.8963297258297257,89.63,EXTREME
5842,Champawat_1,Uttarakhand,48,Champawat,29.33341667,80.08469444,2025-01-09,-36.0,-36.0,1,2025,1,9,-36.0,-36.0,-36.0,0.0,-36.0,-36.0,-36.0,-36.0,1,1.0,-36.0,-36.0,-36.0,81.0,-72.0,-72.0,-72.0,324.0,-36.0,-36.0,-36.0,384.0,-36.0,384.0,0.0,203.2633759436264,0.0,2.0,champawat,NORMAL,0.0,0.0,,,,,,,,,,,,,,,,NORMAL,0.9040443722943724,90.4,EXTREME
5846,Yamuna Colony,Uttarakhand,49,Dehradun,30.33775278,78.03311667,2025-01-10,3847.0,511.5,14,2025,1,10,3847.0,3847.0,3847.0,0.0,3847.0,511.5,511.5,511.5,14,14.0,4607.333333333333,3947.285714285714,4145.954545454545,4817.5,13822.0,27631.0,45605.5,130072.5,5100.0,6098.5,6098.5,6195.5,511.5,511.5,1870.51913153236,1483.5233334090974,7.0,27.0,dehradun,NORMAL,0.0,0.0,,,,,,,,,,,,,,,,NORMAL,0.8765979945979945,87.66,EXTREME
5845,Champawat_1,Uttarakhand,48,Champawat,29.33341667,80.08469444,2025-01-10,113.5,113.0,2,2025,1,10,113.5,113.5,113.5,0.0,113.5,113.0,113.0,113.0,2,2.0,38.75,13.833333333333334,13.833333333333334,87.5,77.5,41.5,41.5,437.5,113.5,113.5,113.5,384.0,113.0,384.0,86.31386524384905,176.6302635450675,1.0,3.0,champawat,NORMAL,0.0,0.0,,,,,,,,,,,,,,,,NORMAL,0.8635443722943721,86.35,EXTREME
5854,Haldwani_1,Uttarakhand,51,Nainital,29.214725,79.52400278,2025-01-12,7.0,5.0,3,2025,1,12,7.0,7.0,7.0,0.0,7.0,5.0,5.0,5.0,3,3.0,7.0,7.0,7.0,14.75,7.0,7.0,7.0,29.5,7.0,7.0,7.0,22.5,5.0,9.5,0.0,10.960155108391486,1.0,2.0,nainital,NORMAL,0.0,0.0,,,,,,,,,,,,,,,,NORMAL,0.8221019628519626,82.21,EXTREME
5856,Dugadda (Khoh),Uttarakhand,52,PAURI GARHWAL,29.75108333,78.52341667,2025-01-12,0.5,0.5,1,2025,1,12,0.5,0.5,0.5,0.0,0.5,0.5,0.5,0.5,1,1.0,0.5,0.5,0.5,49.125,0.5,0.5,0.5,196.5,0.5,0.5,0.5,193.0,0.5,193.0,0.0,95.91869386794907,1.0,4.0,pauri garhwal,NORMAL,0.0,0.0,,,,,,,,,,,,,,,,NORMAL,0.7833425925925925,78.33,VERY HIGH
5848,Baijnath (Gomti),Uttarakhand,46,Bageshwar,29.90822222,79.61769444,2025-01-12,5.0,3.0,4,2025,1,12,5.0,5.0,5.0,0.0,5.0,3.0,3.0,3.0,4,4.0,5.0,5.0,5.0,69.85714285714286,5.0,5.0,5.0,489.0,5.0,5.0,5.0,449.0,3.0,449.0,0.0,167.2544753476257,1.0,7.0,bageshwar,NORMAL,0.0,0.0,,,,,,,,,,,,,,,,NORMAL,0.8552645502645502,85.53,EXTREME
5853,Manglaur_1,Uttarakhand,50,Haridwar,29.78567778,77.86368889,2025-01-12,1.0,0.5,2,2025,1,12,1.0,1.0,1.0,0.0,1.0,0.5,0.5,0.5,2,2.0,1.0,0.75,0.75,0.8333333333333334,1.0,1.5,1.5,5.0,1.0,1.0,1.0,1.0,0.5,0.5,0.3535533905932738,0.2581988897471611,2.0,6.0,haridwar,NORMAL,0.0,0.0,,,,,,,,,,,,,,,,NORMAL,0.7447183701625117,74.47,VERY HIGH
5855,Mukteshwar_1,Uttarakhand,51,Nainital,29.47413889,79.65119444,2025-01-12,5.0,1.5,5,2025,1,12,5.0,5.0,5.0,0.0,5.0,1.5,1.5,1.5,5,5.0,5.0,5.0,5.0,17.5,5.0,5.0,5.0,35.0,5.0,5.0,5.0,30.0,1.5,8.5,0.0,17.67766952966369,1.0,2.0,nainital,NORMAL,0.0,0.0,,,,,,,,,,,,,,,,NORMAL,0.7151488466162635,71.51,VERY HIGH
5852,Bhagwanpur_1,Uttarakhand,50,Haridwar,29.93567778,77.80170611,2025-01-12,0.5,0.5,1,2025,1,12,0.5,0.5,0.5,0.0,0.5,0.5,0.5,0.5,1,1.0,0.5,0.5,0.5,0.9,0.5,0.5,1.0,4.5,0.5,0.5,0.5,1.5,0.5,0.5,0.0,0.5477225575051661,1.0,5.0,haridwar,NORMAL,0.0,0.0,,,,,,,,,,,,,,,,NORMAL,0.683441919191919,68.34,VERY HIGH
5862,Sitarganj_1,Uttarakhand,56,UDHAM SINGH NAGAR,28.92971389,79.703,2025-01-12,2.0,1.5,2,2025,1,12,2.0,2.0,2.0,0.0,2.0,1.5,1.5,1.5,2,2.0,2.0,2.0,2.0,6.375,2.0,2.0,2.0,25.5,2.0,2.0,2.0,21.0,1.5,10.5,0.0,9.758543265604075,1.0,4.0,udham singh nagar,NORMAL,0.0,0.0,,,,,,,,,,,,,,,,NORMAL,0.7128600288600286,71.29,VERY HIGH
5850,Tanakpur_1,Uttarakhand,48,Champawat,29.07222222,80.1175,2025-01-12,0.5,0.5,1,2025,1,12,0.5,0.5,0.5,0.0,0.5,0.5,0.5,0.5,1,1.0,0.5,0.5,121.5,62.333333333333336,0.5,0.5,364.5,374.0,0.5,0.5,360.0,360.0,0.5,360.0,0.0,145.83678091162966,1.0,6.0,champawat,NORMAL,0.0,0.0,,,,,,,,,,,,,,,,NORMAL,0.7177792207792206,71.78,VERY HIGH
5851,Chakrata,Uttarakhand,49,Dehradun,30.76115556,77.86502778,2025-01-12,3.5,1.5,4,2025,1,12,3.5,3.5,3.5,0.0,3.5,1.5,1.5,1.5,4,4.0,3.5,3.5,3.5,11.0,3.5,3.5,3.5,66.0,3.5,3.5,3.5,45.0,1.5,5.5,0.0,16.952875862224673,1.0,6.0,dehradun,NORMAL,0.0,0.0,,,,,,,,,,,,,,,,NORMAL,0.7817904775665969,78.18,VERY HIGH
5849,Kapkot (Saryu),Uttarakhand,46,Bageshwar,29.94516667,79.9025,2025-01-12,2.0,1.5,2,2025,1,12,2.0,2.0,2.0,0.0,2.0,1.5,1.5,1.5,2,2.0,2.0,2.0,2.0,7.7,2.0,2.0,2.0,38.5,2.0,2.0,2.0,17.0,1.5,11.5,0.0,6.806247130394253,1.0,5.0,bageshwar,NORMAL,0.0,0.0,,,,,,,,,,,,,,,,NORMAL,0.7260940058743393,72.61,VERY HIGH
5861,Haripura_2,Uttarakhand,56,UDHAM SINGH NAGAR,29.13151944,79.25965556,2025-01-12,1.0,1.0,1,2025,1,12,1.0,1.0,1.0,0.0,1.0,1.0,1.0,1.0,1,1.0,1.0,1.0,1.0,2.0,1.0,1.0,1.0,4.0,1.0,1.0,1.0,3.0,1.0,3.0,0.0,1.4142135623730951,1.0,2.0,udham singh nagar,NORMAL,0.0,0.0,,,,,,,,,,,,,,,,NORMAL,0.6866562480833064,68.67,VERY HIGH
5859,Guptkashi_1,Uttarakhand,54,Rudraprayag,30.52863889,79.08508333,2025-01-12,0.5,0.5,1,2025,1,12,0.5,0.5,0.5,0.0,0.5,0.5,0.5,0.5,1,1.0,0.5,0.5,0.5,8.9,0.5,0.5,0.5,44.5,0.5,0.5,0.5,20.0,0.5,3.5,0.0,7.940403012442126,1.0,5.0,rudraprayag,NORMAL,0.0,1.0,,,,,,,,,,,,,,,,NORMAL,0.904255291005291,90.43,EXTREME
5847,Lamgara,Uttarakhand,45,Almora,29.53866667,79.74994444,2025-01-12,4.0,1.5,3,2025,1,12,4.0,4.0,4.0,0.0,4.0,1.5,1.5,1.5,3,3.0,4.0,4.0,4.0,9.166666666666666,4.0,4.0,4.0,27.5,4.0,4.0,4.0,21.5,1.5,4.0,0.0,10.727690027835983,1.0,3.0,almora,NORMAL,0.0,0.0,,,,,,,,,,,,,,,,NORMAL,0.8427053819771211,84.27,EXTREME
5857,Srinagar_2,Uttarakhand,52,PAURI GARHWAL,30.23581944,78.81720278,2025-01-12,2.0,1.5,2,2025,1,12,2.0,2.0,2.0,0.0,2.0,1.5,1.5,1.5,2,2.0,2.0,2.0,2.0,4.875,2.0,2.0,2.0,19.5,2.0,2.0,2.0,9.0,1.5,4.5,0.0,4.25,1.0,4.0,pauri garhwal,NORMAL,0.0,0.0,,,,,,,,,,,,,,,,NORMAL,0.8572669229609527,85.73,EXTREME
5860,Gadarpur,Uttarakhand,56,UDHAM SINGH NAGAR,29.04324167,79.24461944,2025-01-12,1.0,0.5,2,2025,1,12,1.0,1.0,1.0,0.0,1.0,0.5,0.5,0.5,2,2.0,1.0,1.0,1.0,6.0,1.0,1.0,1.0,12.0,1.0,1.0,1.0,11.0,0.5,2.0,0.0,7.071067811865476,1.0,2.0,udham singh nagar,NORMAL,0.0,0.0,,,,,,,,,,,,,,,,NORMAL,0.8611782019829624,86.12,EXTREME
5858,Nachni,Uttarakhand,53,Pithoragarh,29.90594444,80.16097222,2025-01-12,1.0,0.5,2,2025,1,12,1.0,1.0,1.0,0.0,1.0,0.5,0.5,0.5,2,2.0,1.0,1.0,1.0,5.625,1.0,1.0,1.0,22.5,1.0,1.0,1.0,17.0,0.5,5.0,0.0,7.674362079895197,1.0,4.0,pithoragarh,NORMAL,0.0,0.0,,,,,,,,,,,,,,,,NORMAL,0.9448220113522401,94.48,EXTREME
5864,Manglaur_1,Uttarakhand,50,Haridwar,29.78567778,77.86368889,2025-01-13,1.0,0.5,2,2025,1,13,1.0,1.0,1.0,0.0,1.0,0.5,0.5,0.5,2,2.0,1.0,1.0,0.8333333333333334,0.8571428571428571,2.0,2.0,2.5,6.0,1.0,1.0,1.0,1.0,0.5,0.5,0.0,0.2439750182371333,2.0,7.0,haridwar,NORMAL,0.0,0.0,,,,,,,,,,,,,,,,NORMAL,0.9212298863990039,92.12,EXTREME
5863,Yamuna Colony,Uttarakhand,49,Dehradun,30.33775278,78.03311667,2025-01-13,3182.0,296.5,12,2025,1,13,3182.0,3182.0,3182.0,0.0,3182.0,296.5,296.5,296.5,12,12.0,3182.0,4620.5,4065.625,4663.32,3182.0,23102.5,48787.5,116583.0,3182.0,6098.5,6098.5,6195.5,511.5,511.5,1134.323476791344,1541.2379553462893,5.0,25.0,dehradun,NORMAL,0.0,0.0,,,,,,,,,,,,,,,,NORMAL,0.9720831124213477,97.21,EXTREME
5865,Yamuna Colony,Uttarakhand,49,Dehradun,30.33775278,78.03311667,2025-01-14,3124.0,298.0,12,2025,1,14,3124.0,3124.0,3124.0,0.0,3124.0,298.0,298.0,298.0,12,12.0,3153.0,4025.6,4137.75,4562.4,6306.0,20128.0,49653.0,114060.0,3182.0,5100.0,6098.5,6195.5,511.5,511.5,926.3176021214348,1556.6685180217437,5.0,25.0,dehradun,NORMAL,0.0,0.0,,,,,,,,,,,,,,,,NORMAL,0.9083751544897526,90.84,EXTREME
5866,Yamuna Colony,Uttarakhand,49,Dehradun,30.33775278,78.03311667,2025-01-15,4742.5,297.5,18,2025,1,15,4742.5,4742.5,4742.5,0.0,4742.5,297.5,297.5,297.5,18,18.0,3682.8333333333335,3954.1,4145.5,4596.18,11048.5,19770.5,49746.0,114904.5,4742.5,4875.0,6098.5,6195.5,511.5,511.5,831.6108164279763,1550.8020295963024,5.0,25.0,dehradun,NORMAL,0.0,0.0,,,,,,,,,,,,,,,,NORMAL,0.8890843528135286,88.91,EXTREME
5876,Mukteshwar_1,Uttarakhand,51,Nainital,29.47413889,79.65119444,2025-01-16,3.0,1.0,5,2025,1,16,3.0,3.0,3.0,0.0,3.0,1.0,1.0,1.0,5,5.0,3.0,4.0,4.0,12.666666666666666,3.0,8.0,8.0,38.0,3.0,5.0,5.0,30.0,1.5,8.5,1.4142135623730951,15.044378795195678,2.0,3.0,nainital,NORMAL,0.0,0.0,,,,,,,,,,,,,,,,NORMAL,0.8353345652149884,83.53,EXTREME
5883,Sitarganj_1,Uttarakhand,56,UDHAM SINGH NAGAR,28.92971389,79.703,2025-01-16,5.0,1.0,8,2025,1,16,5.0,5.0,5.0,0.0,5.0,1.0,1.0,1.0,8,8.0,5.0,3.5,3.5,6.1,5.0,7.0,7.0,30.5,5.0,5.0,5.0,21.0,1.5,10.5,2.1213203435596424,8.473488065725943,2.0,5.0,udham singh nagar,NORMAL,0.0,0.0,,,,,,,,,,,,,,,,NORMAL,0.9784805353691062,97.85,EXTREME
5875,Haldwani_1,Uttarakhand,51,Nainital,29.214725,79.52400278,2025-01-16,3.0,0.5,6,2025,1,16,3.0,3.0,3.0,0.0,3.0,0.5,0.5,0.5,6,6.0,3.0,5.0,5.0,10.833333333333334,3.0,10.0,10.0,32.5,3.0,7.0,7.0,22.5,5.0,9.5,2.8284271247461903,10.29967637032025,2.0,3.0,nainital,NORMAL,0.0,0.0,,,,,,,,,,,,,,,,NORMAL,0.9816445843446306,98.16,EXTREME
5882,Gadarpur,Uttarakhand,56,UDHAM SINGH NAGAR,29.04324167,79.24461944,2025-01-16,1.0,0.5,2,2025,1,16,1.0,1.0,1.0,0.0,1.0,0.5,0.5,0.5,2,2.0,1.0,1.0,1.0,4.333333333333333,1.0,2.0,2.0,13.0,1.0,1.0,1.0,11.0,0.5,2.0,0.0,5.773502691896257,2.0,3.0,udham singh nagar,NORMAL,0.0,0.0,,,,,,,,,,,,,,,,NORMAL,0.9317597507499511,93.18,EXTREME
5872,Tanakpur_1,Uttarakhand,48,Champawat,29.07222222,80.1175,2025-01-16,9.5,2.5,9,2025,1,16,9.5,9.5,9.5,0.0,9.5,2.5,2.5,2.5,9,9.0,9.5,5.0,93.5,54.785714285714285,9.5,10.0,374.0,383.5,9.5,9.5,360.0,360.0,2.5,360.0,6.363961030678928,134.6194813610005,2.0,7.0,champawat,NORMAL,0.0,0.0,,,,,,,,,,,,,,,,NORMAL,0.8820202020202017,88.2,EXTREME
5873,Chakrata,Uttarakhand,49,Dehradun,30.76115556,77.86502778,2025-01-16,4.0,1.5,5,2025,1,16,4.0,4.0,4.0,0.0,4.0,1.5,1.5,1.5,5,5.0,4.0,3.75,3.75,10.0,4.0,7.5,7.5,70.0,4.0,4.0,4.0,45.0,1.5,5.5,0.3535533905932738,15.70031846810758,2.0,7.0,dehradun,NORMAL,0.0,0.0,,,,,,,,,,,,,,,,NORMAL,0.9261988936988937,92.62,EXTREME
5879,Nachni,Uttarakhand,53,Pithoragarh,29.90594444,80.16097222,2025-01-16,1.0,0.5,2,2025,1,16,1.0,1.0,1.0,0.0,1.0,0.5,0.5,0.5,2,2.0,1.0,1.0,1.0,4.7,1.0,2.0,2.0,23.5,1.0,1.0,1.0,17.0,0.5,5.0,0.0,6.960603422117942,2.0,5.0,pithoragarh,NORMAL,0.0,0.0,,,,,,,,,,,,,,,,NORMAL,0.9474523809523809,94.75,EXTREME
5877,Dugadda (Khoh),Uttarakhand,52,PAURI GARHWAL,29.75108333,78.52341667,2025-01-16,1.0,0.5,2,2025,1,16,1.0,1.0,1.0,0.0,1.0,0.5,0.5,0.5,2,2.0,1.0,0.75,0.75,39.5,1.0,1.5,1.5,197.5,1.0,1.0,1.0,193.0,0.5,193.0,0.3535533905932738,85.81083847626708,2.0,5.0,pauri garhwal,NORMAL,0.0,0.0,,,,,,,,,,,,,,,,NORMAL,0.9101335978835976,91.01,EXTREME
5867,Lamgara,Uttarakhand,45,Almora,29.53866667,79.74994444,2025-01-16,5.0,1.0,8,2025,1,16,5.0,5.0,5.0,0.0,5.0,1.0,1.0,1.0,8,8.0,5.0,4.5,4.5,8.125,5.0,9.0,9.0,32.5,5.0,5.0,5.0,21.5,1.5,4.0,0.7071067811865476,9.00347155268449,2.0,4.0,almora,NORMAL,0.0,0.0,,,,,,,,,,,,,,,,NORMAL,0.8867329013579013,88.67,EXTREME
5880,Basukedar,Uttarakhand,54,Rudraprayag,30.43919444,79.05633333,2025-01-16,4.5,1.5,5,2025,1,16,4.5,4.5,4.5,0.0,4.5,1.5,1.5,1.5,5,5.0,4.5,4.5,4.5,7.5,4.5,4.5,4.5,37.5,4.5,4.5,4.5,15.5,1.5,3.0,0.0,6.791538853603063,1.0,5.0,rudraprayag,NORMAL,0.0,1.0,,,,,,,,,,,,,,,,NORMAL,0.9070598481420814,90.71,EXTREME
5869,Kapkot (Saryu),Uttarakhand,46,Bageshwar,29.94516667,79.9025,2025-01-16,1.5,1.5,1,2025,1,16,1.5,1.5,1.5,0.0,1.5,1.5,1.5,1.5,1,1.0,1.5,1.75,1.75,6.666666666666667,1.5,3.5,3.5,40.0,1.5,2.0,2.0,17.0,1.5,11.5,0.3535533905932738,6.592925501373928,2.0,6.0,bageshwar,NORMAL,0.0,0.0,,,,,,,,,,,,,,,,NORMAL,0.8806162684659437,88.06,EXTREME
5878,Srinagar_2,Uttarakhand,52,PAURI GARHWAL,30.23581944,78.81720278,2025-01-16,2.5,1.5,3,2025,1,16,2.5,2.5,2.5,0.0,2.5,1.5,1.5,1.5,3,3.0,2.5,2.25,2.25,4.4,2.5,4.5,4.5,22.0,2.5,2.5,2.5,9.0,1.5,4.5,0.3535533905932738,3.830796261875591,2.0,5.0,pauri garhwal,NORMAL,0.0,0.0,,,,,,,,,,,,,,,,NORMAL,0.9284750724750724,92.85,EXTREME
5884,Tumaria,Uttarakhand,56,UDHAM SINGH NAGAR,29.30704722,78.93133056,2025-01-16,1.5,0.5,3,2025,1,16,1.5,1.5,1.5,0.0,1.5,0.5,0.5,0.5,3,3.0,1.5,1.5,1.5,2.333333333333333,1.5,1.5,1.5,7.0,1.5,1.5,1.5,3.5,0.5,2.5,0.0,1.0408329997330663,1.0,3.0,udham singh nagar,NORMAL,0.0,0.0,,,,,,,,,,,,,,,,NORMAL,0.8995793068938227,89.96,EXTREME
5874,Yamuna Colony,Uttarakhand,49,Dehradun,30.33775278,78.03311667,2025-01-16,5146.5,277.0,20,2025,1,16,5146.5,5146.5,5146.5,0.0,5146.5,277.0,277.0,277.0,20,20.0,4337.666666666667,4008.4,4081.625,4608.42,13013.0,20042.0,48979.5,115210.5,5146.5,5146.5,6098.5,6195.5,511.5,511.5,911.7736424135132,1554.0149725790968,5.0,25.0,dehradun,NORMAL,0.0,0.0,,,,,,,,,,,,,,,,NORMAL,0.6919245470801128,69.19,VERY HIGH
5868,Baijnath (Gomti),Uttarakhand,46,Bageshwar,29.90822222,79.61769444,2025-01-16,1.0,0.5,2,2025,1,16,1.0,1.0,1.0,0.0,1.0,0.5,0.5,0.5,2,2.0,1.0,3.0,3.0,69.92857142857143,1.0,6.0,6.0,489.5,1.0,5.0,5.0,449.0,3.0,449.0,2.8284271247461903,167.22002187024648,2.0,7.0,bageshwar,NORMAL,0.0,0.0,,,,,,,,,,,,,,,,NORMAL,0.6872903418809999,68.73,VERY HIGH
5881,Guptkashi_1,Uttarakhand,54,Rudraprayag,30.52863889,79.08508333,2025-01-16,8.0,1.5,8,2025,1,16,8.0,8.0,8.0,0.0,8.0,1.5,1.5,1.5,8,8.0,8.0,4.25,4.25,8.75,8.0,8.5,8.5,52.5,8.0,8.0,8.0,20.0,1.5,3.5,5.303300858899107,7.111610225539643,2.0,6.0,rudraprayag,NORMAL,0.0,1.0,,,,,,,,,,,,,,,,NORMAL,0.8330162283960809,83.3,EXTREME
5870,Khati_1,Uttarakhand,46,Bageshwar,30.11019722,79.94055833,2025-01-16,0.5,0.5,1,2025,1,16,0.5,0.5,0.5,0.0,0.5,0.5,0.5,0.5,1,1.0,0.5,0.5,0.5,0.625,0.5,0.5,0.5,2.5,0.5,0.5,0.5,1.0,0.5,1.0,0.0,0.25,1.0,4.0,bageshwar,NORMAL,0.0,0.0,,,,,,,,,,,,,,,,LANDSLIDE,0.6475690157653893,64.76,VERY HIGH
5871,Champawat_1,Uttarakhand,48,Champawat,29.33341667,80.08469444,2025-01-16,0.5,0.5,1,2025,1,16,0.5,0.5,0.5,0.0,0.5,0.5,0.5,0.5,1,1.0,0.5,57.0,10.5,10.8,0.5,114.0,42.0,54.0,0.5,113.5,113.5,113.5,113.0,113.0,79.90306627407988,61.30925704981263,2.0,3.0,champawat,NORMAL,0.0,0.0,,,,,,,,,,,,,,,,NORMAL,0.535181648739176,53.52,HIGH
5885,Yamuna Colony,Uttarakhand,49,Dehradun,30.33775278,78.03311667,2025-01-17,4931.5,302.5,19,2025,1,17,4931.5,4931.5,4931.5,0.0,4931.5,302.5,302.5,302.5,19,19.0,4940.166666666667,4225.3,4063.125,4565.06,14820.5,21126.5,48757.5,114126.5,5146.5,5146.5,6098.5,6195.5,302.5,511.5,989.4645395364122,1528.024393893417,5.0,25.0,dehradun,NORMAL,0.0,0.0,,,,,,,,,,,,,,,,NORMAL,0.8971971022093829,89.72,EXTREME
5886,Manglaur_1,Uttarakhand,50,Haridwar,29.78567778,77.86368889,2025-01-17,0.5,0.5,1,2025,1,17,0.5,0.5,0.5,0.0,0.5,0.5,0.5,0.5,1,1.0,0.5,0.8333333333333334,0.75,0.8125,0.5,2.5,3.0,6.5,0.5,1.0,1.0,1.0,0.5,0.5,0.2886751345948129,0.2587745847533828,3.0,8.0,haridwar,NORMAL,0.0,0.0,,,,,,,,,,,,,,,,NORMAL,0.9204472927399117,92.04,EXTREME
5887,Purola_1,Uttarakhand,57,Uttarkashi,30.91291667,78.10388889,2025-01-17,448.5,448.5,1,2025,1,17,448.5,448.5,448.5,0.0,448.5,448.5,448.5,448.5,1,1.0,448.5,448.5,448.5,448.5,448.5,448.5,448.5,448.5,448.5,448.5,448.5,448.5,448.5,448.5,0.0,0.0,1.0,1.0,uttarkashi,NORMAL,0.0,0.0,,,,,,,,,,,,,,,,NORMAL,0.9414265873015872,94.14,EXTREME
5889,Guptkashi_1,Uttarakhand,54,Rudraprayag,30.52863889,79.08508333,2025-01-18,1.0,1.0,1,2025,1,18,1.0,1.0,1.0,0.0,1.0,1.0,1.0,1.0,1,1.0,4.5,3.1666666666666665,3.1666666666666665,7.642857142857143,9.0,9.5,9.5,53.5,8.0,8.0,8.0,20.0,1.5,3.5,4.193248541803042,7.1222321273734455,3.0,7.0,rudraprayag,NORMAL,0.0,1.0,,,,,,,,,,,,,,,,LANDSLIDE,0.9917750956466709,99.18,EXTREME
5888,Yamuna Colony,Uttarakhand,49,Dehradun,30.33775278,78.03311667,2025-01-18,5238.5,297.0,20,2025,1,18,5238.5,5238.5,5238.5,0.0,5238.5,297.0,297.0,297.0,20,20.0,5105.5,4394.166666666667,4237.833333333333,4526.78,15316.5,26365.0,50854.0,113169.5,5238.5,5238.5,6098.5,6176.0,302.5,511.5,976.897009242361,1497.1522695882825,6.0,25.0,dehradun,NORMAL,0.0,0.0,,,,,,,,,,,,,,,,LANDSLIDE,0.8646877444929987,86.47,EXTREME
5891,Haldwani_1,Uttarakhand,51,Nainital,29.214725,79.52400278,2025-01-19,247.0,247.0,1,2025,1,19,247.0,247.0,247.0,0.0,247.0,247.0,247.0,247.0,1,1.0,247.0,125.0,85.66666666666667,69.875,247.0,250.0,257.0,279.5,247.0,247.0,247.0,247.0,247.0,247.0,172.5340546095176,118.38241353061412,2.0,4.0,nainital,NORMAL,0.0,0.0,,,,,,,,,,,,,,,,LANDSLIDE,0.9208859809450013,92.09,EXTREME
5890,Yamuna Colony,Uttarakhand,49,Dehradun,30.33775278,78.03311667,2025-01-19,3195.5,309.5,12,2025,1,19,3195.5,3195.5,3195.5,0.0,3195.5,309.5,309.5,309.5,12,12.0,4455.166666666667,4222.928571428572,4480.291666666667,4407.56,13365.5,29560.5,53763.5,110189.0,5238.5,5238.5,6098.5,6151.5,309.5,511.5,1000.2652326829564,1478.9101091118907,7.0,25.0,dehradun,NORMAL,0.0,0.0,,,,,,,,,,,,,,,,LANDSLIDE,0.8816003525603636,88.16,EXTREME
5892,Yamuna Colony,Uttarakhand,49,Dehradun,30.33775278,78.03311667,2025-01-20,3534.0,309.0,13,2025,1,20,3534.0,3534.0,3534.0,0.0,3534.0,309.0,309.0,309.0,13,13.0,3989.3333333333335,4273.214285714285,4417.916666666667,4314.6,11968.0,29912.5,53015.0,107865.0,5238.5,5238.5,6098.5,6151.5,309.5,511.5,946.623202808404,1456.81579852545,7.0,25.0,dehradun,NORMAL,0.0,0.0,,,,,,,,,,,,,,,,LANDSLIDE,0.7939870489662285,79.4,VERY HIGH
5894,Tanakpur_1,Uttarakhand,48,Champawat,29.07222222,80.1175,2025-01-21,1.0,0.5,2,2025,1,21,1.0,1.0,1.0,0.0,1.0,0.5,0.5,0.5,2,2.0,1.0,5.25,3.6666666666666665,54.785714285714285,1.0,10.5,11.0,383.5,1.0,9.5,9.5,360.0,2.5,360.0,6.010407640085654,134.6194813610005,2.0,7.0,champawat,NORMAL,0.0,0.0,,,,,,,,,,,,,,,,LANDSLIDE,0.5645860057698293,56.46,HIGH
5896,Yamuna Colony,Uttarakhand,49,Dehradun,30.33775278,78.03311667,2025-01-21,3004.5,313.5,11,2025,1,21,3004.5,3004.5,3004.5,0.0,3004.5,313.5,313.5,313.5,11,11.0,3244.6666666666665,4256.142857142857,4160.083333333333,4217.0,9734.0,29793.0,49921.0,105425.0,3534.0,5238.5,5238.5,6151.5,313.5,511.5,971.5516247342764,1459.6951522492673,7.0,25.0,dehradun,NORMAL,0.0,0.0,,,,,,,,,,,,,,,,LANDSLIDE,0.7299479303376362,72.99,VERY HIGH
5895,Dakpathar,Uttarakhand,49,Dehradun,30.49866667,77.79744444,2025-01-21,275.0,267.0,2,2025,1,21,275.0,275.0,275.0,0.0,275.0,267.0,267.0,267.0,2,2.0,275.0,275.0,275.0,83.125,275.0,275.0,275.0,332.5,275.0,275.0,275.0,275.0,267.0,267.0,0.0,129.88608791296062,1.0,4.0,dehradun,NORMAL,0.0,0.0,,,,,,,,,,,,,,,,LANDSLIDE,0.8483872371519433,84.84,EXTREME
5893,Champawat_1,Uttarakhand,48,Champawat,29.33341667,80.08469444,2025-01-21,0.5,0.5,1,2025,1,21,0.5,0.5,0.5,0.0,0.5,0.5,0.5,0.5,1,1.0,0.5,0.5,19.625,8.5,0.5,1.0,78.5,42.5,0.5,0.5,113.5,113.5,0.5,113.0,0.0,61.46848786166779,2.0,3.0,champawat,NORMAL,0.0,0.0,,,,,,,,,,,,,,,,LANDSLIDE,0.8507761067908128,85.08,EXTREME
5897,Yamuna Colony,Uttarakhand,49,Dehradun,30.33775278,78.03311667,2025-01-22,3689.5,312.0,13,2025,1,22,3689.5,3689.5,3689.5,0.0,3689.5,312.0,312.0,312.0,13,13.0,3409.333333333333,4105.714285714285,4042.5416666666665,4144.68,10228.0,28740.0,48510.5,103617.0,3689.5,5238.5,5238.5,6151.5,313.5,511.5,965.1955698692578,1438.2405330240647,7.0,25.0,dehradun,NORMAL,0.0,0.0,,,,,,,,,,,,,,,,LANDSLIDE,0.9253958372931215,92.54,EXTREME
5898,Champawat_1,Uttarakhand,48,Champawat,29.33341667,80.08469444,2025-01-23,257.0,257.0,1,2025,1,23,257.0,257.0,257.0,0.0,257.0,257.0,257.0,257.0,1,1.0,128.75,128.75,92.875,49.91666666666666,257.5,257.5,371.5,299.5,257.0,257.0,257.0,257.0,257.0,257.0,181.37288937434943,115.38952147689436,2.0,4.0,champawat,NORMAL,0.0,0.0,,,,,,,,,,,,,,,,LANDSLIDE,0.8232507635790342,82.33,EXTREME
5900,Purola_1,Uttarakhand,57,Uttarkashi,30.91291667,78.10388889,2025-01-23,348.0,348.0,1,2025,1,23,348.0,348.0,348.0,0.0,348.0,348.0,348.0,348.0,1,1.0,348.0,398.25,398.25,398.25,348.0,796.5,796.5,796.5,348.0,448.5,448.5,448.5,448.5,448.5,71.06423150924803,71.06423150924803,2.0,2.0,uttarkashi,NORMAL,0.0,0.0,,,,,,,,,,,,,,,,LANDSLIDE,0.7125848910372931,71.26,VERY HIGH
5899,Yamuna Colony,Uttarakhand,49,Dehradun,30.33775278,78.03311667,2025-01-23,3272.0,301.0,12,2025,1,23,3272.0,3272.0,3272.0,0.0,3272.0,301.0,301.0,301.0,12,12.0,3322.0,3837.928571428572,3908.9583333333335,4043.56,9966.0,26865.5,46907.5,101089.0,3689.5,5238.5,5238.5,6151.5,313.5,511.5,885.0136735559269,1405.5057609866558,7.0,25.0,dehradun,NORMAL,0.0,0.0,,,,,,,,,,,,,,,,LANDSLIDE,0.5970231241301447,59.7,HIGH
5901,Yamuna Colony,Uttarakhand,49,Dehradun,30.33775278,78.03311667,2025-01-24,1849.5,301.5,7,2025,1,24,1849.5,1849.5,1849.5,0.0,1849.5,301.5,301.5,301.5,7,7.0,2937.0,3397.6428571428573,3742.5,3871.48,8811.0,23783.5,44910.0,96787.0,3689.5,5238.5,5238.5,6098.5,313.5,511.5,1008.3389275720484,1400.0136121362102,7.0,25.0,dehradun,NORMAL,0.0,0.0,,,,,,,,,,,,,,,,LANDSLIDE,0.6129395947190065,61.29,VERY HIGH
5902,Roorkee_2,Uttarakhand,50,Haridwar,29.86771944,77.88415556,2025-01-24,1428.5,511.5,4,2025,1,24,1428.5,1428.5,1428.5,0.0,1428.5,511.5,511.5,511.5,4,4.0,1428.5,1428.5,1428.5,2686.25,1428.5,1428.5,1428.5,16117.5,1428.5,1428.5,1428.5,4245.5,511.5,511.5,0.0,1303.0819908969695,1.0,6.0,haridwar,NORMAL,0.0,0.0,,,,,,,,,,,,,,,,LANDSLIDE,0.5427139249639249,54.27,HIGH
5904,Yamuna Colony,Uttarakhand,49,Dehradun,30.33775278,78.03311667,2025-01-25,1323.5,305.0,5,2025,1,25,1323.5,1323.5,1323.5,0.0,1323.5,305.0,305.0,305.0,5,5.0,2148.333333333333,2838.3571428571427,3556.423076923077,3744.64,6445.0,19868.5,46233.5,93616.0,3272.0,3689.5,5238.5,6098.5,313.5,511.5,896.6785337327703,1482.4354013469454,7.0,25.0,dehradun,NORMAL,0.0,0.0,,,,,,,,,,,,,,,,NORMAL,0.49337536374614094,49.34,HIGH
5906,Dharchula_1,Uttarakhand,53,Pithoragarh,29.84825,80.54047222,2025-01-25,384.0,384.0,1,2025,1,25,384.0,384.0,384.0,0.0,384.0,384.0,384.0,384.0,1,1.0,384.0,384.0,384.0,83.5,384.0,384.0,384.0,167.0,384.0,384.0,384.0,384.0,384.0,384.0,0.0,424.9711754931151,1.0,1.0,pithoragarh,NORMAL,0.0,0.0,,,,,,,,,,,,,,,,NORMAL,0.5867521149874092,58.68,HIGH
5905,Roorkee_2,Uttarakhand,50,Haridwar,29.86771944,77.88415556,2025-01-25,587.5,317.0,2,2025,1,25,587.5,587.5,587.5,0.0,587.5,317.0,317.0,317.0,2,2.0,1008.0,1008.0,1008.0,2076.583333333333,2016.0,2016.0,2016.0,12459.5,1428.5,1428.5,1428.5,3801.0,511.5,511.5,594.6768029778865,1283.233705007265,2.0,6.0,haridwar,NORMAL,0.0,0.0,,,,,,,,,,,,,,,,LANDSLIDE,0.6852071281729726,68.52,VERY HIGH
5903,Champawat_1,Uttarakhand,48,Champawat,29.33341667,80.08469444,2025-01-25,136.0,172.0,2,2025,1,25,136.0,136.0,136.0,0.0,136.0,172.0,172.0,172.0,2,2.0,196.5,131.16666666666666,98.5,62.21428571428572,393.0,393.5,394.0,435.5,257.0,257.0,257.0,257.0,257.0,257.0,128.31828916149612,110.24626113949668,3.0,5.0,champawat,NORMAL,0.0,0.0,,,,,,,,,,,,,,,,LANDSLIDE,0.6729195410324443,67.29,VERY HIGH
5909,Roorkee_2,Uttarakhand,50,Haridwar,29.86771944,77.88415556,2025-01-26,1112.0,511.5,3,2025,1,26,1112.0,1112.0,1112.0,0.0,1112.0,511.5,511.5,511.5,3,3.0,1042.6666666666667,1042.6666666666667,1042.6666666666667,2089.5,3128.0,3128.0,3128.0,12537.0,1428.5,1428.5,1428.5,3801.0,511.5,511.5,424.76532736716325,1270.978048590929,3.0,6.0,haridwar,NORMAL,0.0,0.0,,,,,,,,,,,,,,,,NORMAL,0.5720410422910424,57.2,HIGH
5908,Yamuna Colony,Uttarakhand,49,Dehradun,30.33775278,78.03311667,2025-01-26,2183.0,302.5,8,2025,1,26,2183.0,2183.0,2183.0,0.0,2183.0,302.5,302.5,302.5,8,8.0,1785.3333333333333,2693.714285714286,3458.3214285714284,3760.88,5356.0,18856.0,48416.5,94022.0,2183.0,3689.5,5238.5,6098.5,313.5,511.5,911.0145835433044,1462.0657779890337,7.0,25.0,dehradun,NORMAL,0.0,0.0,,,,,,,,,,,,,,,,NORMAL,0.6688350353350353,66.88,VERY HIGH
5907,Champawat_1,Uttarakhand,48,Champawat,29.33341667,80.08469444,2025-01-26,129.0,129.0,1,2025,1,26,129.0,129.0,129.0,0.0,129.0,129.0,129.0,129.0,1,1.0,132.5,130.625,104.6,70.5625,265.0,522.5,523.0,564.5,136.0,257.0,257.0,257.0,257.0,257.0,104.77704503691,104.76382878373896,4.0,6.0,champawat,NORMAL,0.0,0.0,,,,,,,,,,,,,,,,LANDSLIDE,0.731908096505038,73.19,VERY HIGH
5910,Srinagar_2,Uttarakhand,52,PAURI GARHWAL,30.23581944,78.81720278,2025-01-27,2.5,2.0,2,2025,1,27,2.5,2.5,2.5,0.0,2.5,2.0,2.0,2.0,2,2.0,2.5,2.5,2.5,2.333333333333333,2.5,2.5,5.0,7.0,2.5,2.5,2.5,2.5,2.0,2.0,0.0,0.2886751345948128,1.0,3.0,pauri garhwal,NORMAL,0.0,0.0,,,,,,,,,,,,,,,,LANDSLIDE,0.6132952602952603,61.33,VERY HIGH
5911,Yamuna Colony,Uttarakhand,49,Dehradun,30.33775278,78.03311667,2025-01-28,3528.5,305.0,13,2025,1,28,3528.5,3528.5,3528.5,0.0,3528.5,305.0,305.0,305.0,13,13.0,2855.75,2641.0,3510.692307692308,3751.942307692308,5711.5,15846.0,45639.0,97550.5,3528.5,3689.5,5238.5,6098.5,312.0,511.5,985.6177758137331,1433.250789826565,6.0,26.0,dehradun,NORMAL,0.0,0.0,,,,,,,,,,,,,,,,LANDSLIDE,0.6561881438278498,65.62,VERY HIGH
5912,Doiwala (Bhogpur),Uttarakhand,49,Dehradun,30.22270833,78.23418611,2025-01-29,52.0,52.0,1,2025,1,29,52.0,52.0,52.0,0.0,52.0,52.0,52.0,52.0,1,1.0,52.0,52.0,52.0,52.0,52.0,52.0,52.0,52.0,52.0,52.0,52.0,52.0,52.0,52.0,0.0,0.0,1.0,1.0,dehradun,NORMAL,0.0,0.0,,,,,,,,,,,,,,,,LANDSLIDE,0.7012372058769116,70.12,VERY HIGH
5913,Yamuna Colony,Uttarakhand,49,Dehradun,30.33775278,78.03311667,2025-01-29,5579.5,300.0,21,2025,1,29,5579.5,5579.5,5579.5,0.0,5579.5,300.0,300.0,300.0,21,21.0,4554.0,2956.0,3575.076923076923,3819.6296296296296,9108.0,17736.0,46476.0,103130.0,5579.5,5579.5,5579.5,6098.5,305.0,511.5,1536.052863673646,1448.758889218054,6.0,27.0,dehradun,NORMAL,0.0,0.0,,,,,,,,,,,,,,,,LANDSLIDE,0.6671408360158362,66.71,VERY HIGH
5914,Yamuna Colony,Uttarakhand,49,Dehradun,30.33775278,78.03311667,2025-01-30,4765.0,304.0,18,2025,1,30,4765.0,4765.0,4765.0,0.0,4765.0,304.0,304.0,304.0,18,18.0,4624.333333333333,3204.833333333333,3545.730769230769,3912.462962962963,13873.0,19229.0,46094.5,105636.5,5579.5,5579.5,5579.5,6098.5,305.0,511.5,1708.7076305403082,1424.9881640934,6.0,27.0,dehradun,NORMAL,0.0,0.0,,,,,,,,,,,,,,,,LANDSLIDE,0.6275533203180261,62.76,VERY HIGH
5917,Gadarpur,Uttarakhand,56,UDHAM SINGH NAGAR,29.04324167,79.24461944,2025-01-31,129.5,129.5,1,2025,1,31,129.5,129.5,129.5,0.0,129.5,129.5,129.5,129.5,1,1.0,129.5,129.5,129.5,43.833333333333336,129.5,129.5,129.5,131.5,129.5,129.5,129.5,129.5,129.5,129.5,0.0,74.1895095908669,1.0,3.0,udham singh nagar,NORMAL,0.0,0.0,,,,,,,,,,,,,,,,LANDSLIDE,0.59459465996966,59.46,HIGH
5915,Yamuna Colony,Uttarakhand,49,Dehradun,30.33775278,78.03311667,2025-01-31,5466.0,306.5,20,2025,1,31,5466.0,5466.0,5466.0,0.0,5466.0,306.5,306.5,306.5,20,20.0,5270.166666666667,3807.5833333333335,3586.846153846154,3942.703703703704,15810.5,22845.5,46629.0,106453.0,5579.5,5579.5,5579.5,6098.5,306.5,511.5,1771.6946524914135,1449.680802129451,6.0,27.0,dehradun,NORMAL,0.0,0.0,,,,,,,,,,,,,,,,LANDSLIDE,0.6828703333703335,68.29,VERY HIGH
5916,Mukteshwar_1,Uttarakhand,51,Nainital,29.47413889,79.65119444,2025-01-31,672.0,408.0,2,2025,1,31,672.0,672.0,672.0,0.0,672.0,408.0,408.0,408.0,2,2.0,672.0,672.0,672.0,226.66666666666663,672.0,672.0,672.0,680.0,672.0,672.0,672.0,672.0,408.0,408.0,0.0,385.6712762617062,1.0,3.0,nainital,NORMAL,0.0,0.0,,,,,,,,,,,,,,,,LANDSLIDE,0.7891493845572041,78.91,VERY HIGH
5918,Yamuna Colony,Uttarakhand,49,Dehradun,30.33775278,78.03311667,2025-02-01,2440.0,310.5,9,2025,2,32,2440.0,2440.0,2440.0,0.0,2440.0,310.5,310.5,310.5,9,9.0,4223.666666666667,3993.6666666666665,3371.576923076923,3814.074074074074,12671.0,23962.0,43830.5,102980.0,5466.0,5579.5,5579.5,6098.5,310.5,511.5,1495.7514387981278,1421.946868961059,6.0,27.0,dehradun,NORMAL,0.0,0.0,,,,,,,,,,,,,,,,LANDSLIDE,0.6617650699690174,66.18,VERY HIGH
5919,Purola_1,Uttarakhand,57,Uttarkashi,30.91291667,78.10388889,2025-02-01,160.0,160.0,1,2025,2,32,160.0,160.0,160.0,0.0,160.0,160.0,160.0,160.0,1,1.0,160.0,160.0,254.0,318.8333333333333,160.0,160.0,508.0,956.5,160.0,160.0,348.0,448.5,160.0,448.5,0.0,146.44481326879875,1.0,3.0,uttarkashi,NORMAL,0.0,0.0,,,,,,,,,,,,,,,,LANDSLIDE,0.6178425159496589,61.78,VERY HIGH
5920,Jhala_1,Uttarakhand,57,Uttarkashi,31.01533333,78.71222222,2025-02-02,1.5,1.5,1,2025,2,33,1.5,1.5,1.5,0.0,1.5,1.5,1.5,1.5,1,1.0,1.5,1.5,1.5,1.5,1.5,1.5,1.5,1.5,1.5,1.5,1.5,1.5,1.5,1.5,0.0,0.0,1.0,1.0,uttarkashi,NORMAL,0.0,0.0,,,,,,,,,,,,,,,,LANDSLIDE,0.6002556610056609,60.03,VERY HIGH
5921,Yamuna Colony,Uttarakhand,49,Dehradun,30.33775278,78.03311667,2025-02-03,3051.5,304.5,11,2025,2,34,3051.5,3051.5,3051.5,0.0,3051.5,304.5,304.5,304.5,11,11.0,2745.75,4138.416666666667,3346.0416666666665,3759.076923076923,5491.5,24830.5,40152.5,97736.0,3051.5,5579.5,5579.5,6098.5,310.5,511.5,1316.799962662009,1425.8665764531283,6.0,26.0,dehradun,NORMAL,0.0,0.0,,,,,,,,,,,,,,,,LANDSLIDE,0.6717794705294705,67.18,VERY HIGH
5922,Nandprayag (Nandakini),Uttarakhand,47,Chamoli,30.33122222,79.31063889,2025-02-04,0.5,0.5,1,2025,2,35,0.5,0.5,0.5,0.0,0.5,0.5,0.5,0.5,1,1.0,0.5,0.5,0.5,0.5,0.5,0.5,0.5,0.5,0.5,0.5,0.5,0.5,0.5,0.5,0.0,0.0,1.0,1.0,chamoli,NORMAL,0.0,0.0,,,,,,,,,,,,,,,,LANDSLIDE,0.6615387297887299,66.15,VERY HIGH
5923,Yamuna Colony,Uttarakhand,49,Dehradun,30.33775278,78.03311667,2025-02-04,4926.0,312.0,18,2025,2,35,4926.0,4926.0,4926.0,0.0,4926.0,312.0,312.0,312.0,18,18.0,3988.75,4371.333333333333,3506.1666666666665,3937.538461538461,7977.5,26228.0,42074.0,102376.0,4926.0,5579.5,5579.5,6098.5,312.0,511.5,1310.9232497238986,1253.7746521849729,6.0,26.0,dehradun,NORMAL,0.0,0.0,,,,,,,,,,,,,,,,LANDSLIDE,0.7250521978021979,72.51,VERY HIGH
5924,Mukteshwar_1,Uttarakhand,51,Nainital,29.47413889,79.65119444,2025-02-04,-142.0,136.0,4,2025,2,35,-142.0,-142.0,-142.0,0.0,-142.0,136.0,136.0,136.0,4,4.0,-142.0,265.0,265.0,134.5,-142.0,530.0,530.0,538.0,-142.0,672.0,672.0,672.0,408.0,408.0,575.5849198858497,364.8839998319101,1.0,3.0,nainital,NORMAL,0.0,0.0,,,,,,,,,,,,,,,,LANDSLIDE,0.811576479076479,81.16,EXTREME
5926,Guptkashi_1,Uttarakhand,54,Rudraprayag,30.52863889,79.08508333,2025-02-04,9.0,1.5,12,2025,2,35,9.0,9.0,9.0,0.0,9.0,1.5,1.5,1.5,12,12.0,9.0,9.0,9.0,4.625,9.0,9.0,9.0,18.5,9.0,9.0,9.0,9.0,1.5,1.5,0.0,4.497684589504543,1.0,4.0,rudraprayag,NORMAL,0.0,1.0,,,,,,,,,,,,,,,,LANDSLIDE,0.8101111111111112,81.01,EXTREME
5927,Jhala_1,Uttarakhand,57,Uttarkashi,31.01533333,78.71222222,2025-02-04,2.5,1.0,4,2025,2,35,2.5,2.5,2.5,0.0,2.5,1.0,1.0,1.0,4,4.0,2.0,2.0,2.0,2.0,4.0,4.0,4.0,4.0,2.5,2.5,2.5,2.5,1.5,1.5,0.7071067811865476,0.7071067811865476,2.0,2.0,uttarkashi,NORMAL,0.0,0.0,,,,,,,,,,,,,,,,LANDSLIDE,0.7716507936507939,77.17,VERY HIGH
5925,Basukedar,Uttarakhand,54,Rudraprayag,30.43919444,79.05633333,2025-02-04,5.0,2.0,5,2025,2,35,5.0,5.0,5.0,0.0,5.0,2.0,2.0,2.0,5,5.0,5.0,5.0,5.0,4.75,5.0,5.0,5.0,9.5,5.0,5.0,5.0,5.0,2.0,2.0,0.0,0.3535533905932738,1.0,2.0,rudraprayag,NORMAL,0.0,1.0,,,,,,,,,,,,,,,,LANDSLIDE,0.7940761732632929,79.41,VERY HIGH
5929,Yamuna Colony,Uttarakhand,49,Dehradun,30.33775278,78.03311667,2025-02-05,5058.5,293.5,19,2025,2,36,5058.5,5058.5,5058.5,0.0,5058.5,293.5,293.5,293.5,19,19.0,4345.333333333333,4284.5,3620.25,3967.3846153846152,13036.0,25707.0,43443.0,103152.0,5058.5,5466.0,5579.5,6098.5,312.0,511.5,1229.6251461319423,1271.427035324425,6.0,26.0,dehradun,NORMAL,0.0,0.0,,,,,,,,,,,,,,,,LANDSLIDE,0.772175875050875,77.22,VERY HIGH
5928,Chakrata,Uttarakhand,49,Dehradun,30.76115556,77.86502778,2025-02-05,2.5,2.0,2,2025,2,36,2.5,2.5,2.5,0.0,2.5,2.0,2.0,2.0,2,2.0,2.5,2.5,2.5,3.333333333333333,2.5,2.5,2.5,10.0,2.5,2.5,2.5,4.0,2.0,2.0,0.0,0.7637626158258524,1.0,3.0,dehradun,NORMAL,0.0,0.0,,,,,,,,,,,,,,,,LANDSLIDE,0.7182618538868539,71.83,VERY HIGH
5933,Mukteshwar_1,Uttarakhand,51,Nainital,29.47413889,79.65119444,2025-02-06,341.5,341.5,1,2025,2,37,341.5,341.5,341.5,0.0,341.5,341.5,341.5,341.5,1,1.0,99.75,290.5,290.5,175.9,199.5,871.5,871.5,879.5,341.5,672.0,672.0,672.0,408.0,408.0,409.3894844765801,329.2795924438683,2.0,4.0,nainital,NORMAL,0.0,0.0,,,,,,,,,,,,,,,,LANDSLIDE,0.7941646316646317,79.42,VERY HIGH
5931,Yamuna Colony,Uttarakhand,49,Dehradun,30.33775278,78.03311667,2025-02-06,5094.5,298.5,20,2025,2,37,5094.5,5094.5,5094.5,0.0,5094.5,298.5,298.5,298.5,20,20.0,5026.333333333333,4339.416666666667,3772.125,3928.769230769231,15079.0,26036.5,45265.5,102148.0,5094.5,5466.0,5579.5,5579.5,312.0,511.5,1262.3006542288836,1218.2468405932336,6.0,26.0,dehradun,NORMAL,0.0,0.0,,,,,,,,,,,,,,,,LANDSLIDE,0.7139274898382042,71.39,VERY HIGH
5930,Champawat_1,Uttarakhand,48,Champawat,29.33341667,80.08469444,2025-02-06,345.5,345.5,1,2025,2,37,345.5,345.5,345.5,0.0,345.5,345.5,345.5,345.5,1,1.0,345.5,345.5,203.5,118.25,345.5,345.5,610.5,946.0,345.5,345.5,345.5,345.5,345.5,345.5,0.0,132.48746571441606,1.0,7.0,champawat,NORMAL,0.0,0.0,,,,,,,,,,,,,,,,LANDSLIDE,0.6115290791080266,61.15,VERY HIGH
5932,Manglaur_1,Uttarakhand,50,Haridwar,29.78567778,77.86368889,2025-02-06,464.0,464.0,1,2025,2,37,464.0,464.0,464.0,0.0,464.0,464.0,464.0,464.0,1,1.0,464.0,464.0,464.0,116.625,464.0,464.0,464.0,466.5,464.0,464.0,464.0,464.0,464.0,464.0,0.0,231.5834532805255,1.0,4.0,haridwar,NORMAL,0.0,0.0,,,,,,,,,,,,,,,,LANDSLIDE,0.8394205985813128,83.94,EXTREME
5934,Gairsain (Ramganga),Uttarakhand,47,Chamoli,30.045,79.2855,2025-02-07,33.0,33.0,1,2025,2,38,33.0,33.0,33.0,0.0,33.0,33.0,33.0,33.0,1,1.0,33.0,33.0,33.0,33.0,33.0,33.0,33.0,33.0,33.0,33.0,33.0,33.0,33.0,33.0,0.0,0.0,1.0,1.0,chamoli,NORMAL,0.0,0.0,,,,,,,,,,,,,,,,LANDSLIDE,0.8024853757353759,80.25,EXTREME
5935,Yamuna Colony,Uttarakhand,49,Dehradun,30.33775278,78.03311667,2025-02-07,5750.5,309.5,22,2025,2,38,5750.5,5750.5,5750.5,0.0,5750.5,309.5,309.5,309.5,22,22.0,5301.166666666667,4386.833333333333,4097.208333333333,3953.788461538461,15903.5,26321.0,49166.5,102798.5,5750.5,5750.5,5750.5,5750.5,312.0,511.5,1317.231250261953,1249.540404893555,6.0,26.0,dehradun,NORMAL,0.0,0.0,,,,,,,,,,,,,,,,LANDSLIDE,0.8548164665447961,85.48,EXTREME
5937,Guptkashi_1,Uttarakhand,54,Rudraprayag,30.52863889,79.08508333,2025-02-07,193.0,193.0,1,2025,2,38,193.0,193.0,193.0,0.0,193.0,193.0,193.0,193.0,1,1.0,193.0,101.0,101.0,42.3,193.0,202.0,202.0,211.5,193.0,193.0,193.0,193.0,193.0,193.0,130.10764773832474,84.33386034090933,2.0,5.0,rudraprayag,NORMAL,0.0,1.0,,,,,,,,,,,,,,,,LANDSLIDE,0.735850440344488,73.59,VERY HIGH
5936,Roorkee_2,Uttarakhand,50,Haridwar,29.86771944,77.88415556,2025-02-07,511.5,511.5,1,2025,2,38,511.5,511.5,511.5,0.0,511.5,511.5,511.5,511.5,1,1.0,511.5,511.5,737.0,909.875,511.5,511.5,2211.0,3639.5,511.5,511.5,1112.0,1428.5,511.5,511.5,0.0,436.8274592635668,1.0,4.0,haridwar,NORMAL,0.0,0.0,,,,,,,,,,,,,,,,LANDSLIDE,0.847313208002322,84.73,EXTREME
5939,Yamuna Colony,Uttarakhand,49,Dehradun,30.33775278,78.03311667,2025-02-08,5479.5,307.0,21,2025,2,39,5479.5,5479.5,5479.5,0.0,5479.5,307.0,307.0,307.0,21,21.0,5441.5,4893.416666666667,4443.541666666667,3977.038461538461,16324.5,29360.5,53322.5,103403.0,5750.5,5750.5,5750.5,5750.5,312.0,511.5,952.836943903135,1272.7747791583354,6.0,26.0,dehradun,NORMAL,0.0,0.0,,,,,,,,,,,,,,,,LANDSLIDE,0.8837933574455781,88.38,EXTREME
5938,Doiwala (Bhogpur),Uttarakhand,49,Dehradun,30.22270833,78.23418611,2025-02-08,121.0,121.0,1,2025,2,39,121.0,121.0,121.0,0.0,121.0,121.0,121.0,121.0,1,1.0,121.0,121.0,86.5,86.5,121.0,121.0,173.0,173.0,121.0,121.0,121.0,121.0,121.0,121.0,0.0,48.79036790187178,1.0,2.0,dehradun,NORMAL,0.0,0.0,,,,,,,,,,,,,,,,LANDSLIDE,0.9300666237938489,93.01,EXTREME
5941,Yamkeshwar,Uttarakhand,52,PAURI GARHWAL,29.96130556,78.44086111,2025-02-09,89.0,89.0,1,2025,2,40,89.0,89.0,89.0,0.0,89.0,89.0,89.0,89.0,1,1.0,89.0,89.0,89.0,89.0,89.0,89.0,89.0,89.0,89.0,89.0,89.0,89.0,89.0,89.0,0.0,0.0,1.0,1.0,pauri garhwal,NORMAL,0.0,0.0,,,,,,,,,,,,,,,,LANDSLIDE,0.8928056400711961,89.28,EXTREME
5942,Purola_1,Uttarakhand,57,Uttarkashi,30.91291667,78.10388889,2025-02-09,18.0,18.0,1,2025,2,40,18.0,18.0,18.0,0.0,18.0,18.0,18.0,18.0,1,1.0,18.0,18.0,89.0,243.625,18.0,18.0,178.0,974.5,18.0,18.0,160.0,448.5,18.0,448.5,0.0,192.15244599015648,1.0,4.0,uttarkashi,NORMAL,0.0,0.0,,,,,,,,,,,,,,,,LANDSLIDE,0.7433753122788247,74.34,VERY HIGH
5940,Yamuna Colony,Uttarakhand,49,Dehradun,30.33775278,78.03311667,2025-02-09,5427.0,322.5,20,2025,2,40,5427.0,5427.0,5427.0,0.0,5427.0,322.5,322.5,322.5,20,20.0,5552.333333333333,4969.642857142857,4713.875,4037.807692307693,16657.0,34787.5,56566.5,104983.0,5750.5,5750.5,5750.5,5750.5,322.5,322.5,892.8913107748009,1303.661827905716,7.0,26.0,dehradun,NORMAL,0.0,0.0,,,,,,,,,,,,,,,,LANDSLIDE,0.8546292668839188,85.46,EXTREME
5945,Gadarpur,Uttarakhand,56,UDHAM SINGH NAGAR,29.04324167,79.24461944,2025-02-10,409.0,276.5,2,2025,2,41,409.0,409.0,409.0,0.0,409.0,276.5,276.5,276.5,2,2.0,409.0,409.0,269.25,135.125,409.0,409.0,538.5,540.5,409.0,409.0,409.0,409.0,276.5,276.5,0.0,192.36959868960585,1.0,4.0,udham singh nagar,NORMAL,0.0,0.0,,,,,,,,,,,,,,,,LANDSLIDE,0.8148339042257075,81.48,EXTREME
5943,Yamuna Colony,Uttarakhand,49,Dehradun,30.33775278,78.03311667,2025-02-10,5592.5,317.0,20,2025,2,41,5592.5,5592.5,5592.5,0.0,5592.5,317.0,317.0,317.0,20,20.0,5499.666666666667,5332.642857142857,4781.461538461538,4095.3888888888887,16499.0,37328.5,62159.0,110575.5,5592.5,5750.5,5750.5,5750.5,322.5,322.5,308.1734785103054,1312.8931816451282,7.0,27.0,dehradun,NORMAL,0.0,0.0,,,,,,,,,,,,,,,,LANDSLIDE,0.6646309523809524,66.46,VERY HIGH
5944,Roorkee_2,Uttarakhand,50,Haridwar,29.86771944,77.88415556,2025-02-10,328.5,328.5,1,2025,2,41,328.5,328.5,328.5,0.0,328.5,328.5,328.5,328.5,1,1.0,328.5,420.0,420.0,793.6,328.5,840.0,840.0,3968.0,328.5,511.5,511.5,1428.5,511.5,511.5,129.4005409571382,459.03491152634166,2.0,5.0,haridwar,NORMAL,0.0,0.0,,,,,,,,,,,,,,,,LANDSLIDE,0.6775618267029906,67.76,VERY HIGH
5947,Yamuna Colony,Uttarakhand,49,Dehradun,30.33775278,78.03311667,2025-02-11,6033.0,318.0,22,2025,2,42,6033.0,6033.0,6033.0,0.0,6033.0,318.0,318.0,318.0,22,22.0,5684.166666666667,5490.785714285715,4974.115384615385,4164.589285714285,17052.5,38435.5,64663.5,116608.5,6033.0,6033.0,6033.0,6033.0,322.5,322.5,346.3868089702174,1339.3773363545547,7.0,28.0,dehradun,NORMAL,0.0,0.0,,,,,,,,,,,,,,,,LANDSLIDE,0.5509060846560847,55.09,HIGH
5946,Lamgara,Uttarakhand,45,Almora,29.53866667,79.74994444,2025-02-11,0.5,0.5,1,2025,2,42,0.5,0.5,0.5,0.0,0.5,0.5,0.5,0.5,1,1.0,0.5,0.5,0.5,2.75,0.5,0.5,0.5,5.5,0.5,0.5,0.5,5.0,0.5,1.0,0.0,3.181980515339464,1.0,2.0,almora,NORMAL,0.0,0.0,,,,,,,,,,,,,,,,LANDSLIDE,0.6159805152380342,61.6,VERY HIGH
5950,Haldwani_1,Uttarakhand,51,Nainital,29.214725,79.52400278,2025-02-12,140.5,140.5,1,2025,2,43,140.5,140.5,140.5,0.0,140.5,140.5,140.5,140.5,1,1.0,140.5,140.5,140.5,130.16666666666666,140.5,140.5,140.5,390.5,140.5,140.5,140.5,247.0,140.5,247.0,0.0,122.32777008240332,1.0,3.0,nainital,NORMAL,0.0,0.0,,,,,,,,,,,,,,,,LANDSLIDE,0.6404548956334671,64.05,VERY HIGH
5948,Yamuna Colony,Uttarakhand,49,Dehradun,30.33775278,78.03311667,2025-02-12,6018.5,316.5,22,2025,2,43,6018.5,6018.5,6018.5,0.0,6018.5,316.5,316.5,316.5,22,22.0,5881.333333333333,5627.928571428572,5007.884615384615,4265.892857142857,17644.0,39395.5,65102.5,119445.0,6033.0,6033.0,6033.0,6033.0,322.5,322.5,336.61481802541573,1369.24296708439,7.0,28.0,dehradun,NORMAL,0.0,0.0,,,,,,,,,,,,,,,,LANDSLIDE,0.7366097445802415,73.66,VERY HIGH
5949,Roorkee_2,Uttarakhand,50,Haridwar,29.86771944,77.88415556,2025-02-12,330.0,330.0,1,2025,2,43,330.0,330.0,330.0,0.0,330.0,330.0,330.0,330.0,1,1.0,329.25,390.0,390.0,716.3333333333334,658.5,1170.0,1170.0,4298.0,330.0,511.5,511.5,1428.5,511.5,511.5,105.2247594437735,452.0965236170957,3.0,6.0,haridwar,NORMAL,0.0,0.0,,,,,,,,,,,,,,,,LANDSLIDE,0.7706164785869756,77.06,VERY HIGH
5951,Yamuna Colony,Uttarakhand,49,Dehradun,30.33775278,78.03311667,2025-02-13,4929.0,300.0,19,2025,2,44,4929.0,4929.0,4929.0,0.0,4929.0,300.0,300.0,300.0,19,19.0,5660.166666666667,5604.285714285715,5020.5,4330.357142857143,16980.5,39230.0,65266.5,121250.0,6033.0,6033.0,6033.0,6033.0,322.5,322.5,382.9489584290613,1355.9163080336282,7.0,28.0,dehradun,NORMAL,0.0,0.0,,,,,,,,,,,,,,,,LANDSLIDE,0.8052070444151724,80.52,EXTREME
5952,Khati_1,Uttarakhand,46,Bageshwar,30.11019722,79.94055833,2025-02-14,192.0,192.0,1,2025,2,45,192.0,192.0,192.0,0.0,192.0,192.0,192.0,192.0,1,1.0,192.0,192.0,192.0,96.25,192.0,192.0,192.0,192.5,192.0,192.0,192.0,192.0,192.0,192.0,0.0,135.41094859722386,1.0,2.0,bageshwar,NORMAL,0.0,0.0,,,,,,,,,,,,,,,,LANDSLIDE,0.6162399914899914,61.62,VERY HIGH
5953,Yamuna Colony,Uttarakhand,49,Dehradun,30.33775278,78.03311667,2025-02-14,6486.0,313.0,24,2025,2,45,6486.0,6486.0,6486.0,0.0,6486.0,313.0,313.0,313.0,24,24.0,5811.166666666667,5709.357142857143,5098.961538461538,4392.625,17433.5,39965.5,66286.5,122993.5,6486.0,6486.0,6486.0,6486.0,322.5,322.5,509.68304810323775,1414.3198118150658,7.0,28.0,dehradun,NORMAL,0.0,0.0,,,,,,,,,,,,,,,,LANDSLIDE,0.7139478800067035,71.39,VERY HIGH
5956,Basukedar,Uttarakhand,54,Rudraprayag,30.43919444,79.05633333,2025-02-15,1.0,1.0,1,2025,2,46,1.0,1.0,1.0,0.0,1.0,1.0,1.0,1.0,1,1.0,1.0,1.0,3.0,3.0,1.0,1.0,6.0,6.0,1.0,1.0,5.0,5.0,1.0,2.0,0.0,2.8284271247461903,1.0,2.0,rudraprayag,NORMAL,0.0,1.0,,,,,,,,,,,,,,,,LANDSLIDE,0.7064478800067036,70.64,VERY HIGH
5954,Yamuna Colony,Uttarakhand,49,Dehradun,30.33775278,78.03311667,2025-02-15,4359.0,305.0,16,2025,2,46,4359.0,4359.0,4359.0,0.0,4359.0,305.0,305.0,305.0,16,16.0,5258.0,5549.285714285715,5246.576923076923,4364.5,15774.0,38845.0,68205.5,122206.0,6486.0,6486.0,6486.0,6486.0,322.5,322.5,724.560893296924,1406.5820011381977,7.0,28.0,dehradun,NORMAL,0.0,0.0,,,,,,,,,,,,,,,,LANDSLIDE,0.9113494102695238,91.13,EXTREME
5955,Mukteshwar_1,Uttarakhand,51,Nainital,29.47413889,79.65119444,2025-02-15,1.0,0.5,2,2025,2,46,1.0,1.0,1.0,0.0,1.0,0.5,0.5,0.5,2,2.0,1.0,1.0,66.83333333333333,218.125,1.0,1.0,200.5,872.5,1.0,1.0,341.5,672.0,0.5,408.0,0.0,364.2605237555487,1.0,3.0,nainital,NORMAL,0.0,0.0,,,,,,,,,,,,,,,,LANDSLIDE,0.8142959703256589,81.43,EXTREME
5957,Guptkashi_1,Uttarakhand,54,Rudraprayag,30.52863889,79.08508333,2025-02-15,5.0,1.5,4,2025,2,46,5.0,5.0,5.0,0.0,5.0,1.5,1.5,1.5,4,4.0,5.0,5.0,69.0,52.0,5.0,5.0,207.0,208.0,5.0,5.0,193.0,193.0,1.5,193.0,0.0,94.05672047582068,1.0,4.0,rudraprayag,NORMAL,0.0,1.0,,,,,,,,,,,,,,,,LANDSLIDE,0.750852614707864,75.09,VERY HIGH
5960,Mukteshwar_1,Uttarakhand,51,Nainital,29.47413889,79.65119444,2025-02-17,0.5,0.5,1,2025,2,48,0.5,0.5,0.5,0.0,0.5,0.5,0.5,0.5,1,1.0,0.75,0.75,50.25,174.6,1.5,1.5,201.0,873.0,1.0,1.0,341.5,672.0,0.5,408.0,0.3535533905932738,330.13092099953315,2.0,4.0,nainital,NORMAL,0.0,0.0,,,,,,,,,,,,,,,,LANDSLIDE,0.5768685527435529,57.69,HIGH
5959,Yamuna Colony,Uttarakhand,49,Dehradun,30.33775278,78.03311667,2025-02-17,3405.5,315.5,12,2025,2,48,3405.5,3405.5,3405.5,0.0,3405.5,315.5,315.5,315.5,12,12.0,3882.25,5205.166666666667,5273.807692307692,4275.611111111111,7764.5,31231.0,68559.5,115441.5,4359.0,6486.0,6486.0,6486.0,318.0,322.5,1184.7716516977714,1428.2823420871518,6.0,27.0,dehradun,NORMAL,0.0,0.0,,,,,,,,,,,,,,,,LANDSLIDE,0.9113494102695238,91.13,EXTREME
5958,Tanakpur_1,Uttarakhand,48,Champawat,29.07222222,80.1175,2025-02-17,371.0,288.0,2,2025,2,48,371.0,371.0,371.0,0.0,371.0,288.0,288.0,288.0,2,2.0,371.0,371.0,371.0,186.0,371.0,371.0,371.0,372.0,371.0,371.0,371.0,371.0,288.0,288.0,0.0,261.6295090390226,1.0,2.0,champawat,NORMAL,0.0,0.0,,,,,,,,,,,,,,,,LANDSLIDE,0.8606863308165631,86.07,EXTREME
5962,Gadarpur,Uttarakhand,56,UDHAM SINGH NAGAR,29.04324167,79.24461944,2025-02-18,320.0,320.0,1,2025,2,49,320.0,320.0,320.0,0.0,320.0,320.0,320.0,320.0,1,1.0,320.0,320.0,364.5,286.1666666666667,320.0,320.0,729.0,858.5,320.0,320.0,409.0,409.0,320.0,320.0,0.0,142.78859665019942,1.0,3.0,udham singh nagar,NORMAL,0.0,0.0,,,,,,,,,,,,,,,,LANDSLIDE,0.9113494102695238,91.13,EXTREME
5961,Yamuna Colony,Uttarakhand,49,Dehradun,30.33775278,78.03311667,2025-02-18,5640.0,318.0,20,2025,2,49,5640.0,5640.0,5640.0,0.0,5640.0,318.0,318.0,318.0,20,20.0,4522.75,5139.666666666667,5328.7307692307695,4366.148148148148,9045.5,30838.0,69273.5,117886.0,5640.0,6486.0,6486.0,6486.0,318.0,322.5,1139.8640123570292,1434.644835536331,6.0,27.0,dehradun,NORMAL,0.0,0.0,,,,,,,,,,,,,,,,NORMAL,0.5704215863505468,57.04,HIGH
5963,Sitarganj_1,Uttarakhand,56,UDHAM SINGH NAGAR,28.92971389,79.703,2025-02-18,5.0,5.0,1,2025,2,49,5.0,5.0,5.0,0.0,5.0,5.0,5.0,5.0,1,1.0,5.0,5.0,5.0,5.0,5.0,5.0,5.0,5.0,5.0,5.0,5.0,5.0,5.0,5.0,0.0,0.0,1.0,1.0,udham singh nagar,NORMAL,0.0,0.0,,,,,,,,,,,,,,,,NORMAL,0.7450370603711466,74.5,VERY HIGH
5964,Yamuna Colony,Uttarakhand,49,Dehradun,30.33775278,78.03311667,2025-02-19,4120.5,314.0,15,2025,2,50,4120.5,4120.5,4120.5,0.0,4120.5,314.0,314.0,314.0,15,15.0,4388.666666666667,4823.333333333333,5256.576923076923,4387.87037037037,13166.0,28940.0,68335.5,118472.5,5640.0,6486.0,6486.0,6486.0,318.0,322.5,1110.1713231148906,1425.9744751234907,6.0,27.0,dehradun,NORMAL,0.0,0.0,,,,,,,,,,,,,,,,NORMAL,0.8765819034065601,87.66,EXTREME
5967,Yamuna Colony,Uttarakhand,49,Dehradun,30.33775278,78.03311667,2025-02-20,4088.5,290.0,15,2025,2,51,4088.5,4088.5,4088.5,0.0,4088.5,290.0,290.0,290.0,15,15.0,4616.333333333333,4683.25,5179.192307692308,4428.018518518518,13849.0,28099.5,67329.5,119556.5,5640.0,6486.0,6486.0,6486.0,318.0,322.5,1146.601620005833,1400.5613124845695,6.0,27.0,dehradun,NORMAL,0.0,0.0,,,,,,,,,,,,,,,,NORMAL,0.8831895415344349,88.32,EXTREME
5966,Dakpathar,Uttarakhand,49,Dehradun,30.49866667,77.79744444,2025-02-20,7.0,2.0,9,2025,2,51,7.0,7.0,7.0,0.0,7.0,2.0,2.0,2.0,9,9.0,7.0,7.0,7.0,7.0,7.0,7.0,7.0,7.0,7.0,7.0,7.0,7.0,2.0,2.0,0.0,0.0,1.0,1.0,dehradun,NORMAL,0.0,0.0,,,,,,,,,,,,,,,,NORMAL,0.7480360675449859,74.8,VERY HIGH
5970,Guptkashi_1,Uttarakhand,54,Rudraprayag,30.52863889,79.08508333,2025-02-20,22.5,3.5,17,2025,2,51,22.5,22.5,22.5,0.0,22.5,3.5,3.5,3.5,17,17.0,22.5,13.75,73.5,57.375,22.5,27.5,220.5,229.5,22.5,22.5,193.0,193.0,3.5,193.0,12.374368670764582,90.72612174377711,2.0,4.0,rudraprayag,NORMAL,0.0,1.0,,,,,,,,,,,,,,,,NORMAL,0.824675437246841,82.47,EXTREME
5968,Srinagar_2,Uttarakhand,52,PAURI GARHWAL,30.23581944,78.81720278,2025-02-20,291.0,290.5,2,2025,2,51,291.0,291.0,291.0,0.0,291.0,290.5,290.5,290.5,2,2.0,291.0,291.0,291.0,146.75,291.0,291.0,291.0,293.5,291.0,291.0,291.0,291.0,290.5,290.5,0.0,204.00030637231896,1.0,2.0,pauri garhwal,NORMAL,0.0,0.0,,,,,,,,,,,,,,,,NORMAL,0.8152501476474371,81.53,EXTREME
5969,Basukedar,Uttarakhand,54,Rudraprayag,30.43919444,79.05633333,2025-02-20,8.5,2.5,6,2025,2,51,8.5,8.5,8.5,0.0,8.5,2.5,2.5,2.5,6,6.0,8.5,4.75,4.75,4.833333333333333,8.5,9.5,9.5,14.5,8.5,8.5,8.5,8.5,2.5,2.5,5.303300858899107,3.752776749732568,2.0,3.0,rudraprayag,NORMAL,0.0,1.0,,,,,,,,,,,,,,,,NORMAL,0.7817681300720135,78.18,VERY HIGH
5971,Jhala_1,Uttarakhand,57,Uttarkashi,31.01533333,78.71222222,2025-02-20,0.5,0.5,1,2025,2,51,0.5,0.5,0.5,0.0,0.5,0.5,0.5,0.5,1,1.0,0.5,0.5,0.5,1.5,0.5,0.5,0.5,4.5,0.5,0.5,0.5,2.5,0.5,1.5,0.0,1.0,1.0,3.0,uttarkashi,NORMAL,0.0,0.0,,,,,,,,,,,,,,,,NORMAL,0.7878520543166547,78.79,VERY HIGH
5965,Chakrata,Uttarakhand,49,Dehradun,30.76115556,77.86502778,2025-02-20,19.5,4.0,14,2025,2,51,19.5,19.5,19.5,0.0,19.5,4.0,4.0,4.0,14,14.0,19.5,19.5,19.5,11.0,19.5,19.5,19.5,22.0,19.5,19.5,19.5,19.5,4.0,4.0,0.0,12.020815280171307,1.0,2.0,dehradun,NORMAL,0.0,0.0,,,,,,,,,,,,,,,,NORMAL,0.9382467363207119,93.82,EXTREME
5981,Nachni,Uttarakhand,53,Pithoragarh,29.90594444,80.16097222,2025-02-21,3.5,2.5,3,2025,2,52,3.5,3.5,3.5,0.0,3.5,2.5,2.5,2.5,3,3.0,3.5,3.5,3.5,3.5,3.5,3.5,3.5,3.5,3.5,3.5,3.5,3.5,2.5,2.5,0.0,0.0,1.0,1.0,pithoragarh,NORMAL,0.0,0.0,,,,,,,,,,,,,,,,NORMAL,0.8942447334800278,89.42,EXTREME
5983,Guptkashi_1,Uttarakhand,54,Rudraprayag,30.52863889,79.08508333,2025-02-21,21.0,5.5,6,2025,2,52,21.0,21.0,21.0,0.0,21.0,5.5,5.5,5.5,6,6.0,21.75,16.166666666666668,16.166666666666668,50.1,43.5,48.5,48.5,250.5,22.5,22.5,22.5,193.0,5.5,193.0,9.699656351300977,80.2374600794417,3.0,5.0,rudraprayag,NORMAL,0.0,1.0,,,,,,,,,,,,,,,,NORMAL,0.8941761882695619,89.42,EXTREME
5978,Mukteshwar_1,Uttarakhand,51,Nainital,29.47413889,79.65119444,2025-02-21,231.0,223.5,8,2025,2,52,231.0,231.0,231.0,0.0,231.0,223.5,223.5,223.5,8,8.0,231.0,77.5,77.5,184.0,231.0,232.5,232.5,1104.0,231.0,231.0,231.0,672.0,223.5,408.0,132.93513455817464,296.17444184129056,3.0,5.0,nainital,NORMAL,0.0,0.0,,,,,,,,,,,,,,,,NORMAL,0.9337440077050281,93.37,EXTREME
5973,Baijnath (Gomti),Uttarakhand,46,Bageshwar,29.90822222,79.61769444,2025-02-21,2.5,2.0,2,2025,2,52,2.5,2.5,2.5,0.0,2.5,2.0,2.0,2.0,2,2.0,2.5,2.5,2.5,2.5,2.5,2.5,2.5,2.5,2.5,2.5,2.5,2.5,2.0,2.0,0.0,0.0,1.0,1.0,bageshwar,NORMAL,0.0,0.0,,,,,,,,,,,,,,,,NORMAL,0.916340736261789,91.63,EXTREME
5982,Basukedar,Uttarakhand,54,Rudraprayag,30.43919444,79.05633333,2025-02-21,4.5,3.0,2,2025,2,52,4.5,4.5,4.5,0.0,4.5,3.0,3.0,3.0,2,2.0,6.5,4.666666666666667,4.666666666666667,4.75,13.0,14.0,14.0,19.0,8.5,8.5,8.5,8.5,3.0,3.0,3.752776749732568,3.068658773253661,3.0,4.0,rudraprayag,NORMAL,0.0,1.0,,,,,,,,,,,,,,,,NORMAL,0.9563208306153511,95.63,EXTREME
5979,Dugadda (Khoh),Uttarakhand,52,PAURI GARHWAL,29.75108333,78.52341667,2025-02-21,1.0,0.5,2,2025,2,52,1.0,1.0,1.0,0.0,1.0,0.5,0.5,0.5,2,2.0,1.0,1.0,1.0,1.0,1.0,1.0,1.0,1.0,1.0,1.0,1.0,1.0,0.5,0.5,0.0,0.0,1.0,1.0,pauri garhwal,NORMAL,0.0,0.0,,,,,,,,,,,,,,,,NORMAL,0.8881779444770486,88.82,EXTREME
5984,Jhala_1,Uttarakhand,57,Uttarkashi,31.01533333,78.71222222,2025-02-21,17.0,5.0,6,2025,2,52,17.0,17.0,17.0,0.0,17.0,5.0,5.0,5.0,6,6.0,8.75,8.75,8.75,5.375,17.5,17.5,17.5,21.5,17.0,17.0,17.0,17.0,5.0,5.0,11.667261889578034,7.792892060504025,2.0,4.0,uttarkashi,NORMAL,0.0,0.0,,,,,,,,,,,,,,,,NORMAL,0.897917041227829,89.79,EXTREME
5977,Manglaur_1,Uttarakhand,50,Haridwar,29.78567778,77.86368889,2025-02-21,0.5,0.5,1,2025,2,52,0.5,0.5,0.5,0.0,0.5,0.5,0.5,0.5,1,1.0,0.5,0.5,0.5,232.25,0.5,0.5,0.5,464.5,0.5,0.5,0.5,464.0,0.5,464.0,0.0,327.74399307996475,1.0,2.0,haridwar,NORMAL,0.0,0.0,,,,,,,,,,,,,,,,NORMAL,0.8340275529471248,83.4,EXTREME
5980,Srinagar_2,Uttarakhand,52,PAURI GARHWAL,30.23581944,78.81720278,2025-02-21,1.0,1.0,1,2025,2,52,1.0,1.0,1.0,0.0,1.0,1.0,1.0,1.0,1,1.0,146.0,146.0,146.0,98.16666666666669,292.0,292.0,292.0,294.5,291.0,291.0,291.0,291.0,290.5,290.5,205.0609665440988,167.00024950081163,2.0,3.0,pauri garhwal,NORMAL,0.0,0.0,,,,,,,,,,,,,,,,NORMAL,0.7831557284801693,78.32,VERY HIGH
5976,Yamuna Colony,Uttarakhand,49,Dehradun,30.33775278,78.03311667,2025-02-21,4544.0,306.5,17,2025,2,52,4544.0,4544.0,4544.0,0.0,4544.0,306.5,306.5,306.5,17,17.0,4251.0,4359.583333333333,5086.384615384615,4459.666666666667,12753.0,26157.5,66123.0,120411.0,4544.0,5640.0,6486.0,6486.0,318.0,322.5,736.8037334776939,1392.8646532623704,6.0,27.0,dehradun,NORMAL,0.0,0.0,,,,,,,,,,,,,,,,NORMAL,0.8490602356192976,84.91,EXTREME
5975,Danda_1,Uttarakhand,48,Champawat,29.15927778,80.10852778,2025-02-21,0.5,0.5,1,2025,2,52,0.5,0.5,0.5,0.0,0.5,0.5,0.5,0.5,1,1.0,0.5,0.5,0.5,0.5,0.5,0.5,0.5,0.5,0.5,0.5,0.5,0.5,0.5,0.5,0.0,0.0,1.0,1.0,champawat,NORMAL,0.0,0.0,,,,,,,,,,,,,,,,NORMAL,0.8619691162734247,86.2,EXTREME
5972,Lamgara,Uttarakhand,45,Almora,29.53866667,79.74994444,2025-02-21,5.0,1.5,4,2025,2,52,5.0,5.0,5.0,0.0,5.0,1.5,1.5,1.5,4,4.0,5.0,5.0,2.75,2.75,5.0,5.0,5.5,5.5,5.0,5.0,5.0,5.0,1.5,1.5,0.0,3.181980515339464,1.0,2.0,almora,NORMAL,0.0,0.0,,,,,,,,,,,,,,,,NORMAL,0.9643439153439154,96.43,EXTREME
5974,Kapkot (Saryu),Uttarakhand,46,Bageshwar,29.94516667,79.9025,2025-02-21,3.0,2.0,3,2025,2,52,3.0,3.0,3.0,0.0,3.0,2.0,2.0,2.0,3,3.0,3.0,3.0,3.0,3.0,3.0,3.0,3.0,3.0,3.0,3.0,3.0,3.0,2.0,2.0,0.0,0.0,1.0,1.0,bageshwar,NORMAL,0.0,0.0,,,,,,,,,,,,,,,,NORMAL,0.9151631108269038,91.52,EXTREME
5986,Chakrata,Uttarakhand,49,Dehradun,30.76115556,77.86502778,2025-02-22,0.5,0.5,1,2025,2,53,0.5,0.5,0.5,0.0,0.5,0.5,0.5,0.5,1,1.0,10.0,10.0,10.0,7.5,20.0,20.0,20.0,22.5,19.5,19.5,19.5,19.5,4.0,4.0,13.435028842544405,10.44030650891055,2.0,3.0,dehradun,NORMAL,0.0,0.0,,,,,,,,,,,,,,,,NORMAL,0.959733902577276,95.97,EXTREME
5989,Roorkee_2,Uttarakhand,50,Haridwar,29.86771944,77.88415556,2025-02-22,303.5,303.5,1,2025,2,53,303.5,303.5,303.5,0.0,303.5,303.5,303.5,303.5,1,1.0,303.5,303.5,320.6666666666667,657.3571428571429,303.5,303.5,962.0,4601.5,303.5,303.5,330.0,1428.5,303.5,511.5,0.0,441.2180785701552,1.0,7.0,haridwar,NORMAL,0.0,0.0,,,,,,,,,,,,,,,,NORMAL,0.9287885594420368,92.88,EXTREME
5988,Yamuna Colony,Uttarakhand,49,Dehradun,30.33775278,78.03311667,2025-02-22,4730.0,305.0,17,2025,2,53,4730.0,4730.0,4730.0,0.0,4730.0,305.0,305.0,305.0,17,17.0,4454.166666666667,4421.416666666667,5028.7307692307695,4513.666666666667,13362.5,26528.5,65373.5,121869.0,4730.0,5640.0,6486.0,6486.0,318.0,322.5,752.1524723529587,1373.172442809831,6.0,27.0,dehradun,NORMAL,0.0,0.0,,,,,,,,,,,,,,,,NORMAL,0.8694706364247211,86.95,EXTREME
5985,Nandprayag (Nandakini),Uttarakhand,47,Chamoli,30.33122222,79.31063889,2025-02-22,0.5,0.5,1,2025,2,53,0.5,0.5,0.5,0.0,0.5,0.5,0.5,0.5,1,1.0,0.5,0.5,0.5,0.5,0.5,0.5,0.5,1.0,0.5,0.5,0.5,0.5,0.5,0.5,0.0,0.0,1.0,2.0,chamoli,NORMAL,0.0,0.0,,,,,,,,,,,,,,,,NORMAL,0.9386357797089993,93.86,EXTREME
5990,Jhala_1,Uttarakhand,57,Uttarkashi,31.01533333,78.71222222,2025-02-22,0.5,0.5,1,2025,2,53,0.5,0.5,0.5,0.0,0.5,0.5,0.5,0.5,1,1.0,6.0,6.0,6.0,4.4,18.0,18.0,18.0,22.0,17.0,17.0,17.0,17.0,5.0,5.0,9.526279441628825,7.092249290598858,3.0,5.0,uttarkashi,NORMAL,0.0,0.0,,,,,,,,,,,,,,,,NORMAL,0.8784588191315267,87.85,EXTREME
5987,Doiwala (Bhogpur),Uttarakhand,49,Dehradun,30.22270833,78.23418611,2025-02-22,281.5,281.5,1,2025,2,53,281.5,281.5,281.5,0.0,281.5,281.5,281.5,281.5,1,1.0,281.5,281.5,281.5,151.5,281.5,281.5,281.5,454.5,281.5,281.5,281.5,281.5,281.5,281.5,0.0,117.75079617565224,1.0,3.0,dehradun,NORMAL,0.0,0.0,,,,,,,,,,,,,,,,NORMAL,0.9169167343073593,91.69,EXTREME
5991,Kapkot (Saryu),Uttarakhand,46,Bageshwar,29.94516667,79.9025,2025-02-23,3.0,2.5,2,2025,2,54,3.0,3.0,3.0,0.0,3.0,2.5,2.5,2.5,2,2.0,3.0,3.0,3.0,3.0,6.0,6.0,6.0,6.0,3.0,3.0,3.0,3.0,2.5,2.5,0.0,0.0,2.0,2.0,bageshwar,NORMAL,0.0,0.0,,,,,,,,,,,,,,,,NORMAL,0.9174052675638584,91.74,EXTREME
5994,Srinagar_2,Uttarakhand,52,PAURI GARHWAL,30.23581944,78.81720278,2025-02-24,3625.5,321.0,12,2025,2,55,3625.5,3625.5,3625.5,0.0,3625.5,321.0,321.0,321.0,12,12.0,3625.5,1305.8333333333333,1305.8333333333333,980.0,3625.5,3917.5,3917.5,3920.0,3625.5,3625.5,3625.5,3625.5,321.0,321.0,2014.1164522771105,1768.929855402224,3.0,4.0,pauri garhwal,NORMAL,0.0,0.0,,,,,,,,,,,,,,,,NORMAL,0.8730832659176877,87.31,EXTREME
5992,Yamuna Colony,Uttarakhand,49,Dehradun,30.33775278,78.03311667,2025-02-24,4344.5,314.5,15,2025,2,55,4344.5,4344.5,4344.5,0.0,4344.5,314.5,314.5,314.5,15,15.0,4537.25,4577.916666666667,4891.541666666667,4732.326923076923,9074.5,27467.5,58698.5,123040.5,4730.0,5640.0,6486.0,6486.0,318.0,322.5,575.420317391268,1105.1916842096514,6.0,26.0,dehradun,NORMAL,0.0,0.0,,,,,,,,,,,,,,,,NORMAL,0.9024964863989142,90.25,EXTREME
5993,Roorkee_2,Uttarakhand,50,Haridwar,29.86771944,77.88415556,2025-02-24,3972.0,511.5,12,2025,2,55,3972.0,3972.0,3972.0,0.0,3972.0,511.5,511.5,511.5,12,12.0,2137.75,2137.75,1535.1666666666667,1092.9166666666667,4275.5,4275.5,4605.5,6557.5,3972.0,3972.0,3972.0,3972.0,511.5,511.5,2594.0212267828497,1443.4045661790965,2.0,6.0,haridwar,NORMAL,0.0,0.0,,,,,,,,,,,,,,,,NORMAL,0.9129642859705549,91.3,EXTREME
5995,Yamuna Colony,Uttarakhand,49,Dehradun,30.33775278,78.03311667,2025-02-25,2908.5,317.0,10,2025,2,56,2908.5,2908.5,2908.5,0.0,2908.5,317.0,317.0,317.0,10,10.0,3626.5,4122.666666666667,4631.166666666667,4760.2307692307695,7253.0,24736.0,55574.0,123766.0,4344.5,4730.0,6486.0,6486.0,317.0,322.5,643.5772421913861,1045.815454377777,6.0,26.0,dehradun,NORMAL,0.0,0.0,,,,,,,,,,,,,,,,NORMAL,0.8170532652661917,81.71,EXTREME
5996,Roorkee_2,Uttarakhand,50,Haridwar,29.86771944,77.88415556,2025-02-25,3017.0,511.5,9,2025,2,56,3017.0,3017.0,3017.0,0.0,3017.0,511.5,511.5,511.5,9,9.0,3494.5,2430.833333333333,1905.625,1410.4166666666667,6989.0,7292.5,7622.5,8462.5,3972.0,3972.0,3972.0,3972.0,511.5,511.5,1903.199039337014,1644.018169506246,3.0,6.0,haridwar,NORMAL,0.0,0.0,,,,,,,,,,,,,,,,NORMAL,0.8142772829393633,81.43,EXTREME
5997,Srinagar_2,Uttarakhand,52,PAURI GARHWAL,30.23581944,78.81720278,2025-02-25,1453.0,342.5,5,2025,2,56,1453.0,1453.0,1453.0,0.0,1453.0,342.5,342.5,342.5,5,5.0,2539.25,1342.625,1342.625,1074.6,5078.5,5370.5,5370.5,5373.0,3625.5,3625.5,3625.5,3625.5,342.5,342.5,1646.164601682752,1546.4735448755662,4.0,5.0,pauri garhwal,NORMAL,0.0,0.0,,,,,,,,,,,,,,,,NORMAL,0.882867724416965,88.29,EXTREME
6001,Guptkashi_1,Uttarakhand,54,Rudraprayag,30.52863889,79.08508333,2025-02-26,4.5,2.5,3,2025,2,57,4.5,4.5,4.5,0.0,4.5,2.5,2.5,2.5,3,3.0,4.5,16.0,13.25,42.5,4.5,48.0,53.0,255.0,4.5,22.5,22.5,193.0,5.5,193.0,9.987492177719089,74.14175611623992,3.0,6.0,rudraprayag,NORMAL,0.0,1.0,,,,,,,,,,,,,,,,NORMAL,0.8737334151819071,87.37,EXTREME
6000,Basukedar,Uttarakhand,54,Rudraprayag,30.43919444,79.05633333,2025-02-26,2.0,1.5,2,2025,2,57,2.0,2.0,2.0,0.0,2.0,1.5,1.5,1.5,2,2.0,2.0,5.0,4.0,4.2,2.0,15.0,16.0,21.0,2.0,8.5,8.5,8.5,3.0,3.0,3.278719262151,2.9283100928692645,3.0,5.0,rudraprayag,NORMAL,0.0,1.0,,,,,,,,,,,,,,,,NORMAL,0.9229952679836159,92.3,EXTREME
6002,Jhala_1,Uttarakhand,57,Uttarkashi,31.01533333,78.71222222,2025-02-26,2.5,1.0,4,2025,2,57,2.5,2.5,2.5,0.0,2.5,1.0,1.0,1.0,4,4.0,2.5,5.125,5.125,4.083333333333333,2.5,20.5,20.5,24.5,2.5,17.0,17.0,17.0,5.0,5.0,7.9726093595509875,6.390748521626137,4.0,6.0,uttarkashi,NORMAL,0.0,0.0,,,,,,,,,,,,,,,,NORMAL,0.9541964726325868,95.42,EXTREME
5998,Badrinath_1,Uttarakhand,47,Chamoli,30.74513889,79.49436111,2025-02-26,5.0,5.0,1,2025,2,57,5.0,5.0,5.0,0.0,5.0,5.0,5.0,5.0,1,1.0,5.0,5.0,5.0,5.0,5.0,5.0,5.0,5.0,5.0,5.0,5.0,5.0,5.0,5.0,0.0,0.0,1.0,1.0,chamoli,NORMAL,0.0,0.0,,,,,,,,,,,,,,,,NORMAL,0.9572531265031266,95.73,EXTREME
5999,Chakrata,Uttarakhand,49,Dehradun,30.76115556,77.86502778,2025-02-26,2.5,1.0,4,2025,2,57,2.5,2.5,2.5,0.0,2.5,1.0,1.0,1.0,4,4.0,2.5,7.5,7.5,6.25,2.5,22.5,22.5,25.0,2.5,19.5,19.5,19.5,4.0,4.0,10.44030650891055,8.88350531415762,3.0,4.0,dehradun,NORMAL,0.0,0.0,,,,,,,,,,,,,,,,NORMAL,0.82372601010101,82.37,EXTREME
6015,Basukedar,Uttarakhand,54,Rudraprayag,30.43919444,79.05633333,2025-02-27,42.5,3.0,19,2025,2,58,42.5,42.5,42.5,0.0,42.5,3.0,3.0,3.0,19,19.0,22.25,16.333333333333332,11.7,10.583333333333334,44.5,49.0,58.5,63.5,42.5,42.5,42.5,42.5,3.0,3.0,22.69544741425763,15.853758755155404,3.0,6.0,rudraprayag,NORMAL,0.0,1.0,,,,,,,,,,,,,,,,NORMAL,0.8547329244829246,85.47,EXTREME
6013,Srinagar_2,Uttarakhand,52,PAURI GARHWAL,30.23581944,78.81720278,2025-02-27,293.0,293.0,1,2025,2,58,293.0,293.0,293.0,0.0,293.0,293.0,293.0,293.0,1,1.0,873.0,1343.125,1132.7,1132.7,1746.0,5372.5,5663.5,5663.5,1453.0,3625.5,3625.5,3625.5,342.5,342.5,1645.738961429384,1500.911706263896,4.0,5.0,pauri garhwal,NORMAL,0.0,0.0,,,,,,,,,,,,,,,,NORMAL,0.839170214045214,83.92,EXTREME
6010,Yamuna Colony,Uttarakhand,49,Dehradun,30.33775278,78.03311667,2025-02-27,283.0,283.0,1,2025,2,58,283.0,283.0,283.0,0.0,283.0,283.0,283.0,283.0,1,1.0,1595.75,3362.0,4082.681818181818,4635.403846153846,3191.5,16810.0,44909.5,120520.5,2908.5,4730.0,6486.0,6486.0,317.0,322.5,1865.4595613413887,1348.5778881416627,5.0,26.0,dehradun,NORMAL,0.0,0.0,,,,,,,,,,,,,,,,NORMAL,0.7921411615314097,79.21,VERY HIGH
6007,Rithakhal,Uttarakhand,48,Champawat,29.44911111,79.882,2025-02-27,23.0,5.0,17,2025,2,58,23.0,23.0,23.0,0.0,23.0,5.0,5.0,5.0,17,17.0,23.0,23.0,23.0,23.0,23.0,23.0,23.0,23.0,23.0,23.0,23.0,23.0,5.0,5.0,0.0,0.0,1.0,1.0,champawat,NORMAL,0.0,0.0,,,,,,,,,,,,,,,,NORMAL,0.8978549415447653,89.79,EXTREME
6011,Mukteshwar_1,Uttarakhand,51,Nainital,29.47413889,79.65119444,2025-02-27,18.5,3.0,13,2025,2,58,18.5,18.5,18.5,0.0,18.5,3.0,3.0,3.0,13,13.0,18.5,124.75,62.75,160.35714285714286,18.5,249.5,251.0,1122.5,18.5,231.0,231.0,672.0,223.5,408.0,150.26019100214134,277.5109178461444,2.0,6.0,nainital,NORMAL,0.0,0.0,,,,,,,,,,,,,,,,NORMAL,0.83628771323262,83.63,EXTREME
6014,Dharchula_1,Uttarakhand,53,Pithoragarh,29.84825,80.54047222,2025-02-27,7.0,2.5,4,2025,2,58,7.0,7.0,7.0,0.0,7.0,2.5,2.5,2.5,4,4.0,7.0,7.0,7.0,7.0,7.0,7.0,7.0,7.0,7.0,7.0,7.0,7.0,2.5,2.5,0.0,0.0,1.0,1.0,pithoragarh,NORMAL,0.0,0.0,,,,,,,,,,,,,,,,NORMAL,0.845102395786611,84.51,EXTREME
6004,Baijnath (Gomti),Uttarakhand,46,Bageshwar,29.90822222,79.61769444,2025-02-27,43.0,4.5,16,2025,2,58,43.0,43.0,43.0,0.0,43.0,4.5,4.5,4.5,16,16.0,43.0,22.75,22.75,22.75,43.0,45.5,45.5,45.5,43.0,43.0,43.0,43.0,4.5,4.5,28.63782463805517,28.63782463805517,2.0,2.0,bageshwar,NORMAL,0.0,0.0,,,,,,,,,,,,,,,,NORMAL,0.7501956011775032,75.02,VERY HIGH
6003,Lamgara,Uttarakhand,45,Almora,29.53866667,79.74994444,2025-02-27,1.0,0.5,2,2025,2,58,1.0,1.0,1.0,0.0,1.0,0.5,0.5,0.5,2,2.0,1.0,3.0,3.0,2.1666666666666665,1.0,6.0,6.0,6.5,1.0,5.0,5.0,5.0,1.5,1.5,2.8284271247461903,2.4664414311581235,2.0,3.0,almora,NORMAL,0.0,0.0,,,,,,,,,,,,,,,,NORMAL,0.8085377673517039,80.85,EXTREME
6008,Chakrata,Uttarakhand,49,Dehradun,30.76115556,77.86502778,2025-02-27,31.0,4.0,15,2025,2,58,31.0,31.0,31.0,0.0,31.0,4.0,4.0,4.0,15,15.0,16.75,11.333333333333334,13.375,11.2,33.5,34.0,53.5,56.0,31.0,31.0,31.0,31.0,4.0,4.0,17.061164477647278,13.479614237803691,3.0,5.0,dehradun,NORMAL,0.0,0.0,,,,,,,,,,,,,,,,NORMAL,0.7848619971135284,78.49,VERY HIGH
6017,Jhala_1,Uttarakhand,57,Uttarkashi,31.01533333,78.71222222,2025-02-27,8.5,1.5,14,2025,2,58,8.5,8.5,8.5,0.0,8.5,1.5,1.5,1.5,14,14.0,5.5,7.125,5.8,4.714285714285714,11.0,28.5,29.0,33.0,8.5,17.0,17.0,17.0,5.0,5.0,7.409172243465078,6.068066295899261,4.0,7.0,uttarkashi,NORMAL,0.0,0.0,,,,,,,,,,,,,,,,NORMAL,0.6840533320923883,68.41,VERY HIGH
6016,Guptkashi_1,Uttarakhand,54,Rudraprayag,30.52863889,79.08508333,2025-02-27,54.0,3.5,22,2025,2,58,54.0,54.0,54.0,0.0,54.0,3.5,3.5,3.5,22,22.0,29.25,26.5,21.4,44.142857142857146,58.5,79.5,107.0,309.0,54.0,54.0,54.0,193.0,5.5,193.0,25.20416632225712,67.82128125062361,3.0,7.0,rudraprayag,NORMAL,0.0,1.0,,,,,,,,,,,,,,,,NORMAL,0.7770262159365332,77.7,VERY HIGH
6005,Kapkot (Saryu),Uttarakhand,46,Bageshwar,29.94516667,79.9025,2025-02-27,37.0,2.5,18,2025,2,58,37.0,37.0,37.0,0.0,37.0,2.5,2.5,2.5,18,18.0,37.0,14.333333333333334,14.333333333333334,14.333333333333334,37.0,43.0,43.0,43.0,37.0,37.0,37.0,37.0,2.5,2.5,19.62990915244728,19.62990915244728,3.0,3.0,bageshwar,NORMAL,0.0,0.0,,,,,,,,,,,,,,,,NORMAL,0.8618850949251657,86.19,EXTREME
6009,Dakpathar,Uttarakhand,49,Dehradun,30.49866667,77.79744444,2025-02-27,3.5,0.5,7,2025,2,58,3.5,3.5,3.5,0.0,3.5,0.5,0.5,0.5,7,7.0,3.5,3.5,5.25,5.25,3.5,3.5,10.5,10.5,3.5,3.5,7.0,7.0,0.5,2.0,0.0,2.4748737341529163,1.0,2.0,dehradun,NORMAL,0.0,0.0,,,,,,,,,,,,,,,,NORMAL,0.8098928604558693,80.99,EXTREME
6006,Champawat_1,Uttarakhand,48,Champawat,29.33341667,80.08469444,2025-02-27,5.5,1.5,6,2025,2,58,5.5,5.5,5.5,0.0,5.5,1.5,1.5,1.5,6,6.0,5.5,5.5,5.5,175.5,5.5,5.5,5.5,351.0,5.5,5.5,5.5,345.5,1.5,345.5,0.0,240.41630560342617,1.0,2.0,champawat,NORMAL,0.0,0.0,,,,,,,,,,,,,,,,NORMAL,0.8823366589499616,88.23,EXTREME
6012,Dugadda (Khoh),Uttarakhand,52,PAURI GARHWAL,29.75108333,78.52341667,2025-02-27,2.0,0.5,4,2025,2,58,2.0,2.0,2.0,0.0,2.0,0.5,0.5,0.5,4,4.0,2.0,1.5,1.5,1.5,2.0,3.0,3.0,3.0,2.0,2.0,2.0,2.0,0.5,0.5,0.7071067811865476,0.7071067811865476,2.0,2.0,pauri garhwal,NORMAL,0.0,0.0,,,,,,,,,,,,,,,,NORMAL,0.8320525736630924,83.21,EXTREME
6020,Kapkot (Saryu),Uttarakhand,46,Bageshwar,29.94516667,79.9025,2025-02-28,112.5,7.0,42,2025,2,59,112.5,112.5,112.5,0.0,112.5,7.0,7.0,7.0,42,42.0,74.75,50.833333333333336,38.875,38.875,149.5,152.5,155.5,155.5,112.5,112.5,112.5,112.5,7.0,7.0,56.04536852705434,51.63392779946148,3.0,4.0,bageshwar,NORMAL,0.0,0.0,,,,,,,,,,,,,,,,NORMAL,0.8850430023543474,88.5,EXTREME
6032,Mukteshwar_1,Uttarakhand,51,Nainital,29.47413889,79.65119444,2025-02-28,83.0,5.5,27,2025,2,59,83.0,83.0,83.0,0.0,83.0,5.5,5.5,5.5,27,27.0,50.75,50.75,66.8,150.6875,101.5,101.5,334.0,1205.5,83.0,83.0,231.0,672.0,5.5,408.0,45.60838738653232,258.37679261939473,2.0,7.0,nainital,NORMAL,0.0,0.0,,,,,,,,,,,,,,,,NORMAL,0.815914287850097,81.59,EXTREME
6023,Danda_1,Uttarakhand,48,Champawat,29.15927778,80.10852778,2025-02-28,1.5,1.5,1,2025,2,59,1.5,1.5,1.5,0.0,1.5,1.5,1.5,1.5,1,1.0,1.5,1.5,1.0,1.0,1.5,1.5,2.0,2.0,1.5,1.5,1.5,1.5,1.5,1.5,0.0,0.7071067811865476,1.0,2.0,champawat,NORMAL,0.0,0.0,,,,,,,,,,,,,,,,NORMAL,0.8069365401333406,80.69,EXTREME
6042,Tumaria,Uttarakhand,56,UDHAM SINGH NAGAR,29.30704722,78.93133056,2025-02-28,7.5,1.0,13,2025,2,59,7.5,7.5,7.5,0.0,7.5,1.0,1.0,1.0,13,13.0,7.5,7.5,7.5,7.5,7.5,7.5,7.5,7.5,7.5,7.5,7.5,7.5,1.0,1.0,0.0,0.0,1.0,1.0,udham singh nagar,NORMAL,0.0,0.0,,,,,,,,,,,,,,,,NORMAL,0.7870059364261622,78.7,VERY HIGH
6034,Srinagar_2,Uttarakhand,52,PAURI GARHWAL,30.23581944,78.81720278,2025-02-28,3477.5,306.5,22,2025,2,59,3477.5,3477.5,3477.5,0.0,3477.5,306.5,306.5,306.5,22,22.0,1885.25,2212.25,1523.5,1523.5,3770.5,8849.0,9141.0,9141.0,3477.5,3625.5,3625.5,3625.5,342.5,342.5,1618.4472239361614,1648.798532265237,4.0,6.0,pauri garhwal,NORMAL,0.0,0.0,,,,,,,,,,,,,,,,NORMAL,0.8716892357862961,87.17,EXTREME
6027,Dakpathar,Uttarakhand,49,Dehradun,30.49866667,77.79744444,2025-02-28,81.0,7.0,29,2025,2,59,81.0,81.0,81.0,0.0,81.0,7.0,7.0,7.0,29,29.0,42.25,42.25,30.5,30.5,84.5,84.5,91.5,91.5,81.0,81.0,81.0,81.0,7.0,7.0,54.80077554195744,43.76928146542961,2.0,3.0,dehradun,NORMAL,0.0,0.0,,,,,,,,,,,,,,,,NORMAL,0.8391092724800691,83.91,EXTREME
6040,Haripura_2,Uttarakhand,56,UDHAM SINGH NAGAR,29.13151944,79.25965556,2025-02-28,1.5,0.5,3,2025,2,59,1.5,1.5,1.5,0.0,1.5,0.5,0.5,0.5,3,3.0,1.5,1.5,1.5,1.5,1.5,1.5,1.5,1.5,1.5,1.5,1.5,1.5,0.5,0.5,0.0,0.0,1.0,1.0,udham singh nagar,NORMAL,0.0,0.0,,,,,,,,,,,,,,,,NORMAL,0.9287860048992176,92.88,EXTREME
6030,Roorkee_2,Uttarakhand,50,Haridwar,29.86771944,77.88415556,2025-02-28,2925.0,511.5,9,2025,2,59,2925.0,2925.0,2925.0,0.0,2925.0,511.5,511.5,511.5,9,9.0,2925.0,2554.375,2554.375,1626.7857142857142,2925.0,10217.5,10217.5,11387.5,2925.0,3972.0,3972.0,3972.0,511.5,511.5,1573.4763728233522,1606.2498990179706,4.0,7.0,haridwar,NORMAL,0.0,0.0,,,,,,,,,,,,,,,,NORMAL,0.929489369897586,92.95,EXTREME
6041,Sitarganj_1,Uttarakhand,56,UDHAM SINGH NAGAR,28.92971389,79.703,2025-02-28,2.5,1.0,3,2025,2,59,2.5,2.5,2.5,0.0,2.5,1.0,1.0,1.0,3,3.0,2.5,2.5,3.75,3.75,2.5,2.5,7.5,7.5,2.5,2.5,5.0,5.0,1.0,5.0,0.0,1.7677669529663689,1.0,2.0,udham singh nagar,NORMAL,0.0,0.0,,,,,,,,,,,,,,,,NORMAL,0.912122201074787,91.21,EXTREME
6039,Gadarpur,Uttarakhand,56,UDHAM SINGH NAGAR,29.04324167,79.24461944,2025-02-28,4.0,0.5,8,2025,2,59,4.0,4.0,4.0,0.0,4.0,0.5,0.5,0.5,8,8.0,4.0,4.0,162.0,215.625,4.0,4.0,324.0,862.5,4.0,4.0,320.0,409.0,0.5,320.0,0.0,183.02157204366196,1.0,4.0,udham singh nagar,NORMAL,0.0,0.0,,,,,,,,,,,,,,,,NORMAL,0.826898734063953,82.69,EXTREME
6031,Haldwani_1,Uttarakhand,51,Nainital,29.214725,79.52400278,2025-02-28,16.5,2.5,13,2025,2,59,16.5,16.5,16.5,0.0,16.5,2.5,2.5,2.5,13,13.0,16.5,16.5,16.5,78.5,16.5,16.5,16.5,157.0,16.5,16.5,16.5,140.5,2.5,140.5,0.0,87.68124086713189,1.0,2.0,nainital,NORMAL,0.0,0.0,,,,,,,,,,,,,,,,NORMAL,0.850862989133292,85.09,EXTREME
6022,Champawat_1,Uttarakhand,48,Champawat,29.33341667,80.08469444,2025-02-28,34.5,4.5,18,2025,2,59,34.5,34.5,34.5,0.0,34.5,4.5,4.5,4.5,18,18.0,20.0,20.0,20.0,128.5,40.0,40.0,40.0,385.5,34.5,34.5,34.5,345.5,4.5,345.5,20.50609665440988,188.4860737561266,2.0,3.0,champawat,NORMAL,0.0,0.0,,,,,,,,,,,,,,,,NORMAL,0.7881039864583149,78.81,VERY HIGH
6036,Dharchula_1,Uttarakhand,53,Pithoragarh,29.84825,80.54047222,2025-02-28,0.5,0.5,1,2025,2,59,0.5,0.5,0.5,0.0,0.5,0.5,0.5,0.5,1,1.0,3.75,3.75,3.75,3.75,7.5,7.5,7.5,7.5,7.0,7.0,7.0,7.0,2.5,2.5,4.596194077712559,4.596194077712559,2.0,2.0,pithoragarh,NORMAL,0.0,0.0,,,,,,,,,,,,,,,,NORMAL,0.8104983943380168,81.05,EXTREME
6028,Yamuna Colony,Uttarakhand,49,Dehradun,30.33775278,78.03311667,2025-02-28,3836.5,290.5,14,2025,2,59,3836.5,3836.5,3836.5,0.0,3836.5,290.5,290.5,290.5,14,14.0,2059.75,3220.5,3841.818181818182,4568.365384615385,4119.5,16102.5,42260.0,118777.5,3836.5,4730.0,5640.0,6486.0,317.0,322.5,1778.1783164238643,1343.0806346433033,5.0,26.0,dehradun,NORMAL,0.0,0.0,,,,,,,,,,,,,,,,NORMAL,0.8234738528751268,82.35,EXTREME
6019,Baijnath (Gomti),Uttarakhand,46,Bageshwar,29.90822222,79.61769444,2025-02-28,-203.0,140.0,32,2025,2,59,-203.0,-203.0,-203.0,0.0,-203.0,140.0,140.0,140.0,32,32.0,-80.0,-80.0,-52.5,-52.5,-160.0,-160.0,-157.5,-157.5,43.0,43.0,43.0,43.0,140.0,140.0,173.9482681718907,131.90053070401194,1.0,2.0,bageshwar,NORMAL,0.0,0.0,,,,,,,,,,,,,,,,NORMAL,0.8196428571428571,81.96,EXTREME
6038,Guptkashi_1,Uttarakhand,54,Rudraprayag,30.52863889,79.08508333,2025-02-28,126.0,6.0,42,2025,2,59,126.0,126.0,126.0,0.0,126.0,6.0,6.0,6.0,42,42.0,61.5,61.5,38.833333333333336,54.375,184.5,184.5,233.0,435.0,126.0,126.0,126.0,193.0,6.0,193.0,61.0962355632489,69.13896461888497,3.0,8.0,rudraprayag,NORMAL,0.0,1.0,,,,,,,,,,,,,,,,NORMAL,0.8898809523809524,88.99,EXTREME
6043,Jhala_1,Uttarakhand,57,Uttarkashi,31.01533333,78.71222222,2025-02-28,38.5,4.0,19,2025,2,59,38.5,38.5,38.5,0.0,38.5,4.0,4.0,4.0,19,19.0,16.5,12.5,11.25,8.9375,49.5,50.0,67.5,71.5,38.5,38.5,38.5,38.5,4.0,5.0,17.663521732655695,13.200209684481749,4.0,8.0,uttarkashi,NORMAL,0.0,0.0,,,,,,,,,,,,,,,,NORMAL,0.8080122498274672,80.8,EXTREME
6018,Lamgara,Uttarakhand,45,Almora,29.53866667,79.74994444,2025-02-28,20.5,3.0,15,2025,2,59,20.5,20.5,20.5,0.0,20.5,3.0,3.0,3.0,15,15.0,10.75,10.75,8.833333333333334,6.75,21.5,21.5,26.5,27.0,20.5,20.5,20.5,20.5,3.0,3.0,13.788582233137676,9.385272150200723,2.0,4.0,almora,NORMAL,0.0,0.0,,,,,,,,,,,,,,,,NORMAL,0.7291396637168969,72.91,VERY HIGH
6035,Yamkeshwar,Uttarakhand,52,PAURI GARHWAL,29.96130556,78.44086111,2025-02-28,160.0,160.0,1,2025,2,59,160.0,160.0,160.0,0.0,160.0,160.0,160.0,160.0,1,1.0,160.0,160.0,160.0,124.5,160.0,160.0,160.0,249.0,160.0,160.0,160.0,160.0,160.0,160.0,0.0,50.20458146424488,1.0,2.0,pauri garhwal,NORMAL,0.0,0.0,,,,,,,,,,,,,,,,NORMAL,0.6735680643580412,67.36,VERY HIGH
6037,Basukedar,Uttarakhand,54,Rudraprayag,30.43919444,79.05633333,2025-02-28,112.5,6.0,40,2025,2,59,112.5,112.5,112.5,0.0,112.5,6.0,6.0,6.0,40,40.0,52.333333333333336,52.333333333333336,28.5,25.142857142857142,157.0,157.0,171.0,176.0,112.5,112.5,112.5,112.5,6.0,6.0,55.90244478851827,41.14984233031184,3.0,7.0,rudraprayag,NORMAL,0.0,1.0,,,,,,,,,,,,,,,,NORMAL,0.7106185198906694,71.06,VERY HIGH
6033,Dugadda (Khoh),Uttarakhand,52,PAURI GARHWAL,29.75108333,78.52341667,2025-02-28,2.0,0.5,4,2025,2,59,2.0,2.0,2.0,0.0,2.0,0.5,0.5,0.5,4,4.0,2.0,2.0,1.6666666666666667,1.6666666666666667,4.0,4.0,5.0,5.0,2.0,2.0,2.0,2.0,0.5,0.5,0.0,0.5773502691896257,2.0,3.0,pauri garhwal,NORMAL,0.0,0.0,,,,,,,,,,,,,,,,NORMAL,0.7794941351877958,77.95,VERY HIGH
6029,Manglaur_1,Uttarakhand,50,Haridwar,29.78567778,77.86368889,2025-02-28,1.0,0.5,2,2025,2,59,1.0,1.0,1.0,0.0,1.0,0.5,0.5,0.5,2,2.0,1.0,1.0,0.75,155.16666666666666,1.0,1.0,1.5,465.5,1.0,1.0,1.0,464.0,0.5,464.0,0.0,267.4576290430567,1.0,3.0,haridwar,NORMAL,0.0,0.0,,,,,,,,,,,,,,,,NORMAL,0.7416740797517337,74.17,VERY HIGH
6025,Tanakpur_1,Uttarakhand,48,Champawat,29.07222222,80.1175,2025-02-28,19.0,5.0,9,2025,2,59,19.0,19.0,19.0,0.0,19.0,5.0,5.0,5.0,9,9.0,19.0,19.0,195.0,195.0,19.0,19.0,390.0,390.0,19.0,19.0,371.0,371.0,5.0,288.0,0.0,248.90158697766472,1.0,2.0,champawat,NORMAL,0.0,0.0,,,,,,,,,,,,,,,,NORMAL,0.7903888659641991,79.04,VERY HIGH
6026,Chakrata,Uttarakhand,49,Dehradun,30.76115556,77.86502778,2025-02-28,77.5,7.0,21,2025,2,59,77.5,77.5,77.5,0.0,77.5,7.0,7.0,7.0,21,21.0,37.0,27.875,26.2,22.25,111.0,111.5,131.0,133.5,77.5,77.5,77.5,77.5,7.0,7.0,35.89655275928317,29.6306429224882,4.0,6.0,dehradun,NORMAL,0.0,0.0,,,,,,,,,,,,,,,,NORMAL,0.7225406967728295,72.25,VERY HIGH
6021,Nandprayag (Nandakini),Uttarakhand,47,Chamoli,30.33122222,79.31063889,2025-02-28,0.5,0.5,1,2025,2,59,0.5,0.5,0.5,0.0,0.5,0.5,0.5,0.5,1,1.0,0.5,0.5,0.5,0.5,0.5,1.0,1.0,1.5,0.5,0.5,0.5,0.5,0.5,0.5,0.0,0.0,2.0,3.0,chamoli,NORMAL,0.0,0.0,,,,,,,,,,,,,,,,NORMAL,0.5948175916578258,59.48,HIGH
6024,Rithakhal,Uttarakhand,48,Champawat,29.44911111,79.882,2025-02-28,110.0,8.0,28,2025,2,59,110.0,110.0,110.0,0.0,110.0,8.0,8.0,8.0,28,28.0,66.5,66.5,66.5,66.5,133.0,133.0,133.0,133.0,110.0,110.0,110.0,110.0,8.0,8.0,61.518289963229634,61.518289963229634,2.0,2.0,champawat,NORMAL,0.0,0.0,,,,,,,,,,,,,,,,NORMAL,0.6102512016189903,61.03,VERY HIGH
6049,Tanakpur_1,Uttarakhand,48,Champawat,29.07222222,80.1175,2025-03-01,23.5,6.5,8,2025,3,60,23.5,23.5,23.5,0.0,23.5,6.5,6.5,6.5,8,8.0,21.25,21.25,137.83333333333334,137.83333333333334,42.5,42.5,413.5,413.5,23.5,23.5,371.0,371.0,6.5,288.0,3.181980515339464,201.94079165273504,2.0,3.0,champawat,NORMAL,0.0,0.0,,,,,,,,,,,,,,,,NORMAL,0.6299946556957776,63.0,VERY HIGH
6054,Roorkee_2,Uttarakhand,50,Haridwar,29.86771944,77.88415556,2025-03-01,550.5,511.5,3,2025,3,60,550.5,550.5,550.5,0.0,550.5,511.5,511.5,511.5,3,3.0,1737.75,2616.125,2153.6,1492.25,3475.5,10464.5,10768.0,11938.0,2925.0,3972.0,3972.0,3972.0,511.5,511.5,1456.1717146339574,1535.011610007281,4.0,8.0,haridwar,NORMAL,0.0,0.0,,,,,,,,,,,,,,,,NORMAL,0.7152590222272782,71.53,VERY HIGH
6060,Gadarpur,Uttarakhand,56,UDHAM SINGH NAGAR,29.04324167,79.24461944,2025-03-01,5.5,1.5,7,2025,3,60,5.5,5.5,5.5,0.0,5.5,1.5,1.5,1.5,7,7.0,4.75,4.75,109.83333333333331,173.6,9.5,9.5,329.5,868.0,5.5,5.5,320.0,409.0,1.5,320.0,1.0606601717798212,184.2638732904527,2.0,5.0,udham singh nagar,NORMAL,0.0,0.0,,,,,,,,,,,,,,,,NORMAL,0.6549232017820599,65.49,VERY HIGH
6055,Haldwani_1,Uttarakhand,51,Nainital,29.214725,79.52400278,2025-03-01,7.0,3.5,4,2025,3,60,7.0,7.0,7.0,0.0,7.0,3.5,3.5,3.5,4,4.0,11.75,11.75,11.75,54.66666666666666,23.5,23.5,23.5,164.0,16.5,16.5,16.5,140.5,3.5,140.5,6.7175144212722016,74.48545719355782,2.0,3.0,nainital,NORMAL,0.0,0.0,,,,,,,,,,,,,,,,NORMAL,0.5315574669900973,53.16,HIGH
6063,Jhala_1,Uttarakhand,57,Uttarkashi,31.01533333,78.71222222,2025-03-01,7.5,2.0,7,2025,3,60,7.5,7.5,7.5,0.0,7.5,2.0,2.0,2.0,7,7.0,18.166666666666668,14.25,10.714285714285714,8.777777777777779,54.5,57.0,75.0,79.0,38.5,38.5,38.5,38.5,4.0,5.0,16.3783393541592,12.356959352706657,4.0,9.0,uttarkashi,NORMAL,0.0,0.0,,,,,,,,,,,,,,,,NORMAL,0.6503237183329272,65.03,VERY HIGH
6062,Tumaria,Uttarakhand,56,UDHAM SINGH NAGAR,29.30704722,78.93133056,2025-03-01,3.5,1.0,6,2025,3,60,3.5,3.5,3.5,0.0,3.5,1.0,1.0,1.0,6,6.0,5.5,5.5,5.5,5.5,11.0,11.0,11.0,11.0,7.5,7.5,7.5,7.5,1.0,1.0,2.8284271247461903,2.8284271247461903,2.0,2.0,udham singh nagar,NORMAL,0.0,0.0,,,,,,,,,,,,,,,,NORMAL,0.6411342412846388,64.11,VERY HIGH
6052,Yamuna Colony,Uttarakhand,49,Dehradun,30.33775278,78.03311667,2025-03-01,256.5,256.5,1,2025,3,60,256.5,256.5,256.5,0.0,256.5,256.5,256.5,256.5,1,1.0,1458.6666666666667,2325.8,3468.8636363636365,4394.961538461538,4376.0,11629.0,38157.5,114269.0,3836.5,4344.5,5640.0,6486.0,317.0,322.5,1946.2745053049464,1585.791492744727,5.0,26.0,dehradun,NORMAL,0.0,0.0,,,,,,,,,,,,,,,,NORMAL,0.6028841571436521,60.29,VERY HIGH
6061,Sitarganj_1,Uttarakhand,56,UDHAM SINGH NAGAR,28.92971389,79.703,2025-03-01,9.5,7.5,2,2025,3,60,9.5,9.5,9.5,0.0,9.5,7.5,7.5,7.5,2,2.0,6.0,6.0,5.666666666666667,5.666666666666667,12.0,12.0,17.0,17.0,9.5,9.5,9.5,9.5,7.5,7.5,4.949747468305833,3.547299442298794,2.0,3.0,udham singh nagar,NORMAL,0.0,0.0,,,,,,,,,,,,,,,,FLOOD,0.42724752638496266,42.72,HIGH
6048,Rithakhal,Uttarakhand,48,Champawat,29.44911111,79.882,2025-03-01,4.5,2.5,3,2025,3,60,4.5,4.5,4.5,0.0,4.5,2.5,2.5,2.5,3,3.0,45.833333333333336,45.833333333333336,45.833333333333336,45.833333333333336,137.5,137.5,137.5,137.5,110.0,110.0,110.0,110.0,8.0,8.0,56.33456606146295,56.33456606146295,3.0,3.0,champawat,NORMAL,0.0,0.0,,,,,,,,,,,,,,,,NORMAL,0.6413773322052421,64.14,VERY HIGH
6050,Chakrata,Uttarakhand,49,Dehradun,30.76115556,77.86502778,2025-03-01,3.0,1.5,3,2025,3,60,3.0,3.0,3.0,0.0,3.0,1.5,1.5,1.5,3,3.0,37.16666666666666,28.5,22.33333333333333,19.5,111.5,114.0,134.0,136.5,77.5,77.5,77.5,77.5,7.0,7.0,35.27747156472527,28.010414729763166,4.0,7.0,dehradun,NORMAL,0.0,0.0,,,,,,,,,,,,,,,,NORMAL,0.5614360687119195,56.14,HIGH
6057,Dugadda (Khoh),Uttarakhand,52,PAURI GARHWAL,29.75108333,78.52341667,2025-03-01,0.5,0.5,1,2025,3,60,0.5,0.5,0.5,0.0,0.5,0.5,0.5,0.5,1,1.0,1.5,1.5,1.375,1.375,4.5,4.5,5.5,5.5,2.0,2.0,2.0,2.0,0.5,0.5,0.8660254037844386,0.75,3.0,4.0,pauri garhwal,NORMAL,0.0,0.0,,,,,,,,,,,,,,,,NORMAL,0.6259420000747088,62.59,VERY HIGH
6059,Dharchula_1,Uttarakhand,53,Pithoragarh,29.84825,80.54047222,2025-03-01,1.0,1.0,1,2025,3,60,1.0,1.0,1.0,0.0,1.0,1.0,1.0,1.0,1,1.0,2.833333333333333,2.833333333333333,2.833333333333333,2.833333333333333,8.5,8.5,8.5,8.5,7.0,7.0,7.0,7.0,2.5,2.5,3.6170890690351176,3.6170890690351176,3.0,3.0,pithoragarh,NORMAL,0.0,0.0,,,,,,,,,,,,,,,,NORMAL,0.6965442337497769,69.65,VERY HIGH
6046,Kapkot (Saryu),Uttarakhand,46,Bageshwar,29.94516667,79.9025,2025-03-01,3.5,2.5,3,2025,3,60,3.5,3.5,3.5,0.0,3.5,2.5,2.5,2.5,3,3.0,51.0,39.0,31.8,31.8,153.0,156.0,159.0,159.0,112.5,112.5,112.5,112.5,7.0,7.0,51.51860505357911,47.43232020468744,4.0,5.0,bageshwar,NORMAL,0.0,0.0,,,,,,,,,,,,,,,,NORMAL,0.6657691987477848,66.58,VERY HIGH
6053,Manglaur_1,Uttarakhand,50,Haridwar,29.78567778,77.86368889,2025-03-01,1.0,0.5,2,2025,3,60,1.0,1.0,1.0,0.0,1.0,0.5,0.5,0.5,2,2.0,1.0,1.0,0.8333333333333334,116.625,2.0,2.0,2.5,466.5,1.0,1.0,1.0,464.0,0.5,464.0,0.0,231.5834532805255,2.0,4.0,haridwar,NORMAL,0.0,0.0,,,,,,,,,,,,,,,,NORMAL,0.728648404319056,72.86,VERY HIGH
6044,Lamgara,Uttarakhand,45,Almora,29.53866667,79.74994444,2025-03-01,3.5,1.0,6,2025,3,60,3.5,3.5,3.5,0.0,3.5,1.0,1.0,1.0,6,6.0,8.333333333333334,8.333333333333334,7.5,6.1,25.0,25.0,30.0,30.5,20.5,20.5,20.5,20.5,3.0,3.0,10.610529361598005,8.256815366713731,3.0,5.0,almora,NORMAL,0.0,0.0,,,,,,,,,,,,,,,,NORMAL,0.6329060990782248,63.29,VERY HIGH
6047,Danda_1,Uttarakhand,48,Champawat,29.15927778,80.10852778,2025-03-01,27.5,19.5,6,2025,3,60,27.5,27.5,27.5,0.0,27.5,19.5,19.5,19.5,6,6.0,14.5,14.5,9.833333333333334,9.833333333333334,29.0,29.0,29.5,29.5,27.5,27.5,27.5,27.5,19.5,19.5,18.384776310850235,15.307950004273378,2.0,3.0,champawat,NORMAL,0.0,0.0,,,,,,,,,,,,,,,,NORMAL,0.8096783540455982,80.97,EXTREME
6058,Srinagar_2,Uttarakhand,52,PAURI GARHWAL,30.23581944,78.81720278,2025-03-01,280.5,280.5,1,2025,3,60,280.5,280.5,280.5,0.0,280.5,280.5,280.5,280.5,1,1.0,1350.3333333333333,1825.9,1345.928571428571,1345.928571428571,4051.0,9129.5,9421.5,9421.5,3477.5,3625.5,3625.5,3625.5,342.5,342.5,1646.469002137605,1576.7588440788757,5.0,7.0,pauri garhwal,NORMAL,0.0,0.0,,,,,,,,,,,,,,,,NORMAL,0.7964371283979542,79.64,VERY HIGH
6051,Dakpathar,Uttarakhand,49,Dehradun,30.49866667,77.79744444,2025-03-01,8.5,6.0,4,2025,3,60,8.5,8.5,8.5,0.0,8.5,6.0,6.0,6.0,4,4.0,31.0,31.0,25.0,25.0,93.0,93.0,100.0,100.0,81.0,81.0,81.0,81.0,7.0,7.0,43.37337893224368,37.39206689481964,3.0,4.0,dehradun,NORMAL,0.0,0.0,,,,,,,,,,,,,,,,NORMAL,0.9228535353535352,92.29,EXTREME
6056,Mukteshwar_1,Uttarakhand,51,Nainital,29.47413889,79.65119444,2025-03-01,7.0,2.0,8,2025,3,60,7.0,7.0,7.0,0.0,7.0,2.0,2.0,2.0,8,8.0,36.16666666666666,36.16666666666666,68.0,134.72222222222223,108.5,108.5,340.0,1212.5,83.0,83.0,231.0,672.0,5.5,408.0,40.96441545211323,246.3894416253352,3.0,8.0,nainital,NORMAL,0.0,0.0,,,,,,,,,,,,,,,,NORMAL,0.9538201175534342,95.38,EXTREME
6045,Baijnath (Gomti),Uttarakhand,46,Bageshwar,29.90822222,79.61769444,2025-03-01,3.0,2.5,2,2025,3,60,3.0,3.0,3.0,0.0,3.0,2.5,2.5,2.5,2,2.0,-52.333333333333336,-52.333333333333336,-38.625,-38.625,-157.0,-157.0,-154.5,-154.5,43.0,43.0,43.0,43.0,140.0,140.0,132.0050504084345,111.2140391317571,2.0,3.0,bageshwar,NORMAL,0.0,0.0,,,,,,,,,,,,,,,,NORMAL,0.946172810288774,94.62,EXTREME
6064,Khati_1,Uttarakhand,46,Bageshwar,30.11019722,79.94055833,2025-03-02,192.0,192.0,1,2025,3,61,192.0,192.0,192.0,0.0,192.0,192.0,192.0,192.0,1,1.0,192.0,192.0,192.0,192.0,192.0,192.0,192.0,384.0,192.0,192.0,192.0,192.0,192.0,192.0,0.0,0.0,1.0,2.0,bageshwar,NORMAL,0.0,0.0,,,,,,,,,,,,,,,,NORMAL,0.8627497618238089,86.27,EXTREME
6065,Dugadda (Khoh),Uttarakhand,52,PAURI GARHWAL,29.75108333,78.52341667,2025-03-02,0.5,0.5,1,2025,3,61,0.5,0.5,0.5,0.0,0.5,0.5,0.5,0.5,1,1.0,1.0,1.25,1.2,1.2,3.0,5.0,6.0,6.0,2.0,2.0,2.0,2.0,0.5,0.5,0.8660254037844386,0.758287544405155,4.0,5.0,pauri garhwal,NORMAL,0.0,0.0,,,,,,,,,,,,,,,,NORMAL,0.9286953062431758,92.87,EXTREME
6066,Jhala_1,Uttarakhand,57,Uttarkashi,31.01533333,78.71222222,2025-03-02,0.5,0.5,1,2025,3,61,0.5,0.5,0.5,0.0,0.5,0.5,0.5,0.5,1,1.0,15.5,11.5,9.4375,7.95,46.5,57.5,75.5,79.5,38.5,38.5,38.5,38.5,4.0,5.0,15.459624833740309,11.94071001052934,5.0,10.0,uttarkashi,NORMAL,0.0,0.0,,,,,,,,,,,,,,,,NORMAL,0.8305598557856995,83.06,EXTREME
6069,Yamuna Colony,Uttarakhand,49,Dehradun,30.33775278,78.03311667,2025-03-03,306.0,306.0,1,2025,3,62,306.0,306.0,306.0,0.0,306.0,306.0,306.0,306.0,1,1.0,281.25,1518.1,3187.090909090909,4266.76,562.5,7590.5,35058.0,106669.0,306.0,3836.5,5640.0,6486.0,317.0,322.5,1724.4190108555456,1758.409367155445,5.0,25.0,dehradun,NORMAL,0.0,0.0,,,,,,,,,,,,,,,,NORMAL,0.9543842640001922,95.44,EXTREME
6068,Chakrata,Uttarakhand,49,Dehradun,30.76115556,77.86502778,2025-03-03,3.0,2.0,2,2025,3,62,3.0,3.0,3.0,0.0,3.0,2.0,2.0,2.0,2,2.0,3.0,23.4,19.571428571428573,17.4375,6.0,117.0,137.0,139.5,3.0,77.5,77.5,77.5,7.0,7.0,32.610197791488474,26.580655560012055,5.0,8.0,dehradun,NORMAL,0.0,0.0,,,,,,,,,,,,,,,,NORMAL,0.9319157514140348,93.19,EXTREME
6071,Jhala_1,Uttarakhand,57,Uttarkashi,31.01533333,78.71222222,2025-03-03,0.5,0.5,1,2025,3,62,0.5,0.5,0.5,0.0,0.5,0.5,0.5,0.5,1,1.0,2.833333333333333,9.666666666666666,8.444444444444445,7.272727272727272,8.5,58.0,76.0,80.0,7.5,38.5,38.5,38.5,4.0,5.0,14.538454755119838,11.548514268865144,6.0,11.0,uttarkashi,NORMAL,0.0,0.0,,,,,,,,,,,,,,,,NORMAL,0.9501107648264199,95.01,EXTREME
6067,Baijnath (Gomti),Uttarakhand,46,Bageshwar,29.90822222,79.61769444,2025-03-03,1.0,1.0,1,2025,3,62,1.0,1.0,1.0,0.0,1.0,1.0,1.0,1.0,1,1.0,2.0,-39.0,-30.7,-30.7,4.0,-156.0,-153.5,-153.5,3.0,43.0,43.0,43.0,140.0,140.0,111.03152705425607,97.93084294541735,3.0,4.0,bageshwar,NORMAL,0.0,0.0,,,,,,,,,,,,,,,,NORMAL,0.8754196583021979,87.54,EXTREME
6070,Srinagar_2,Uttarakhand,52,PAURI GARHWAL,30.23581944,78.81720278,2025-03-03,596.0,319.0,2,2025,3,62,596.0,596.0,596.0,0.0,596.0,319.0,319.0,319.0,2,2.0,438.25,1220.0,1252.1875,1252.1875,876.5,6100.0,10017.5,10017.5,596.0,3477.5,3625.5,3625.5,342.5,342.5,1349.2553965057916,1483.6780777489628,5.0,8.0,pauri garhwal,NORMAL,0.0,0.0,,,,,,,,,,,,,,,,NORMAL,0.8878876491964868,88.79,EXTREME
6081,Dugadda (Khoh),Uttarakhand,52,PAURI GARHWAL,29.75108333,78.52341667,2025-03-04,1.0,0.5,2,2025,3,63,1.0,1.0,1.0,0.0,1.0,0.5,0.5,0.5,2,2.0,0.75,1.2,1.1666666666666667,1.1666666666666667,1.5,6.0,7.0,7.0,1.0,2.0,2.0,2.0,0.5,0.5,0.758287544405155,0.6831300510639732,5.0,6.0,pauri garhwal,NORMAL,0.0,0.0,,,,,,,,,,,,,,,,NORMAL,0.8925664318624844,89.26,EXTREME
6072,Lamgara,Uttarakhand,45,Almora,29.53866667,79.74994444,2025-03-04,1.0,0.5,2,2025,3,63,1.0,1.0,1.0,0.0,1.0,0.5,0.5,0.5,2,2.0,1.0,6.5,6.2,5.25,1.0,26.0,31.0,31.5,1.0,20.5,20.5,20.5,3.0,3.0,9.40744386111339,7.673004626611403,4.0,6.0,almora,NORMAL,0.0,0.0,,,,,,,,,,,,,,,,NORMAL,0.9535735409169144,95.36,EXTREME
6073,Baijnath (Gomti),Uttarakhand,46,Bageshwar,29.90822222,79.61769444,2025-03-04,3.0,1.0,4,2025,3,63,3.0,3.0,3.0,0.0,3.0,1.0,1.0,1.0,4,4.0,2.0,-30.6,-25.08333333333333,-25.08333333333333,4.0,-153.0,-150.5,-150.5,3.0,43.0,43.0,43.0,140.0,140.0,97.97346579559182,88.66589911948486,4.0,5.0,bageshwar,NORMAL,0.0,0.0,,,,,,,,,,,,,,,,NORMAL,0.9098482443482444,90.98,EXTREME
6079,Yamuna Colony,Uttarakhand,49,Dehradun,30.33775278,78.03311667,2025-03-04,574.5,306.5,2,2025,3,63,574.5,574.5,574.5,0.0,574.5,306.5,306.5,306.5,2,2.0,440.25,1051.3,2726.590909090909,4124.75,880.5,5256.5,29992.5,107243.5,574.5,3836.5,4730.0,6486.0,306.5,322.5,1562.221279140705,1868.8662886894851,5.0,26.0,dehradun,NORMAL,0.0,0.0,,,,,,,,,,,,,,,,NORMAL,0.9592713519751334,95.93,EXTREME
6075,Champawat_1,Uttarakhand,48,Champawat,29.33341667,80.08469444,2025-03-04,1.5,0.5,3,2025,3,63,1.5,1.5,1.5,0.0,1.5,0.5,0.5,0.5,3,3.0,1.5,13.833333333333334,13.833333333333334,96.75,1.5,41.5,41.5,387.0,1.5,34.5,34.5,345.5,4.5,345.5,18.009256878986797,166.48398321360128,3.0,4.0,champawat,NORMAL,0.0,0.0,,,,,,,,,,,,,,,,NORMAL,0.9858816258405729,98.59,EXTREME
6074,Kapkot (Saryu),Uttarakhand,46,Bageshwar,29.94516667,79.9025,2025-03-04,15.0,3.5,8,2025,3,63,15.0,15.0,15.0,0.0,15.0,3.5,3.5,3.5,8,8.0,15.0,42.0,29.0,29.0,15.0,168.0,174.0,174.0,15.0,112.5,112.5,112.5,7.0,7.0,49.01190331609931,42.97557445805699,4.0,6.0,bageshwar,NORMAL,0.0,0.0,,,,,,,,,,,,,,,,NORMAL,0.9718837652226132,97.19,EXTREME
6084,Basukedar,Uttarakhand,54,Rudraprayag,30.43919444,79.05633333,2025-03-04,2.5,0.5,5,2025,3,63,2.5,2.5,2.5,0.0,2.5,0.5,0.5,0.5,5,5.0,2.5,39.875,28.75,22.3125,2.5,159.5,172.5,178.5,2.5,112.5,112.5,112.5,6.0,6.0,52.00220347895526,38.929365981406455,4.0,8.0,rudraprayag,NORMAL,0.0,1.0,,,,,,,,,,,,,,,,NORMAL,0.9316624143249307,93.17,EXTREME
6083,Dharchula_1,Uttarakhand,53,Pithoragarh,29.84825,80.54047222,2025-03-04,2.0,0.5,4,2025,3,63,2.0,2.0,2.0,0.0,2.0,0.5,0.5,0.5,4,4.0,2.0,2.625,2.625,2.625,2.0,10.5,10.5,10.5,2.0,7.0,7.0,7.0,2.5,2.5,2.9825883613622137,2.9825883613622137,4.0,4.0,pithoragarh,NORMAL,0.0,0.0,,,,,,,,,,,,,,,,NORMAL,0.9322380952380951,93.22,EXTREME
6085,Guptkashi_1,Uttarakhand,54,Rudraprayag,30.52863889,79.08508333,2025-03-04,17.0,3.0,14,2025,3,63,17.0,17.0,17.0,0.0,17.0,3.0,3.0,3.0,14,14.0,17.0,50.375,40.833333333333336,50.22222222222222,17.0,201.5,245.0,452.0,17.0,126.0,126.0,193.0,6.0,193.0,54.6219964849327,65.86259898033515,4.0,9.0,rudraprayag,NORMAL,0.0,1.0,,,,,,,,,,,,,,,,NORMAL,0.7641736350850272,76.42,VERY HIGH
6080,Roorkee_2,Uttarakhand,50,Haridwar,29.86771944,77.88415556,2025-03-04,811.5,511.5,2,2025,3,63,811.5,811.5,811.5,0.0,811.5,511.5,511.5,511.5,2,2.0,811.5,1429.0,1929.9166666666667,1416.611111111111,811.5,4287.0,11579.5,12749.5,811.5,2925.0,3972.0,3972.0,511.5,511.5,1302.1298898343434,1453.6915890625191,3.0,9.0,haridwar,NORMAL,0.0,0.0,,,,,,,,,,,,,,,,NORMAL,0.8314088131367542,83.14,EXTREME
6078,Chakrata,Uttarakhand,49,Dehradun,30.76115556,77.86502778,2025-03-04,7.5,3.0,6,2025,3,63,7.5,7.5,7.5,0.0,7.5,3.0,3.0,3.0,6,6.0,5.25,20.75,18.0625,16.333333333333332,10.5,124.5,144.5,147.0,7.5,77.5,77.5,77.5,7.0,7.0,29.881014039018154,25.083610186733488,6.0,9.0,dehradun,NORMAL,0.0,0.0,,,,,,,,,,,,,,,,NORMAL,0.7312529435718559,73.13,VERY HIGH
6077,Tanakpur_1,Uttarakhand,48,Champawat,29.07222222,80.1175,2025-03-04,1.0,0.5,2,2025,3,63,1.0,1.0,1.0,0.0,1.0,0.5,0.5,0.5,2,2.0,1.0,14.5,14.5,103.625,1.0,43.5,43.5,414.5,1.0,23.5,23.5,371.0,6.5,288.0,11.905880899790658,178.51488033214486,3.0,4.0,champawat,NORMAL,0.0,0.0,,,,,,,,,,,,,,,,NORMAL,0.8562100896564474,85.62,EXTREME
6086,Haripura_2,Uttarakhand,56,UDHAM SINGH NAGAR,29.13151944,79.25965556,2025-03-04,1.5,1.5,1,2025,3,63,1.5,1.5,1.5,0.0,1.5,1.5,1.5,1.5,1,1.0,1.5,1.5,1.5,1.5,1.5,3.0,3.0,3.0,1.5,1.5,1.5,1.5,1.5,1.5,0.0,0.0,2.0,2.0,udham singh nagar,NORMAL,0.0,0.0,,,,,,,,,,,,,,,,NORMAL,0.9068409149567686,90.68,EXTREME
6087,Jhala_1,Uttarakhand,57,Uttarkashi,31.01533333,78.71222222,2025-03-04,19.0,2.0,17,2025,3,63,19.0,19.0,19.0,0.0,19.0,2.0,2.0,2.0,17,17.0,6.666666666666667,11.0,9.5,8.863636363636363,20.0,77.0,95.0,97.5,19.0,38.5,38.5,38.5,4.0,5.0,13.73256470340968,11.874533483659285,7.0,11.0,uttarkashi,NORMAL,0.0,0.0,,,,,,,,,,,,,,,,NORMAL,0.8989623417337979,89.9,EXTREME
6082,Srinagar_2,Uttarakhand,52,PAURI GARHWAL,30.23581944,78.81720278,2025-03-04,294.0,294.0,1,2025,3,63,294.0,294.0,294.0,0.0,294.0,294.0,294.0,294.0,1,1.0,445.0,988.2,1145.7222222222222,1145.7222222222222,890.0,4941.0,10311.5,10311.5,596.0,3477.5,3625.5,3625.5,319.0,342.5,1397.899433078074,1424.1319310177848,5.0,9.0,pauri garhwal,NORMAL,0.0,0.0,,,,,,,,,,,,,,,,NORMAL,0.8583029826690677,85.83,EXTREME
6076,Danda_1,Uttarakhand,48,Champawat,29.15927778,80.10852778,2025-03-04,3.0,3.0,1,2025,3,63,3.0,3.0,3.0,0.0,3.0,3.0,3.0,3.0,1,1.0,3.0,10.666666666666666,8.125,8.125,3.0,32.0,32.5,32.5,3.0,27.5,27.5,27.5,19.5,19.5,14.597374193098336,12.95746245733837,3.0,4.0,champawat,NORMAL,0.0,0.0,,,,,,,,,,,,,,,,NORMAL,0.8932651388739221,89.33,EXTREME
6090,Srinagar_2,Uttarakhand,52,PAURI GARHWAL,30.23581944,78.81720278,2025-03-05,541.0,287.5,2,2025,3,64,541.0,541.0,541.0,0.0,541.0,287.5,287.5,287.5,2,2.0,477.0,913.6666666666666,1085.25,1085.25,1431.0,5482.0,10852.5,10852.5,596.0,3477.5,3625.5,3625.5,319.0,342.5,1263.5780809537127,1356.2339246359138,6.0,10.0,pauri garhwal,NORMAL,0.0,0.0,,,,,,,,,,,,,,,,NORMAL,0.844042952804622,84.4,EXTREME
6089,Yamuna Colony,Uttarakhand,49,Dehradun,30.33775278,78.03311667,2025-03-05,825.0,302.0,3,2025,3,64,825.0,825.0,825.0,0.0,825.0,302.0,302.0,302.0,3,3.0,568.5,1013.5833333333334,2427.0,4039.1153846153848,1705.5,6081.5,26697.0,105017.0,825.0,3836.5,4730.0,6486.0,306.5,322.5,1400.3440797413623,1968.3734315809731,6.0,26.0,dehradun,NORMAL,0.0,0.0,,,,,,,,,,,,,,,,NORMAL,0.8557307793911004,85.57,EXTREME
6091,Jhala_1,Uttarakhand,57,Uttarkashi,31.01533333,78.71222222,2025-03-05,1.5,1.0,2,2025,3,64,1.5,1.5,1.5,0.0,1.5,1.0,1.0,1.0,2,2.0,7.0,10.857142857142858,8.772727272727273,8.25,21.0,76.0,96.5,99.0,19.0,38.5,38.5,38.5,4.0,5.0,13.840503018659538,11.519745893662128,7.0,12.0,uttarkashi,NORMAL,0.0,0.0,,,,,,,,,,,,,,,,NORMAL,0.908168436786115,90.82,EXTREME
6088,Baijnath (Gomti),Uttarakhand,46,Bageshwar,29.90822222,79.61769444,2025-03-05,0.5,0.5,1,2025,3,64,0.5,0.5,0.5,0.0,0.5,0.5,0.5,0.5,1,1.0,1.5,-25.416666666666668,-21.428571428571427,-21.428571428571427,4.5,-152.5,-150.0,-150.0,3.0,43.0,43.0,43.0,140.0,140.0,88.54513914759333,81.51606619322996,5.0,6.0,bageshwar,NORMAL,0.0,0.0,,,,,,,,,,,,,,,,NORMAL,0.854966328479663,85.5,EXTREME
6092,Yamuna Colony,Uttarakhand,49,Dehradun,30.33775278,78.03311667,2025-03-06,315.5,315.5,1,2025,3,65,315.5,315.5,315.5,0.0,315.5,315.5,315.5,315.5,1,1.0,571.6666666666666,1019.0,2084.0,3861.788461538461,1715.0,6114.0,22924.0,100406.5,825.0,3836.5,4730.0,6486.0,315.5,322.5,1397.0118109736998,2089.24417516516,6.0,26.0,dehradun,NORMAL,0.0,0.0,,,,,,,,,,,,,,,,NORMAL,0.9666796015229749,96.67,EXTREME
6093,Dugadda (Khoh),Uttarakhand,52,PAURI GARHWAL,29.75108333,78.52341667,2025-03-06,1.0,0.5,2,2025,3,65,1.0,1.0,1.0,0.0,1.0,0.5,0.5,0.5,2,2.0,1.0,1.0,1.1428571428571428,1.1428571428571428,2.0,5.0,8.0,8.0,1.0,2.0,2.0,2.0,0.5,0.5,0.6123724356957945,0.6267831705280087,5.0,7.0,pauri garhwal,NORMAL,0.0,0.0,,,,,,,,,,,,,,,,NORMAL,0.9538273732359641,95.38,EXTREME
6095,Srinagar_2,Uttarakhand,52,PAURI GARHWAL,30.23581944,78.81720278,2025-03-08,256.0,256.0,1,2025,3,67,256.0,256.0,256.0,0.0,256.0,256.0,256.0,256.0,1,1.0,256.0,421.75,1201.8333333333333,1009.8636363636364,256.0,1687.0,10816.5,11108.5,256.0,596.0,3625.5,3625.5,319.0,342.5,171.63600049717982,1310.704983795154,4.0,11.0,pauri garhwal,NORMAL,0.0,0.0,,,,,,,,,,,,,,,,NORMAL,0.9246824400633822,92.47,EXTREME
6096,Dharchula_1,Uttarakhand,53,Pithoragarh,29.84825,80.54047222,2025-03-08,0.5,0.5,1,2025,3,67,0.5,0.5,0.5,0.0,0.5,0.5,0.5,0.5,1,1.0,0.5,1.25,2.2,2.2,0.5,2.5,11.0,11.0,0.5,2.0,7.0,7.0,0.5,2.5,1.0606601717798212,2.752271788904577,2.0,5.0,pithoragarh,NORMAL,0.0,0.0,,,,,,,,,,,,,,,,NORMAL,0.7402959794921838,74.03,VERY HIGH
6094,Yamuna Colony,Uttarakhand,49,Dehradun,30.33775278,78.03311667,2025-03-08,253.5,253.5,1,2025,3,67,253.5,253.5,253.5,0.0,253.5,253.5,253.5,253.5,1,1.0,284.5,454.9,1390.35,3620.28,569.0,2274.5,13903.5,90507.0,315.5,825.0,4344.5,6486.0,315.5,322.5,241.5800591936828,2214.8497084076257,5.0,25.0,dehradun,NORMAL,0.0,0.0,,,,,,,,,,,,,,,,NORMAL,0.9219940359293899,92.2,EXTREME
6097,Nandprayag (Nandakini),Uttarakhand,47,Chamoli,30.33122222,79.31063889,2025-03-10,0.5,0.5,1,2025,3,69,0.5,0.5,0.5,0.0,0.5,0.5,0.5,0.5,1,1.0,0.5,0.5,0.5,0.5,0.5,0.5,1.0,1.5,0.5,0.5,0.5,0.5,0.5,0.5,0.0,0.0,1.0,3.0,chamoli,NORMAL,0.0,0.0,,,,,,,,,,,,,,,,NORMAL,0.868871232341344,86.89,EXTREME
6099,Guptkashi_1,Uttarakhand,54,Rudraprayag,30.52863889,79.08508333,2025-03-10,4.0,1.0,4,2025,3,69,4.0,4.0,4.0,0.0,4.0,1.0,1.0,1.0,4,4.0,4.0,10.5,41.1,31.75,4.0,21.0,205.5,254.0,4.0,17.0,126.0,126.0,3.0,6.0,9.192388155425116,41.44704021829717,2.0,8.0,rudraprayag,NORMAL,0.0,1.0,,,,,,,,,,,,,,,,NORMAL,0.810281555437262,81.03,EXTREME
6098,Srinagar_2,Uttarakhand,52,PAURI GARHWAL,30.23581944,78.81720278,2025-03-10,955.0,335.0,3,2025,3,69,955.0,955.0,955.0,0.0,955.0,335.0,335.0,335.0,3,3.0,605.5,511.5,905.1111111111112,1005.2916666666666,1211.0,2046.0,8146.0,12063.5,955.0,955.0,3477.5,3625.5,335.0,342.5,321.532268987113,1249.8085209403685,4.0,12.0,pauri garhwal,NORMAL,0.0,0.0,,,,,,,,,,,,,,,,NORMAL,0.7508844093689625,75.09,VERY HIGH
6102,Srinagar_2,Uttarakhand,52,PAURI GARHWAL,30.23581944,78.81720278,2025-03-11,642.0,327.0,2,2025,3,70,642.0,642.0,642.0,0.0,642.0,327.0,327.0,327.0,2,2.0,798.5,598.5,815.0,977.3461538461538,1597.0,2394.0,7335.0,12705.5,955.0,955.0,3477.5,3625.5,335.0,342.5,288.44236859379924,1200.8352368354458,4.0,13.0,pauri garhwal,NORMAL,0.0,0.0,,,,,,,,,,,,,,,,NORMAL,0.9222079750703567,92.22,EXTREME
6103,Guptkashi_1,Uttarakhand,54,Rudraprayag,30.52863889,79.08508333,2025-03-11,4.0,2.0,2,2025,3,70,4.0,4.0,4.0,0.0,4.0,2.0,2.0,2.0,2,2.0,4.0,4.0,34.916666666666664,28.666666666666668,8.0,8.0,209.5,258.0,4.0,4.0,126.0,126.0,2.0,6.0,0.0,39.85834291588149,2.0,9.0,rudraprayag,NORMAL,0.0,1.0,,,,,,,,,,,,,,,,NORMAL,0.8171856638984581,81.72,EXTREME
6100,Baijnath (Gomti),Uttarakhand,46,Bageshwar,29.90822222,79.61769444,2025-03-11,501.5,489.5,2,2025,3,70,501.5,501.5,501.5,0.0,501.5,489.5,489.5,489.5,2,2.0,501.5,251.0,49.85714285714285,43.9375,501.5,502.0,349.0,351.5,501.5,501.5,501.5,501.5,489.5,489.5,354.2604973744604,199.6932357213362,2.0,7.0,bageshwar,NORMAL,0.0,0.0,,,,,,,,,,,,,,,,NORMAL,0.9953703703703705,99.54,EXTREME
6101,Yamuna Colony,Uttarakhand,49,Dehradun,30.33775278,78.03311667,2025-03-11,650.5,331.0,2,2025,3,70,650.5,650.5,650.5,0.0,650.5,331.0,331.0,331.0,2,2.0,650.5,511.125,811.2222222222222,3239.1521739130435,650.5,2044.5,7301.0,74500.5,650.5,825.0,3836.5,6486.0,331.0,331.0,272.3861765337906,2255.833828073654,4.0,23.0,dehradun,NORMAL,0.0,0.0,,,,,,,,,,,,,,,,NORMAL,0.9702521163514765,97.03,EXTREME
6107,Jhala_1,Uttarakhand,57,Uttarkashi,31.01533333,78.71222222,2025-03-12,0.5,0.5,1,2025,3,71,0.5,0.5,0.5,0.0,0.5,0.5,0.5,0.5,1,1.0,0.5,0.5,9.5625,8.083333333333334,0.5,0.5,76.5,97.0,0.5,0.5,38.5,38.5,0.5,5.0,0.0,11.624490865357842,1.0,12.0,uttarkashi,NORMAL,0.0,0.0,,,,,,,,,,,,,,,,NORMAL,0.9016842231842233,90.17,EXTREME
6106,Srinagar_2,Uttarakhand,52,PAURI GARHWAL,30.23581944,78.81720278,2025-03-12,322.5,322.5,1,2025,3,71,322.5,322.5,322.5,0.0,322.5,322.5,322.5,322.5,1,1.0,639.8333333333334,543.875,765.75,930.5714285714286,1919.5,2175.5,7657.5,13028.0,955.0,955.0,3477.5,3625.5,335.0,342.5,321.7303153781665,1166.9241761858536,4.0,14.0,pauri garhwal,NORMAL,0.0,0.0,,,,,,,,,,,,,,,,NORMAL,0.973004329004329,97.3,EXTREME
6105,Yamuna Colony,Uttarakhand,49,Dehradun,30.33775278,78.03311667,2025-03-12,677.5,343.5,2,2025,3,71,677.5,677.5,677.5,0.0,677.5,343.5,343.5,343.5,2,2.0,664.0,474.25,797.85,3025.4565217391305,1328.0,1897.0,7978.5,69585.5,677.5,677.5,3836.5,6486.0,343.5,343.5,220.8368553178966,2255.5668452693376,4.0,23.0,dehradun,NORMAL,0.0,0.0,,,,,,,,,,,,,,,,NORMAL,0.9582986763638938,95.83,EXTREME
6104,Baijnath (Gomti),Uttarakhand,46,Bageshwar,29.90822222,79.61769444,2025-03-12,192.5,192.5,1,2025,3,71,192.5,192.5,192.5,0.0,192.5,192.5,192.5,192.5,1,1.0,347.0,347.0,67.6875,60.44444444444444,694.0,694.0,541.5,544.0,501.5,501.5,501.5,501.5,489.5,489.5,218.4959953866432,193.2486164964132,2.0,8.0,bageshwar,NORMAL,0.0,0.0,,,,,,,,,,,,,,,,NORMAL,0.9703667027417027,97.04,EXTREME
6114,Jhala_1,Uttarakhand,57,Uttarkashi,31.01533333,78.71222222,2025-03-13,0.5,0.5,1,2025,3,72,0.5,0.5,0.5,0.0,0.5,0.5,0.5,0.5,1,1.0,0.5,0.5,8.5625,7.5,1.0,1.0,68.5,97.5,0.5,0.5,38.5,38.5,0.5,5.0,0.0,11.326591131786593,2.0,13.0,uttarkashi,NORMAL,0.0,0.0,,,,,,,,,,,,,,,,NORMAL,0.9659894179894178,96.6,EXTREME
6109,Yamuna Colony,Uttarakhand,49,Dehradun,30.33775278,78.03311667,2025-03-13,313.5,313.5,1,2025,3,72,313.5,313.5,313.5,0.0,313.5,313.5,313.5,313.5,1,1.0,547.1666666666666,473.75,800.9,2776.782608695652,1641.5,1895.0,8009.0,63866.0,677.5,677.5,3836.5,6486.0,343.5,343.5,221.31783329267492,2223.979841850311,4.0,23.0,dehradun,NORMAL,0.0,0.0,,,,,,,,,,,,,,,,NORMAL,0.8107373835642168,81.07,EXTREME
6110,Gola_1,Uttarakhand,51,Nainital,29.27136111,79.54743333,2025-03-13,3.0,3.0,1,2025,3,72,3.0,3.0,3.0,0.0,3.0,3.0,3.0,3.0,1,1.0,3.0,3.0,3.0,3.0,3.0,3.0,3.0,3.0,3.0,3.0,3.0,3.0,3.0,3.0,0.0,0.0,1.0,1.0,nainital,NORMAL,0.0,0.0,,,,,,,,,,,,,,,,NORMAL,0.852101032953974,85.21,EXTREME
6111,Mukteshwar_1,Uttarakhand,51,Nainital,29.47413889,79.65119444,2025-03-13,92.0,48.0,2,2025,3,72,92.0,92.0,92.0,0.0,92.0,48.0,48.0,48.0,2,2.0,92.0,92.0,60.66666666666666,61.85714285714285,92.0,92.0,182.0,433.0,92.0,92.0,92.0,231.0,48.0,223.5,0.0,83.98646432893928,1.0,7.0,nainital,NORMAL,0.0,0.0,,,,,,,,,,,,,,,,NORMAL,0.8405189440189439,84.05,EXTREME
6112,Yamkeshwar,Uttarakhand,52,PAURI GARHWAL,29.96130556,78.44086111,2025-03-13,149.5,149.5,1,2025,3,72,149.5,149.5,149.5,0.0,149.5,149.5,149.5,149.5,1,1.0,149.5,149.5,154.75,154.75,149.5,149.5,309.5,309.5,149.5,149.5,160.0,160.0,149.5,160.0,0.0,7.424621202458749,1.0,2.0,pauri garhwal,NORMAL,0.0,0.0,,,,,,,,,,,,,,,,NORMAL,0.9164578227087125,91.65,EXTREME
6113,Kempty,Uttarakhand,55,Tehri Garhwal,30.49075,78.04738889,2025-03-13,85.0,85.0,1,2025,3,72,85.0,85.0,85.0,0.0,85.0,85.0,85.0,85.0,1,1.0,85.0,85.0,85.0,85.0,85.0,85.0,85.0,85.0,85.0,85.0,85.0,85.0,85.0,85.0,0.0,0.0,1.0,1.0,tehri garhwal,NORMAL,0.0,0.0,,,,,,,,,,,,,,,,NORMAL,0.9062983638080337,90.63,EXTREME
6108,Baijnath (Gomti),Uttarakhand,46,Bageshwar,29.90822222,79.61769444,2025-03-13,1.0,0.5,2,2025,3,72,1.0,1.0,1.0,0.0,1.0,0.5,0.5,0.5,2,2.0,231.66666666666663,231.66666666666663,62.4375,54.5,695.0,695.0,499.5,545.0,501.5,501.5,501.5,501.5,489.5,489.5,252.53828092654257,183.16370940894495,3.0,9.0,bageshwar,NORMAL,0.0,0.0,,,,,,,,,,,,,,,,NORMAL,0.8680689628338614,86.81,EXTREME
6121,Kempty,Uttarakhand,55,Tehri Garhwal,30.49075,78.04738889,2025-03-14,0.5,0.5,1,2025,3,73,0.5,0.5,0.5,0.0,0.5,0.5,0.5,0.5,1,1.0,42.75,42.75,42.75,42.75,85.5,85.5,85.5,85.5,85.0,85.0,85.0,85.0,85.0,85.0,59.75052301026327,59.75052301026327,2.0,2.0,tehri garhwal,NORMAL,0.0,0.0,,,,,,,,,,,,,,,,NORMAL,0.8612951058543973,86.13,EXTREME
6120,Srinagar_2,Uttarakhand,52,PAURI GARHWAL,30.23581944,78.81720278,2025-03-14,346.5,346.5,1,2025,3,73,346.5,346.5,346.5,0.0,346.5,346.5,346.5,346.5,1,1.0,334.5,504.4,470.3888888888889,891.6333333333333,669.0,2522.0,4233.5,13374.5,346.5,955.0,955.0,3625.5,346.5,346.5,292.27414357072524,1134.5437482383245,5.0,15.0,pauri garhwal,NORMAL,0.0,0.0,,,,,,,,,,,,,,,,NORMAL,0.8572198347908826,85.72,EXTREME
6115,Lamgara,Uttarakhand,45,Almora,29.53866667,79.74994444,2025-03-14,1.0,0.5,2,2025,3,73,1.0,1.0,1.0,0.0,1.0,0.5,0.5,0.5,2,2.0,1.0,1.0,1.8333333333333333,5.333333333333333,1.0,1.0,5.5,32.0,1.0,1.0,3.5,20.5,0.5,3.0,0.0,7.613584350794747,1.0,6.0,almora,NORMAL,0.0,0.0,,,,,,,,,,,,,,,,NORMAL,0.845594896332448,84.56,EXTREME
6119,Yamuna Colony,Uttarakhand,49,Dehradun,30.33775278,78.03311667,2025-03-14,264.5,264.5,1,2025,3,73,264.5,264.5,264.5,0.0,264.5,264.5,264.5,264.5,1,1.0,418.5,431.9,443.7,2526.608695652174,1255.5,2159.5,4437.0,58112.0,677.5,677.5,825.0,6486.0,343.5,343.5,213.2915844566386,2165.6117231340218,5.0,23.0,dehradun,NORMAL,0.0,0.0,,,,,,,,,,,,,,,,NORMAL,0.9052966847630001,90.53,EXTREME
6116,Baijnath (Gomti),Uttarakhand,46,Bageshwar,29.90822222,79.61769444,2025-03-14,0.5,0.5,1,2025,3,73,0.5,0.5,0.5,0.0,0.5,0.5,0.5,0.5,1,1.0,64.66666666666667,173.875,87.875,49.59090909090909,194.0,695.5,703.0,545.5,192.5,501.5,501.5,501.5,489.5,489.5,236.38223812291815,174.52547352490097,4.0,10.0,bageshwar,NORMAL,0.0,0.0,,,,,,,,,,,,,,,,NORMAL,0.8497340956727713,84.97,EXTREME
6118,Chakrata,Uttarakhand,49,Dehradun,30.76115556,77.86502778,2025-03-14,1.5,1.0,2,2025,3,73,1.5,1.5,1.5,0.0,1.5,1.0,1.0,1.0,2,2.0,1.5,1.5,3.75,16.22222222222222,1.5,1.5,15.0,146.0,1.5,1.5,7.5,77.5,1.0,7.0,0.0,25.154660491536045,1.0,9.0,dehradun,NORMAL,0.0,0.0,,,,,,,,,,,,,,,,NORMAL,0.8900886243386243,89.01,EXTREME
6117,Danda_1,Uttarakhand,48,Champawat,29.15927778,80.10852778,2025-03-14,1.5,1.5,1,2025,3,73,1.5,1.5,1.5,0.0,1.5,1.5,1.5,1.5,1,1.0,1.5,1.5,10.666666666666666,6.8,1.5,1.5,32.0,34.0,1.5,1.5,27.5,27.5,1.5,19.5,0.0,11.606032913963324,1.0,5.0,champawat,NORMAL,0.0,0.0,,,,,,,,,,,,,,,,NORMAL,0.8675815203315203,86.76,EXTREME
6139,Gadarpur,Uttarakhand,56,UDHAM SINGH NAGAR,29.04324167,79.24461944,2025-03-15,2.0,1.0,3,2025,3,74,2.0,2.0,2.0,0.0,2.0,1.0,1.0,1.0,3,3.0,2.0,2.0,2.0,82.875,2.0,2.0,2.0,331.5,2.0,2.0,2.0,320.0,1.0,320.0,0.0,158.08983469323172,1.0,4.0,udham singh nagar,NORMAL,0.0,0.0,,,,,,,,,,,,,,,,NORMAL,0.7555682904688442,75.56,VERY HIGH
6137,Basukedar,Uttarakhand,54,Rudraprayag,30.43919444,79.05633333,2025-03-15,41.0,5.0,14,2025,3,74,41.0,41.0,41.0,0.0,41.0,5.0,5.0,5.0,14,14.0,41.0,41.0,21.75,26.8125,41.0,41.0,43.5,214.5,41.0,41.0,41.0,112.5,5.0,6.0,0.0,38.72239800351803,1.0,8.0,rudraprayag,NORMAL,0.0,1.0,,,,,,,,,,,,,,,,NORMAL,0.8537668274243422,85.38,EXTREME
6130,Khanpur_5,Uttarakhand,50,Haridwar,29.641375,78.00678611,2025-03-15,1.0,0.5,2,2025,3,74,1.0,1.0,1.0,0.0,1.0,0.5,0.5,0.5,2,2.0,1.0,1.0,1.0,1.0,1.0,1.0,1.0,1.0,1.0,1.0,1.0,1.0,0.5,0.5,0.0,0.0,1.0,1.0,haridwar,NORMAL,0.0,0.0,,,,,,,,,,,,,,,,NORMAL,0.861842107184389,86.18,EXTREME
6132,Mukteshwar_1,Uttarakhand,51,Nainital,29.47413889,79.65119444,2025-03-15,10.0,4.5,4,2025,3,74,10.0,10.0,10.0,0.0,10.0,4.5,4.5,4.5,4,4.0,51.0,51.0,51.0,55.375,102.0,102.0,102.0,443.0,92.0,92.0,92.0,231.0,48.0,223.5,57.982756057296896,79.88865018618995,2.0,8.0,nainital,NORMAL,0.0,0.0,,,,,,,,,,,,,,,,NORMAL,0.8983160624560624,89.83,EXTREME
6126,Rithakhal,Uttarakhand,48,Champawat,29.44911111,79.882,2025-03-15,10.5,3.5,7,2025,3,74,10.5,10.5,10.5,0.0,10.5,3.5,3.5,3.5,7,7.0,10.5,10.5,10.5,37.0,10.5,10.5,10.5,148.0,10.5,10.5,10.5,110.0,3.5,8.0,0.0,49.273048752166055,1.0,4.0,champawat,NORMAL,0.0,0.0,,,,,,,,,,,,,,,,NORMAL,0.9318502316174937,93.19,EXTREME
6122,Lamgara,Uttarakhand,45,Almora,29.53866667,79.74994444,2025-03-15,2.0,0.5,4,2025,3,74,2.0,2.0,2.0,0.0,2.0,0.5,0.5,0.5,4,4.0,1.5,1.5,1.3333333333333333,4.857142857142857,3.0,3.0,4.0,34.0,2.0,2.0,2.0,20.5,0.5,3.0,0.7071067811865476,7.063487604778333,2.0,7.0,almora,NORMAL,0.0,0.0,,,,,,,,,,,,,,,,NORMAL,0.9247380678885018,92.47,EXTREME
6133,Dugadda (Khoh),Uttarakhand,52,PAURI GARHWAL,29.75108333,78.52341667,2025-03-15,1.0,0.5,2,2025,3,74,1.0,1.0,1.0,0.0,1.0,0.5,0.5,0.5,2,2.0,1.0,1.0,0.875,1.125,1.0,1.0,3.5,9.0,1.0,1.0,1.0,2.0,0.5,0.5,0.0,0.5824823725107174,1.0,8.0,pauri garhwal,NORMAL,0.0,0.0,,,,,,,,,,,,,,,,NORMAL,0.9294815071753103,92.95,EXTREME
6131,Roorkee_2,Uttarakhand,50,Haridwar,29.86771944,77.88415556,2025-03-15,1.5,1.0,2,2025,3,74,1.5,1.5,1.5,0.0,1.5,1.0,1.0,1.0,2,2.0,1.5,1.5,406.5,1654.428571428571,1.5,1.5,813.0,11581.0,1.5,1.5,811.5,3972.0,1.0,511.5,0.0,1598.356328351396,1.0,7.0,haridwar,NORMAL,0.0,0.0,,,,,,,,,,,,,,,,NORMAL,0.8524495354464483,85.24,EXTREME
6136,Nachni,Uttarakhand,53,Pithoragarh,29.90594444,80.16097222,2025-03-15,7.5,2.0,5,2025,3,74,7.5,7.5,7.5,0.0,7.5,2.0,2.0,2.0,5,5.0,7.5,7.5,7.5,5.5,7.5,7.5,7.5,11.0,7.5,7.5,7.5,7.5,2.0,2.5,0.0,2.8284271247461903,1.0,2.0,pithoragarh,NORMAL,0.0,0.0,,,,,,,,,,,,,,,,NORMAL,0.8789127150703875,87.89,EXTREME
6134,Srinagar_2,Uttarakhand,52,PAURI GARHWAL,30.23581944,78.81720278,2025-03-15,25.0,6.0,8,2025,3,74,25.0,25.0,25.0,0.0,25.0,6.0,6.0,6.0,8,8.0,185.75,458.2,442.0,837.46875,371.5,2291.0,3978.0,13399.5,346.5,955.0,955.0,3625.5,346.5,346.5,353.25143311811337,1117.2813950053048,5.0,16.0,pauri garhwal,NORMAL,0.0,0.0,,,,,,,,,,,,,,,,NORMAL,0.8762407807508038,87.62,EXTREME
6135,Dharchula_1,Uttarakhand,53,Pithoragarh,29.84825,80.54047222,2025-03-15,1.0,1.0,1,2025,3,74,1.0,1.0,1.0,0.0,1.0,1.0,1.0,1.0,1,1.0,1.0,1.0,1.1666666666666667,2.0,1.0,1.0,3.5,12.0,1.0,1.0,2.0,7.0,1.0,2.5,0.0,2.5099800796022267,1.0,6.0,pithoragarh,NORMAL,0.0,0.0,,,,,,,,,,,,,,,,NORMAL,0.893857210901718,89.39,EXTREME
6129,Yamuna Colony,Uttarakhand,49,Dehradun,30.33775278,78.03311667,2025-03-15,269.5,269.5,1,2025,3,74,269.5,269.5,269.5,0.0,269.5,269.5,269.5,269.5,1,1.0,282.5,435.1,445.0,2324.021739130435,847.5,2175.5,4450.0,53452.5,313.5,677.5,825.0,6486.0,343.5,343.5,210.04118643738275,2148.5336726911587,5.0,23.0,dehradun,NORMAL,0.0,0.0,,,,,,,,,,,,,,,,NORMAL,0.8780575787788973,87.81,EXTREME
6128,Dakpathar,Uttarakhand,49,Dehradun,30.49866667,77.79744444,2025-03-15,6.5,2.0,5,2025,3,74,6.5,6.5,6.5,0.0,6.5,2.0,2.0,2.0,5,5.0,6.5,6.5,6.5,21.3,6.5,6.5,6.5,106.5,6.5,6.5,6.5,81.0,2.0,7.0,0.0,33.42267194585137,1.0,5.0,dehradun,NORMAL,0.0,0.0,,,,,,,,,,,,,,,,NORMAL,0.7965126361976665,79.65,VERY HIGH
6124,Kapkot (Saryu),Uttarakhand,46,Bageshwar,29.94516667,79.9025,2025-03-15,9.0,2.0,6,2025,3,74,9.0,9.0,9.0,0.0,9.0,2.0,2.0,2.0,6,6.0,9.0,9.0,12.0,26.142857142857142,9.0,9.0,24.0,183.0,9.0,9.0,15.0,112.5,2.0,7.0,0.0,39.95279953240062,1.0,7.0,bageshwar,NORMAL,0.0,0.0,,,,,,,,,,,,,,,,NORMAL,0.698194079207205,69.82,VERY HIGH
6125,Danda_1,Uttarakhand,48,Champawat,29.15927778,80.10852778,2025-03-15,0.5,0.5,1,2025,3,74,0.5,0.5,0.5,0.0,0.5,0.5,0.5,0.5,1,1.0,1.0,1.0,1.6666666666666667,5.75,2.0,2.0,5.0,34.5,1.5,1.5,3.0,27.5,1.5,19.5,0.7071067811865476,10.69462481810372,2.0,6.0,champawat,NORMAL,0.0,0.0,,,,,,,,,,,,,,,,NORMAL,0.890720476850738,89.07,EXTREME
6127,Chakrata,Uttarakhand,49,Dehradun,30.76115556,77.86502778,2025-03-15,25.5,6.0,14,2025,3,74,25.5,25.5,25.5,0.0,25.5,6.0,6.0,6.0,14,14.0,13.5,13.5,9.375,17.15,27.0,27.0,37.5,171.5,25.5,25.5,25.5,77.5,6.0,7.0,16.97056274847714,23.896826846536204,2.0,10.0,dehradun,NORMAL,0.0,0.0,,,,,,,,,,,,,,,,NORMAL,0.871456063104353,87.15,EXTREME
6138,Guptkashi_1,Uttarakhand,54,Rudraprayag,30.52863889,79.08508333,2025-03-15,37.0,5.0,13,2025,3,74,37.0,37.0,37.0,0.0,37.0,5.0,5.0,5.0,13,13.0,37.0,15.0,15.5,29.5,37.0,45.0,62.0,295.0,37.0,37.0,37.0,126.0,5.0,6.0,19.05255888325765,37.67109118556445,3.0,10.0,rudraprayag,NORMAL,0.0,1.0,,,,,,,,,,,,,,,,NORMAL,0.8050763535905108,80.51,EXTREME
6123,Baijnath (Gomti),Uttarakhand,46,Bageshwar,29.90822222,79.61769444,2025-03-15,5.5,1.5,6,2025,3,74,5.5,5.5,5.5,0.0,5.5,1.5,1.5,1.5,6,6.0,2.333333333333333,140.2,88.1875,45.91666666666666,7.0,701.0,705.5,551.0,5.5,501.5,501.5,501.5,489.5,489.5,218.12255729291277,166.8895706384278,5.0,11.0,bageshwar,NORMAL,0.0,0.0,,,,,,,,,,,,,,,,NORMAL,0.7157077683381956,71.57,VERY HIGH
6144,Champawat_1,Uttarakhand,48,Champawat,29.33341667,80.08469444,2025-03-16,2.0,0.5,4,2025,3,75,2.0,2.0,2.0,0.0,2.0,0.5,0.5,0.5,4,4.0,2.0,2.0,1.75,10.875,2.0,2.0,3.5,43.5,2.0,2.0,2.0,34.5,0.5,4.5,0.0,15.850210303546872,1.0,4.0,champawat,NORMAL,0.0,0.0,,,,,,,,,,,,,,,,NORMAL,0.8248182728271675,82.48,EXTREME
6155,Basukedar,Uttarakhand,54,Rudraprayag,30.43919444,79.05633333,2025-03-16,12.0,6.0,2,2025,3,75,12.0,12.0,12.0,0.0,12.0,6.0,6.0,6.0,2,2.0,26.5,26.5,18.5,25.166666666666668,53.0,53.0,55.5,226.5,41.0,41.0,41.0,112.5,6.0,6.0,20.50609665440988,36.556463176844666,2.0,9.0,rudraprayag,NORMAL,0.0,1.0,,,,,,,,,,,,,,,,NORMAL,0.8259049598801643,82.59,EXTREME
6142,Kapkot (Saryu),Uttarakhand,46,Bageshwar,29.94516667,79.9025,2025-03-16,1.0,0.5,2,2025,3,75,1.0,1.0,1.0,0.0,1.0,0.5,0.5,0.5,2,2.0,5.0,5.0,8.333333333333334,23.0,10.0,10.0,25.0,184.0,9.0,9.0,15.0,112.5,2.0,7.0,5.656854249492381,38.04226972348372,2.0,8.0,bageshwar,NORMAL,0.0,0.0,,,,,,,,,,,,,,,,NORMAL,0.8094308463598879,80.94,EXTREME
6158,Haripura_2,Uttarakhand,56,UDHAM SINGH NAGAR,29.13151944,79.25965556,2025-03-16,6.5,4.0,4,2025,3,75,6.5,6.5,6.5,0.0,6.5,4.0,4.0,4.0,4,4.0,6.5,6.5,4.0,3.1666666666666665,6.5,6.5,8.0,9.5,6.5,6.5,6.5,6.5,4.0,4.0,0.0,2.8867513459481287,1.0,3.0,udham singh nagar,NORMAL,0.0,0.0,,,,,,,,,,,,,,,,NORMAL,0.9063685176724533,90.64,EXTREME
6141,Baijnath (Gomti),Uttarakhand,46,Bageshwar,29.90822222,79.61769444,2025-03-16,76.5,72.5,7,2025,3,75,76.5,76.5,76.5,0.0,76.5,72.5,72.5,72.5,7,7.0,27.5,129.58333333333334,86.88888888888889,48.26923076923077,82.5,777.5,782.0,627.5,76.5,501.5,501.5,501.5,489.5,489.5,196.8203283877625,160.0095850494348,6.0,12.0,bageshwar,NORMAL,0.0,0.0,,,,,,,,,,,,,,,,NORMAL,0.9439135590490351,94.39,EXTREME
6143,Nandprayag (Nandakini),Uttarakhand,47,Chamoli,30.33122222,79.31063889,2025-03-16,0.5,0.5,1,2025,3,75,0.5,0.5,0.5,0.0,0.5,0.5,0.5,0.5,1,1.0,0.5,0.5,0.5,0.5,0.5,1.0,1.0,2.0,0.5,0.5,0.5,0.5,0.5,0.5,0.0,0.0,2.0,4.0,chamoli,NORMAL,0.0,0.0,,,,,,,,,,,,,,,,NORMAL,0.9398966509036961,93.99,EXTREME
6146,Rithakhal,Uttarakhand,48,Champawat,29.44911111,79.882,2025-03-16,7.0,1.0,10,2025,3,75,7.0,7.0,7.0,0.0,7.0,1.0,1.0,1.0,10,10.0,8.75,8.75,8.75,31.0,17.5,17.5,17.5,155.0,10.5,10.5,10.5,110.0,3.5,8.0,2.4748737341529163,44.73114127763788,2.0,5.0,champawat,NORMAL,0.0,0.0,,,,,,,,,,,,,,,,NORMAL,0.9364360652418854,93.64,EXTREME
6140,Lamgara,Uttarakhand,45,Almora,29.53866667,79.74994444,2025-03-16,1.0,0.5,2,2025,3,75,1.0,1.0,1.0,0.0,1.0,0.5,0.5,0.5,2,2.0,1.3333333333333333,1.3333333333333333,1.25,4.375,4.0,4.0,5.0,35.0,2.0,2.0,2.0,20.5,0.5,3.0,0.5773502691896257,6.680194607943695,3.0,8.0,almora,NORMAL,0.0,0.0,,,,,,,,,,,,,,,,NORMAL,0.9418194628319703,94.18,EXTREME
6156,Guptkashi_1,Uttarakhand,54,Rudraprayag,30.52863889,79.08508333,2025-03-16,11.0,2.0,8,2025,3,75,11.0,11.0,11.0,0.0,11.0,2.0,2.0,2.0,8,8.0,24.0,14.0,14.6,27.818181818181817,48.0,56.0,73.0,306.0,37.0,37.0,37.0,126.0,5.0,6.0,15.684387141358124,36.17061841278964,4.0,11.0,rudraprayag,NORMAL,0.0,1.0,,,,,,,,,,,,,,,,NORMAL,0.9718385228993668,97.18,EXTREME
6153,Srinagar_2,Uttarakhand,52,PAURI GARHWAL,30.23581944,78.81720278,2025-03-16,285.5,285.5,1,2025,3,75,285.5,285.5,285.5,0.0,285.5,285.5,285.5,285.5,1,1.0,219.0,429.4166666666667,426.35,805.0,657.0,2576.5,4263.5,13685.0,346.5,955.0,955.0,3625.5,346.5,346.5,323.7284999295975,1090.054858137883,6.0,17.0,pauri garhwal,NORMAL,0.0,0.0,,,,,,,,,,,,,,,,NORMAL,0.9670537973514888,96.71,EXTREME
6150,Manglaur_1,Uttarakhand,50,Haridwar,29.78567778,77.86368889,2025-03-16,0.5,0.5,1,2025,3,75,0.5,0.5,0.5,0.0,0.5,0.5,0.5,0.5,1,1.0,0.5,0.5,0.5,0.75,0.5,0.5,0.5,3.0,0.5,0.5,0.5,1.0,0.5,0.5,0.0,0.2886751346228208,1.0,4.0,haridwar,NORMAL,0.0,0.0,,,,,,,,,,,,,,,,NORMAL,0.9437956123963473,94.38,EXTREME
6161,Jhala_1,Uttarakhand,57,Uttarkashi,31.01533333,78.71222222,2025-03-16,0.5,0.5,1,2025,3,75,0.5,0.5,0.5,0.0,0.5,0.5,0.5,0.5,1,1.0,0.5,0.5,3.75,7.0,0.5,1.5,22.5,98.0,0.5,0.5,19.0,38.5,0.5,5.0,0.0,11.041878324047811,3.0,14.0,uttarkashi,NORMAL,0.0,0.0,,,,,,,,,,,,,,,,NORMAL,0.8309720926009857,83.1,EXTREME
6145,Danda_1,Uttarakhand,48,Champawat,29.15927778,80.10852778,2025-03-16,3.0,1.0,4,2025,3,75,3.0,3.0,3.0,0.0,3.0,1.0,1.0,1.0,4,4.0,1.6666666666666667,1.6666666666666667,2.0,5.357142857142857,5.0,5.0,8.0,37.5,3.0,3.0,3.0,27.5,1.5,19.5,1.2583057392117918,9.817986409791834,3.0,7.0,champawat,NORMAL,0.0,0.0,,,,,,,,,,,,,,,,NORMAL,0.9199939740609879,92.0,EXTREME
6154,Nachni,Uttarakhand,53,Pithoragarh,29.90594444,80.16097222,2025-03-16,0.5,0.5,1,2025,3,75,0.5,0.5,0.5,0.0,0.5,0.5,0.5,0.5,1,1.0,4.0,4.0,4.0,3.8333333333333335,8.0,8.0,8.0,11.5,7.5,7.5,7.5,7.5,2.0,2.5,4.949747468305833,3.511884584284246,2.0,3.0,pithoragarh,NORMAL,0.0,0.0,,,,,,,,,,,,,,,,NORMAL,0.8957985427669161,89.58,EXTREME
6147,Tanakpur_1,Uttarakhand,48,Champawat,29.07222222,80.1175,2025-03-16,29.0,6.5,8,2025,3,75,29.0,29.0,29.0,0.0,29.0,6.5,6.5,6.5,8,8.0,29.0,29.0,15.0,88.7,29.0,29.0,30.0,443.5,29.0,29.0,29.0,371.0,6.5,288.0,0.0,158.15957131960116,1.0,5.0,champawat,NORMAL,0.0,0.0,,,,,,,,,,,,,,,,NORMAL,0.9383910166609662,93.84,EXTREME
6152,Mukteshwar_1,Uttarakhand,51,Nainital,29.47413889,79.65119444,2025-03-16,15.0,3.0,10,2025,3,75,15.0,15.0,15.0,0.0,15.0,3.0,3.0,3.0,10,10.0,12.5,39.0,39.0,50.888888888888886,25.0,117.0,117.0,458.0,15.0,92.0,92.0,231.0,48.0,223.5,45.967379738244816,75.93120973032835,3.0,9.0,nainital,NORMAL,0.0,0.0,,,,,,,,,,,,,,,,NORMAL,0.8115225345513444,81.15,EXTREME
6157,Gadarpur,Uttarakhand,56,UDHAM SINGH NAGAR,29.04324167,79.24461944,2025-03-16,6.5,1.5,7,2025,3,75,6.5,6.5,6.5,0.0,6.5,1.5,1.5,1.5,7,7.0,4.25,4.25,4.25,67.6,8.5,8.5,8.5,338.0,6.5,6.5,6.5,320.0,1.5,320.0,3.181980515339464,141.10607711930763,2.0,5.0,udham singh nagar,NORMAL,0.0,0.0,,,,,,,,,,,,,,,,NORMAL,0.8544066248596359,85.44,EXTREME
6148,Chakrata,Uttarakhand,49,Dehradun,30.76115556,77.86502778,2025-03-16,13.5,5.0,7,2025,3,75,13.5,13.5,13.5,0.0,13.5,5.0,5.0,5.0,7,7.0,13.5,13.5,10.2,16.818181818181817,40.5,40.5,51.0,185.0,25.5,25.5,25.5,77.5,6.0,7.0,12.0,22.697216489332703,3.0,11.0,dehradun,NORMAL,0.0,0.0,,,,,,,,,,,,,,,,NORMAL,0.9086190383430914,90.86,EXTREME
6160,Tumaria,Uttarakhand,56,UDHAM SINGH NAGAR,29.30704722,78.93133056,2025-03-16,0.5,0.5,1,2025,3,75,0.5,0.5,0.5,0.0,0.5,0.5,0.5,0.5,1,1.0,0.5,0.5,0.5,3.8333333333333335,0.5,0.5,0.5,11.5,0.5,0.5,0.5,7.5,0.5,1.0,0.0,3.511884584284246,1.0,3.0,udham singh nagar,NORMAL,0.0,0.0,,,,,,,,,,,,,,,,NORMAL,0.591258452671774,59.13,HIGH
6151,Haldwani_1,Uttarakhand,51,Nainital,29.214725,79.52400278,2025-03-16,3.0,1.5,2,2025,3,75,3.0,3.0,3.0,0.0,3.0,1.5,1.5,1.5,2,2.0,3.0,3.0,3.0,8.833333333333334,3.0,3.0,3.0,26.5,3.0,3.0,3.0,16.5,1.5,3.5,0.0,6.934214687571641,1.0,3.0,nainital,NORMAL,0.0,0.0,,,,,,,,,,,,,,,,NORMAL,0.7680901314407801,76.81,VERY HIGH
6159,Sitarganj_1,Uttarakhand,56,UDHAM SINGH NAGAR,28.92971389,79.703,2025-03-16,0.5,0.5,1,2025,3,75,0.5,0.5,0.5,0.0,0.5,0.5,0.5,0.5,1,1.0,0.5,0.5,0.5,4.375,0.5,0.5,0.5,17.5,0.5,0.5,0.5,9.5,0.5,7.5,0.0,3.881043674065006,1.0,4.0,udham singh nagar,NORMAL,0.0,0.0,,,,,,,,,,,,,,,,NORMAL,0.8468861512285719,84.69,EXTREME
6149,Yamuna Colony,Uttarakhand,49,Dehradun,30.33775278,78.03311667,2025-03-16,278.5,278.5,1,2025,3,75,278.5,278.5,278.5,0.0,278.5,278.5,278.5,278.5,1,1.0,270.8333333333333,409.0,429.8636363636364,2054.1304347826085,812.5,2454.0,4728.5,47245.0,278.5,677.5,825.0,5640.0,343.5,343.5,198.44671828986944,1985.665432414579,6.0,23.0,dehradun,NORMAL,0.0,0.0,,,,,,,,,,,,,,,,NORMAL,0.8661276622460606,86.61,EXTREME
6163,Mukteshwar_1,Uttarakhand,51,Nainital,29.47413889,79.65119444,2025-03-17,5.0,2.5,2,2025,3,76,5.0,5.0,5.0,0.0,5.0,2.5,2.5,2.5,2,2.0,10.0,30.5,30.5,51.333333333333336,30.0,122.0,122.0,462.0,15.0,92.0,92.0,231.0,48.0,223.5,41.202750717235695,75.61373883098229,4.0,9.0,nainital,NORMAL,0.0,0.0,,,,,,,,,,,,,,,,NORMAL,0.867157420845896,86.72,EXTREME
6164,Srinagar_2,Uttarakhand,52,PAURI GARHWAL,30.23581944,78.81720278,2025-03-17,578.5,307.0,2,2025,3,76,578.5,578.5,578.5,0.0,578.5,307.0,307.0,307.0,2,2.0,296.3333333333333,366.6666666666667,424.6,792.4166666666666,889.0,2200.0,4246.0,14263.5,578.5,642.0,955.0,3625.5,346.5,346.5,221.97447300684692,1058.8552538139534,6.0,18.0,pauri garhwal,NORMAL,0.0,0.0,,,,,,,,,,,,,,,,NORMAL,0.8436791861132985,84.37,EXTREME
6165,Yamkeshwar,Uttarakhand,52,PAURI GARHWAL,29.96130556,78.44086111,2025-03-17,129.0,129.0,1,2025,3,76,129.0,129.0,129.0,0.0,129.0,129.0,129.0,129.0,1,1.0,129.0,139.25,139.25,146.16666666666666,129.0,278.5,278.5,438.5,129.0,149.5,149.5,160.0,149.5,160.0,14.495689014324224,15.766525721709687,2.0,3.0,pauri garhwal,NORMAL,0.0,0.0,,,,,,,,,,,,,,,,NORMAL,0.7010268794958071,70.1,VERY HIGH
6162,Yamuna Colony,Uttarakhand,49,Dehradun,30.33775278,78.03311667,2025-03-17,287.0,287.0,1,2025,3,76,287.0,287.0,287.0,0.0,287.0,287.0,287.0,287.0,1,1.0,278.3333333333333,391.57142857142856,428.1363636363636,1877.0869565217392,835.0,2741.0,4709.5,43173.0,287.0,677.5,825.0,5640.0,343.5,343.5,186.9327928631966,1952.067480042718,7.0,23.0,dehradun,NORMAL,0.0,0.0,,,,,,,,,,,,,,,,NORMAL,0.6877263994197264,68.77,VERY HIGH
6166,Basukedar,Uttarakhand,54,Rudraprayag,30.43919444,79.05633333,2025-03-17,1.0,0.5,2,2025,3,76,1.0,1.0,1.0,0.0,1.0,0.5,0.5,0.5,2,2.0,18.0,18.0,14.125,25.166666666666668,54.0,54.0,56.5,226.5,41.0,41.0,41.0,112.5,6.0,6.0,20.663978319771825,36.556463176844666,3.0,9.0,rudraprayag,NORMAL,0.0,1.0,,,,,,,,,,,,,,,,NORMAL,0.8836020311401641,88.36,EXTREME
6168,Doiwala (Bhogpur),Uttarakhand,49,Dehradun,30.22270833,78.23418611,2025-03-18,81.0,81.0,1,2025,3,77,81.0,81.0,81.0,0.0,81.0,81.0,81.0,81.0,1,1.0,81.0,81.0,81.0,181.25,81.0,81.0,81.0,362.5,81.0,81.0,81.0,281.5,81.0,281.5,0.0,141.7749096279028,1.0,2.0,dehradun,NORMAL,0.0,0.0,,,,,,,,,,,,,,,,NORMAL,0.9545668304097169,95.46,EXTREME
6167,Baijnath (Gomti),Uttarakhand,46,Bageshwar,29.90822222,79.61769444,2025-03-18,154.0,154.0,1,2025,3,77,154.0,154.0,154.0,0.0,154.0,154.0,154.0,154.0,1,1.0,115.25,71.66666666666667,116.5,55.82142857142857,230.5,430.0,932.0,781.5,154.0,192.5,501.5,501.5,192.5,489.5,84.66325452441963,156.3077102216179,6.0,13.0,bageshwar,NORMAL,0.0,0.0,,,,,,,,,,,,,,,,NORMAL,0.9322614331804946,93.23,EXTREME
6169,Chakrata,Uttarakhand,49,Dehradun,30.76115556,77.86502778,2025-03-19,3.5,2.5,3,2025,3,78,3.5,3.5,3.5,0.0,3.5,2.5,2.5,2.5,3,3.0,3.5,11.0,11.0,15.708333333333334,3.5,44.0,44.0,188.5,3.5,25.5,25.5,77.5,6.0,7.0,11.0,21.97980305699399,4.0,12.0,dehradun,NORMAL,0.0,0.0,,,,,,,,,,,,,,,,NORMAL,0.9305665899848301,93.06,EXTREME
6170,Lamgara,Uttarakhand,45,Almora,29.53866667,79.74994444,2025-03-21,0.5,0.5,1,2025,3,80,0.5,0.5,0.5,0.0,0.5,0.5,0.5,0.5,1,1.0,0.5,1.1666666666666667,1.125,3.9444444444444446,0.5,3.5,4.5,35.5,0.5,2.0,2.0,20.5,0.5,3.0,0.7637626158259734,6.380852433474527,3.0,9.0,almora,NORMAL,0.0,0.0,,,,,,,,,,,,,,,,NORMAL,0.9332570498204511,93.33,EXTREME
6172,Rithakhal,Uttarakhand,48,Champawat,29.44911111,79.882,2025-03-21,0.5,0.5,1,2025,3,80,0.5,0.5,0.5,0.0,0.5,0.5,0.5,0.5,1,1.0,0.5,6.0,6.0,25.916666666666668,0.5,18.0,18.0,155.5,0.5,10.5,10.5,110.0,3.5,8.0,5.07444578254611,41.90157117181487,3.0,6.0,champawat,NORMAL,0.0,0.0,,,,,,,,,,,,,,,,NORMAL,0.9159711145895721,91.6,EXTREME
6171,Baijnath (Gomti),Uttarakhand,46,Bageshwar,29.90822222,79.61769444,2025-03-21,2.0,2.0,1,2025,3,80,2.0,2.0,2.0,0.0,2.0,2.0,2.0,2.0,1,1.0,2.0,59.5,116.6875,52.23333333333333,2.0,238.0,933.5,783.5,2.0,154.0,501.5,501.5,154.0,489.5,71.74375698739685,151.26158357847066,4.0,14.0,bageshwar,NORMAL,0.0,0.0,,,,,,,,,,,,,,,,NORMAL,0.9048883711554713,90.49,EXTREME
6174,Mukteshwar_1,Uttarakhand,51,Nainital,29.47413889,79.65119444,2025-03-22,1.0,0.5,2,2025,3,81,1.0,1.0,1.0,0.0,1.0,0.5,0.5,0.5,2,2.0,1.0,7.0,24.6,51.388888888888886,1.0,21.0,123.0,462.5,1.0,15.0,92.0,231.0,3.0,223.5,7.211102550927978,75.57189365836422,3.0,9.0,nainital,NORMAL,0.0,0.0,,,,,,,,,,,,,,,,NORMAL,0.7771469990555756,77.71,VERY HIGH
6173,Rithakhal,Uttarakhand,48,Champawat,29.44911111,79.882,2025-03-22,4.5,4.5,1,2025,3,81,4.5,4.5,4.5,0.0,4.5,4.5,4.5,4.5,1,1.0,2.5,4.0,5.625,22.857142857142858,5.0,12.0,22.5,160.0,4.5,7.0,10.5,110.0,4.5,8.0,3.278719262151,39.09786256488783,3.0,7.0,champawat,NORMAL,0.0,0.0,,,,,,,,,,,,,,,,NORMAL,0.7988257873186071,79.88,VERY HIGH
6175,Baijnath (Gomti),Uttarakhand,46,Bageshwar,29.90822222,79.61769444,2025-03-26,48.0,48.0,1,2025,3,85,48.0,48.0,48.0,0.0,48.0,48.0,48.0,48.0,1,1.0,48.0,25.0,41.07142857142857,55.266666666666666,48.0,50.0,287.5,829.0,48.0,48.0,154.0,501.5,48.0,489.5,32.526911934581186,150.6479892553056,2.0,14.0,bageshwar,NORMAL,0.0,0.0,,,,,,,,,,,,,,,,NORMAL,0.7821730393682269,78.22,VERY HIGH
6176,Rithakhal,Uttarakhand,48,Champawat,29.44911111,79.882,2025-03-27,257.0,257.0,1,2025,3,86,257.0,257.0,257.0,0.0,257.0,257.0,257.0,257.0,1,1.0,257.0,87.33333333333333,55.9,52.125,257.0,262.0,279.5,417.0,257.0,257.0,257.0,257.0,257.0,257.0,146.9492542796095,90.35001383508472,3.0,8.0,champawat,NORMAL,0.0,0.0,,,,,,,,,,,,,,,,NORMAL,0.7752452922512908,77.52,VERY HIGH
6177,Doiwala (Bhogpur),Uttarakhand,49,Dehradun,30.22270833,78.23418611,2025-03-27,217.0,160.0,2,2025,3,86,217.0,217.0,217.0,0.0,217.0,160.0,160.0,160.0,2,2.0,217.0,217.0,149.0,149.0,217.0,217.0,298.0,298.0,217.0,217.0,217.0,217.0,160.0,160.0,0.0,96.16652224137046,1.0,2.0,dehradun,NORMAL,0.0,0.0,,,,,,,,,,,,,,,,NORMAL,0.8173446451749234,81.73,EXTREME
6178,Kempty,Uttarakhand,55,Tehri Garhwal,30.49075,78.04738889,2025-03-29,33.0,33.0,1,2025,3,88,33.0,33.0,33.0,0.0,33.0,33.0,33.0,33.0,1,1.0,33.0,33.0,33.0,39.5,33.0,33.0,33.0,118.5,33.0,33.0,33.0,85.0,33.0,85.0,0.0,42.623350407963,1.0,3.0,tehri garhwal,NORMAL,0.0,0.0,,,,,,,,,,,,,,,,NORMAL,0.8421151944775531,84.21,EXTREME
6179,Yamkeshwar,Uttarakhand,52,PAURI GARHWAL,29.96130556,78.44086111,2025-03-31,64.0,64.0,1,2025,3,90,64.0,64.0,64.0,0.0,64.0,64.0,64.0,64.0,1,1.0,64.0,64.0,64.0,114.16666666666669,64.0,64.0,64.0,342.5,64.0,64.0,64.0,149.5,64.0,149.5,0.0,44.63836167841886,1.0,3.0,pauri garhwal,NORMAL,0.0,0.0,,,,,,,,,,,,,,,,NORMAL,0.77195844399664,77.2,VERY HIGH
6180,Dharchula_1,Uttarakhand,53,Pithoragarh,29.84825,80.54047222,2025-03-31,86.0,86.0,1,2025,3,90,86.0,86.0,86.0,0.0,86.0,86.0,86.0,86.0,1,1.0,86.0,86.0,86.0,22.375,86.0,86.0,86.0,89.5,86.0,86.0,86.0,86.0,86.0,86.0,0.0,42.4212505709108,1.0,4.0,pithoragarh,NORMAL,0.0,0.0,,,,,,,,,,,,,,,,NORMAL,0.6851221526331295,68.51,VERY HIGH
6183,Kempty,Uttarakhand,55,Tehri Garhwal,30.49075,78.04738889,2025-04-01,9.0,9.0,1,2025,4,91,9.0,9.0,9.0,0.0,9.0,9.0,9.0,9.0,1,1.0,9.0,21.0,21.0,31.875,9.0,42.0,42.0,127.5,9.0,33.0,33.0,85.0,33.0,85.0,16.97056274847714,37.9964362363981,2.0,4.0,tehri garhwal,NORMAL,0.0,0.0,,,,,,,,,,,,,,,,NORMAL,0.8600222476811785,86.0,EXTREME
6181,Mukteshwar_1,Uttarakhand,51,Nainital,29.47413889,79.65119444,2025-04-01,126.5,126.5,1,2025,4,91,126.5,126.5,126.5,0.0,126.5,126.5,126.5,126.5,1,1.0,126.5,126.5,63.75,41.583333333333336,126.5,126.5,127.5,249.5,126.5,126.5,126.5,126.5,126.5,126.5,0.0,53.74422449590901,1.0,6.0,nainital,NORMAL,0.0,0.0,,,,,,,,,,,,,,,,NORMAL,0.8671295888415678,86.71,EXTREME
6182,Dharchula_1,Uttarakhand,53,Pithoragarh,29.84825,80.54047222,2025-04-01,91.5,91.5,1,2025,4,91,91.5,91.5,91.5,0.0,91.5,91.5,91.5,91.5,1,1.0,88.75,88.75,88.75,36.2,177.5,177.5,177.5,181.0,91.5,91.5,91.5,91.5,91.5,91.5,3.8890872965260113,48.01380009955471,2.0,5.0,pithoragarh,NORMAL,0.0,0.0,,,,,,,,,,,,,,,,NORMAL,0.917369272440913,91.74,EXTREME
6185,Dakpathar,Uttarakhand,49,Dehradun,30.49866667,77.79744444,2025-04-02,151.0,151.0,1,2025,4,92,151.0,151.0,151.0,0.0,151.0,151.0,151.0,151.0,1,1.0,151.0,151.0,151.0,78.75,151.0,151.0,151.0,157.5,151.0,151.0,151.0,151.0,151.0,151.0,0.0,102.17692988145612,1.0,2.0,dehradun,NORMAL,0.0,0.0,,,,,,,,,,,,,,,,NORMAL,0.8888568124922288,88.89,EXTREME
6184,Rithakhal,Uttarakhand,48,Champawat,29.44911111,79.882,2025-04-02,160.0,160.0,1,2025,4,92,160.0,160.0,160.0,0.0,160.0,160.0,160.0,160.0,1,1.0,160.0,208.5,105.5,73.25,160.0,417.0,422.0,439.5,160.0,257.0,257.0,257.0,257.0,257.0,68.58935777509511,109.21114869828996,2.0,6.0,champawat,NORMAL,0.0,0.0,,,,,,,,,,,,,,,,NORMAL,0.9091392612597048,90.91,EXTREME
6186,Baijnath (Gomti),Uttarakhand,46,Bageshwar,29.90822222,79.61769444,2025-04-03,136.0,136.0,1,2025,4,93,136.0,136.0,136.0,0.0,136.0,136.0,136.0,136.0,1,1.0,136.0,136.0,62.0,101.63636363636364,136.0,136.0,186.0,1118.0,136.0,136.0,136.0,501.5,136.0,489.5,0.0,150.11097410067842,1.0,11.0,bageshwar,NORMAL,0.0,0.0,,,,,,,,,,,,,,,,NORMAL,0.8953569633005051,89.54,EXTREME
6187,Rithakhal,Uttarakhand,48,Champawat,29.44911111,79.882,2025-04-05,80.0,80.0,1,2025,4,95,80.0,80.0,80.0,0.0,80.0,80.0,80.0,80.0,1,1.0,80.0,120.0,165.66666666666666,74.21428571428571,80.0,240.0,497.0,519.5,80.0,160.0,257.0,257.0,160.0,257.0,56.56854249492381,99.7283214299634,2.0,7.0,champawat,NORMAL,0.0,0.0,,,,,,,,,,,,,,,,NORMAL,0.904802494864721,90.48,EXTREME
6196,Guptkashi_1,Uttarakhand,54,Rudraprayag,30.52863889,79.08508333,2025-04-09,1.0,0.5,2,2025,4,99,1.0,1.0,1.0,0.0,1.0,0.5,0.5,0.5,2,2.0,1.0,1.0,1.0,13.25,1.0,1.0,1.0,53.0,1.0,1.0,1.0,37.0,0.5,5.0,0.0,16.378339354159248,1.0,4.0,rudraprayag,NORMAL,0.0,1.0,,,,,,,,,,,,,,,,NORMAL,0.8792221738056263,87.92,EXTREME
6193,Haldwani_1,Uttarakhand,51,Nainital,29.214725,79.52400278,2025-04-09,19.5,9.0,3,2025,4,99,19.5,19.5,19.5,0.0,19.5,9.0,9.0,9.0,3,3.0,19.5,19.5,19.5,11.25,19.5,19.5,19.5,22.5,19.5,19.5,19.5,19.5,9.0,9.0,0.0,11.667261889578114,1.0,2.0,nainital,NORMAL,0.0,0.0,,,,,,,,,,,,,,,,NORMAL,0.881143910680928,88.11,EXTREME
6189,Kapkot (Saryu),Uttarakhand,46,Bageshwar,29.94516667,79.9025,2025-04-09,36.0,25.0,6,2025,4,99,36.0,36.0,36.0,0.0,36.0,25.0,25.0,25.0,6,6.0,36.0,36.0,36.0,15.333333333333334,36.0,36.0,36.0,46.0,36.0,36.0,36.0,36.0,25.0,25.0,0.0,18.33939293797194,1.0,3.0,bageshwar,NORMAL,0.0,0.0,,,,,,,,,,,,,,,,NORMAL,0.8343582114145756,83.44,EXTREME
6195,Basukedar,Uttarakhand,54,Rudraprayag,30.43919444,79.05633333,2025-04-09,20.0,6.5,6,2025,4,99,20.0,20.0,20.0,0.0,20.0,6.5,6.5,6.5,6,6.0,20.0,20.0,20.0,18.5,20.0,20.0,20.0,74.0,20.0,20.0,20.0,41.0,6.5,6.5,0.0,16.901676445449635,1.0,4.0,rudraprayag,NORMAL,0.0,1.0,,,,,,,,,,,,,,,,NORMAL,0.8741327336850243,87.41,EXTREME
6191,Rithakhal,Uttarakhand,48,Champawat,29.44911111,79.882,2025-04-09,5.0,1.0,6,2025,4,99,5.0,5.0,5.0,0.0,5.0,1.0,1.0,1.0,6,6.0,5.0,42.5,125.5,65.5625,5.0,85.0,502.0,524.5,5.0,80.0,257.0,257.0,80.0,257.0,53.033008588991066,95.5182994808549,2.0,8.0,champawat,NORMAL,0.0,0.0,,,,,,,,,,,,,,,,NORMAL,0.9282504472612391,92.83,EXTREME
6197,Sitarganj_1,Uttarakhand,56,UDHAM SINGH NAGAR,28.92971389,79.703,2025-04-09,4.0,4.0,1,2025,4,99,4.0,4.0,4.0,0.0,4.0,4.0,4.0,4.0,1,1.0,4.0,4.0,4.0,2.25,4.0,4.0,4.0,4.5,4.0,4.0,4.0,4.0,4.0,4.0,0.0,2.4748737341529163,1.0,2.0,udham singh nagar,NORMAL,0.0,0.0,,,,,,,,,,,,,,,,NORMAL,0.716409164606491,71.64,VERY HIGH
6194,Mukteshwar_1,Uttarakhand,51,Nainital,29.47413889,79.65119444,2025-04-09,14.0,10.0,3,2025,4,99,14.0,14.0,14.0,0.0,14.0,10.0,10.0,10.0,3,3.0,14.0,14.0,70.25,37.642857142857146,14.0,14.0,140.5,263.5,14.0,14.0,126.5,126.5,10.0,126.5,0.0,50.157015366508695,1.0,7.0,nainital,NORMAL,0.0,0.0,,,,,,,,,,,,,,,,NORMAL,0.8457023809523809,84.57,EXTREME
6188,Baijnath (Gomti),Uttarakhand,46,Bageshwar,29.90822222,79.61769444,2025-04-09,10.0,5.0,4,2025,4,99,10.0,10.0,10.0,0.0,10.0,5.0,5.0,5.0,4,4.0,10.0,73.0,73.0,102.5,10.0,146.0,146.0,1127.5,10.0,136.0,136.0,501.5,136.0,489.5,89.09545442950498,149.49698993625256,2.0,11.0,bageshwar,NORMAL,0.0,0.0,,,,,,,,,,,,,,,,NORMAL,0.8164865963929432,81.65,EXTREME
6192,Tanakpur_1,Uttarakhand,48,Champawat,29.07222222,80.1175,2025-04-09,20.0,9.5,4,2025,4,99,20.0,20.0,20.0,0.0,20.0,9.5,9.5,9.5,4,4.0,20.0,20.0,20.0,24.5,20.0,20.0,20.0,49.0,20.0,20.0,20.0,29.0,9.5,9.5,0.0,6.363961030678928,1.0,2.0,champawat,NORMAL,0.0,0.0,,,,,,,,,,,,,,,,NORMAL,0.8268214366006983,82.68,EXTREME
6190,Danda_1,Uttarakhand,48,Champawat,29.15927778,80.10852778,2025-04-09,3.0,2.5,2,2025,4,99,3.0,3.0,3.0,0.0,3.0,2.5,2.5,2.5,2,2.0,3.0,3.0,3.0,2.0,3.0,3.0,3.0,8.0,3.0,3.0,3.0,3.0,2.5,2.5,0.0,1.2247448713916045,1.0,4.0,champawat,NORMAL,0.0,0.0,,,,,,,,,,,,,,,,NORMAL,0.8699545282857645,87.0,EXTREME
6214,Sitarganj_1,Uttarakhand,56,UDHAM SINGH NAGAR,28.92971389,79.703,2025-04-10,18.0,7.0,4,2025,4,100,18.0,18.0,18.0,0.0,18.0,7.0,7.0,7.0,4,4.0,11.0,11.0,11.0,7.5,22.0,22.0,22.0,22.5,18.0,18.0,18.0,18.0,7.0,7.0,9.899494936611664,9.260129588726068,2.0,3.0,udham singh nagar,NORMAL,0.0,0.0,,,,,,,,,,,,,,,,NORMAL,0.9606127450980391,96.06,EXTREME
6203,Chakrata,Uttarakhand,49,Dehradun,30.76115556,77.86502778,2025-04-10,1.0,1.0,1,2025,4,100,1.0,1.0,1.0,0.0,1.0,1.0,1.0,1.0,1,1.0,1.0,1.0,1.0,9.0,1.0,1.0,1.0,45.0,1.0,1.0,1.0,25.5,1.0,6.0,0.0,10.523782589924584,1.0,5.0,dehradun,NORMAL,0.0,0.0,,,,,,,,,,,,,,,,NORMAL,0.9620299256937187,96.2,EXTREME
6198,Lamgara,Uttarakhand,45,Almora,29.53866667,79.74994444,2025-04-10,1.0,0.5,2,2025,4,100,1.0,1.0,1.0,0.0,1.0,0.5,0.5,0.5,2,2.0,1.0,1.0,1.0,1.1,1.0,1.0,1.0,5.5,1.0,1.0,1.0,2.0,0.5,0.5,0.0,0.5477225575051925,1.0,5.0,almora,NORMAL,0.0,0.0,,,,,,,,,,,,,,,,NORMAL,0.9643786676286676,96.44,EXTREME
6208,Mukteshwar_1,Uttarakhand,51,Nainital,29.47413889,79.65119444,2025-04-10,1.0,0.5,2,2025,4,100,1.0,1.0,1.0,0.0,1.0,0.5,0.5,0.5,2,2.0,7.5,7.5,47.16666666666666,33.0625,15.0,15.0,141.5,264.5,14.0,14.0,126.5,126.5,10.0,126.5,9.192388155425116,48.20968893430921,2.0,8.0,nainital,NORMAL,0.0,0.0,,,,,,,,,,,,,,,,NORMAL,0.8978927047217486,89.79,EXTREME
6200,Kapkot (Saryu),Uttarakhand,46,Bageshwar,29.94516667,79.9025,2025-04-10,79.0,32.5,8,2025,4,100,79.0,79.0,79.0,0.0,79.0,32.5,32.5,32.5,8,8.0,57.5,57.5,57.5,31.25,115.0,115.0,115.0,125.0,79.0,79.0,79.0,79.0,32.5,32.5,30.405591591021544,35.1793026271604,2.0,4.0,bageshwar,NORMAL,0.0,0.0,,,,,,,,,,,,,,,,NORMAL,0.8044956272469338,80.45,EXTREME
6201,Rithakhal,Uttarakhand,48,Champawat,29.44911111,79.882,2025-04-10,48.0,48.0,1,2025,4,100,48.0,48.0,48.0,0.0,48.0,48.0,48.0,48.0,1,1.0,26.5,44.333333333333336,73.25,63.61111111111112,53.0,133.0,293.0,572.5,48.0,80.0,160.0,257.0,80.0,257.0,37.634204300520736,89.54076507999645,3.0,9.0,champawat,NORMAL,0.0,0.0,,,,,,,,,,,,,,,,NORMAL,0.8537656306447591,85.38,EXTREME
6209,Srinagar_2,Uttarakhand,52,PAURI GARHWAL,30.23581944,78.81720278,2025-04-10,5.0,4.5,2,2025,4,100,5.0,5.0,5.0,0.0,5.0,4.5,4.5,4.5,2,2.0,5.0,5.0,5.0,260.5,5.0,5.0,5.0,1563.0,5.0,5.0,5.0,578.5,4.5,346.5,0.0,216.20800170206573,1.0,6.0,pauri garhwal,NORMAL,0.0,0.0,,,,,,,,,,,,,,,,NORMAL,0.8951954031281614,89.52,EXTREME
6199,Baijnath (Gomti),Uttarakhand,46,Bageshwar,29.90822222,79.61769444,2025-04-10,8.5,3.5,3,2025,4,100,8.5,8.5,8.5,0.0,8.5,3.5,3.5,3.5,3,3.0,9.25,9.25,51.5,57.68181818181818,18.5,18.5,154.5,634.5,10.0,10.0,136.0,192.5,5.0,192.5,1.0606601717798212,71.43748061321618,2.0,11.0,bageshwar,NORMAL,0.0,0.0,,,,,,,,,,,,,,,,NORMAL,0.9623295998354824,96.23,EXTREME
6213,Haripura_2,Uttarakhand,56,UDHAM SINGH NAGAR,29.13151944,79.25965556,2025-04-10,1.0,0.5,2,2025,4,100,1.0,1.0,1.0,0.0,1.0,0.5,0.5,0.5,2,2.0,1.0,1.0,1.0,3.75,1.0,1.0,1.0,7.5,1.0,1.0,1.0,6.5,0.5,4.0,0.0,3.8890872965260113,1.0,2.0,udham singh nagar,NORMAL,0.0,0.0,,,,,,,,,,,,,,,,NORMAL,0.9876304335499384,98.76,EXTREME
6212,Guptkashi_1,Uttarakhand,54,Rudraprayag,30.52863889,79.08508333,2025-04-10,19.0,4.0,12,2025,4,100,19.0,19.0,19.0,0.0,19.0,4.0,4.0,4.0,12,12.0,10.0,10.0,10.0,17.0,20.0,20.0,20.0,68.0,19.0,19.0,19.0,37.0,4.0,5.0,12.727922061357855,15.231546211727863,2.0,4.0,rudraprayag,NORMAL,0.0,1.0,,,,,,,,,,,,,,,,NORMAL,0.8626332924870245,86.26,EXTREME
6204,Dakpathar,Uttarakhand,49,Dehradun,30.49866667,77.79744444,2025-04-10,1.5,1.0,2,2025,4,100,1.5,1.5,1.5,0.0,1.5,1.0,1.0,1.0,2,2.0,1.5,1.5,76.25,53.0,1.5,1.5,152.5,159.0,1.5,1.5,151.0,151.0,1.0,151.0,0.0,84.90730239502372,1.0,3.0,dehradun,NORMAL,0.0,0.0,,,,,,,,,,,,,,,,NORMAL,0.8376109076109076,83.76,EXTREME
6211,Basukedar,Uttarakhand,54,Rudraprayag,30.43919444,79.05633333,2025-04-10,61.0,22.0,10,2025,4,100,61.0,61.0,61.0,0.0,61.0,22.0,22.0,22.0,10,10.0,40.5,40.5,40.5,27.0,81.0,81.0,81.0,135.0,61.0,61.0,61.0,61.0,22.0,22.0,28.991378028648448,23.989581071790315,2.0,5.0,rudraprayag,NORMAL,0.0,1.0,,,,,,,,,,,,,,,,NORMAL,0.8979894179894181,89.8,EXTREME
6205,Doiwala (Bhogpur),Uttarakhand,49,Dehradun,30.22270833,78.23418611,2025-04-10,64.5,64.5,1,2025,4,100,64.5,64.5,64.5,0.0,64.5,64.5,64.5,64.5,1,1.0,64.5,64.5,64.5,120.83333333333331,64.5,64.5,64.5,362.5,64.5,64.5,64.5,217.0,64.5,160.0,0.0,83.6904016798422,1.0,3.0,dehradun,NORMAL,0.0,0.0,,,,,,,,,,,,,,,,NORMAL,0.8904378306878306,89.04,EXTREME
6210,Dharchula_1,Uttarakhand,53,Pithoragarh,29.84825,80.54047222,2025-04-10,18.0,18.0,1,2025,4,100,18.0,18.0,18.0,0.0,18.0,18.0,18.0,18.0,1,1.0,18.0,18.0,65.16666666666667,49.125,18.0,18.0,195.5,196.5,18.0,18.0,91.5,91.5,18.0,91.5,0.0,46.33280875002795,1.0,4.0,pithoragarh,NORMAL,0.0,0.0,,,,,,,,,,,,,,,,NORMAL,0.937342177535726,93.73,EXTREME
6202,Tanakpur_1,Uttarakhand,48,Champawat,29.07222222,80.1175,2025-04-10,3.0,1.0,4,2025,4,100,3.0,3.0,3.0,0.0,3.0,1.0,1.0,1.0,4,4.0,11.5,11.5,11.5,17.333333333333332,23.0,23.0,23.0,52.0,20.0,20.0,20.0,29.0,9.5,9.5,12.020815280171307,13.203534880225572,2.0,3.0,champawat,NORMAL,0.0,0.0,,,,,,,,,,,,,,,,NORMAL,0.9567204184704184,95.67,EXTREME
6207,Haldwani_1,Uttarakhand,51,Nainital,29.214725,79.52400278,2025-04-10,5.0,2.0,4,2025,4,100,5.0,5.0,5.0,0.0,5.0,2.0,2.0,2.0,4,4.0,12.25,12.25,12.25,9.166666666666666,24.5,24.5,24.5,27.5,19.5,19.5,19.5,19.5,9.0,9.0,10.253048327204938,9.004628439493452,2.0,3.0,nainital,NORMAL,0.0,0.0,,,,,,,,,,,,,,,,NORMAL,0.8732086243422278,87.32,EXTREME
6206,Roorkee_2,Uttarakhand,50,Haridwar,29.86771944,77.88415556,2025-04-10,11.0,5.0,4,2025,4,100,11.0,11.0,11.0,0.0,11.0,5.0,5.0,5.0,4,4.0,11.0,11.0,11.0,6.25,11.0,11.0,11.0,12.5,11.0,11.0,11.0,11.0,5.0,5.0,0.0,6.7175144212722016,1.0,2.0,haridwar,NORMAL,0.0,0.0,,,,,,,,,,,,,,,,NORMAL,0.923552545104809,92.36,EXTREME
6223,Basukedar,Uttarakhand,54,Rudraprayag,30.43919444,79.05633333,2025-04-11,2.5,0.5,5,2025,4,101,2.5,2.5,2.5,0.0,2.5,0.5,0.5,0.5,5,5.0,27.83333333333333,27.83333333333333,27.83333333333333,22.916666666666668,83.5,83.5,83.5,137.5,61.0,61.0,61.0,61.0,22.0,22.0,30.026377292862577,23.67364920468889,3.0,6.0,rudraprayag,NORMAL,0.0,1.0,,,,,,,,,,,,,,,,NORMAL,0.9519272135147926,95.19,EXTREME
6215,Baijnath (Gomti),Uttarakhand,46,Bageshwar,29.90822222,79.61769444,2025-04-11,2.0,1.0,3,2025,4,101,2.0,2.0,2.0,0.0,2.0,1.0,1.0,1.0,3,3.0,6.833333333333333,6.833333333333333,39.125,40.36363636363637,20.5,20.5,156.5,444.0,10.0,10.0,136.0,154.0,5.0,154.0,4.252450274057692,57.14765564268186,3.0,11.0,bageshwar,NORMAL,0.0,0.0,,,,,,,,,,,,,,,,NORMAL,0.8629750703170502,86.3,EXTREME
6222,Dugadda (Khoh),Uttarakhand,52,PAURI GARHWAL,29.75108333,78.52341667,2025-04-11,1.0,0.5,2,2025,4,101,1.0,1.0,1.0,0.0,1.0,0.5,0.5,0.5,2,2.0,1.0,1.0,1.0,1.0,1.0,1.0,1.0,2.0,1.0,1.0,1.0,1.0,0.5,0.5,0.0,0.0,1.0,2.0,pauri garhwal,NORMAL,0.0,0.0,,,,,,,,,,,,,,,,NORMAL,0.8602749125874124,86.03,EXTREME
6224,Guptkashi_1,Uttarakhand,54,Rudraprayag,30.52863889,79.08508333,2025-04-11,6.0,1.0,10,2025,4,101,6.0,6.0,6.0,0.0,6.0,1.0,1.0,1.0,10,10.0,8.666666666666666,8.666666666666666,8.666666666666666,14.8,26.0,26.0,26.0,74.0,19.0,19.0,19.0,37.0,4.0,5.0,9.291573243177568,14.078352176302491,3.0,5.0,rudraprayag,NORMAL,0.0,1.0,,,,,,,,,,,,,,,,NORMAL,0.8932857142857142,89.33,EXTREME
6218,Doiwala (Bhogpur),Uttarakhand,49,Dehradun,30.22270833,78.23418611,2025-04-11,20.0,20.0,1,2025,4,101,20.0,20.0,20.0,0.0,20.0,20.0,20.0,20.0,1,1.0,42.25,42.25,42.25,95.625,84.5,84.5,84.5,382.5,64.5,64.5,64.5,217.0,64.5,160.0,31.466251762801363,84.91895646242168,2.0,4.0,dehradun,NORMAL,0.0,0.0,,,,,,,,,,,,,,,,NORMAL,0.6481741034250207,64.82,VERY HIGH
6220,Manglaur_1,Uttarakhand,50,Haridwar,29.78567778,77.86368889,2025-04-11,1.0,0.5,2,2025,4,101,1.0,1.0,1.0,0.0,1.0,0.5,0.5,0.5,2,2.0,1.0,1.0,1.0,0.75,1.0,1.0,1.0,1.5,1.0,1.0,1.0,1.0,0.5,0.5,0.0,0.3535533906618788,1.0,2.0,haridwar,NORMAL,0.0,0.0,,,,,,,,,,,,,,,,NORMAL,0.9602630788615623,96.03,EXTREME
6225,Jhala_1,Uttarakhand,57,Uttarkashi,31.01533333,78.71222222,2025-04-11,0.5,0.5,1,2025,4,101,0.5,0.5,0.5,0.0,0.5,0.5,0.5,0.5,1,1.0,0.5,0.5,0.5,0.5,0.5,0.5,0.5,1.5,0.5,0.5,0.5,0.5,0.5,0.5,0.0,3.804905812383802e-07,1.0,3.0,uttarkashi,NORMAL,0.0,0.0,,,,,,,,,,,,,,,,NORMAL,0.9617715577093486,96.18,EXTREME
6217,Dakpathar,Uttarakhand,49,Dehradun,30.49866667,77.79744444,2025-04-11,6.0,3.0,2,2025,4,101,6.0,6.0,6.0,0.0,6.0,3.0,3.0,3.0,2,2.0,3.75,3.75,52.833333333333336,41.25,7.5,7.5,158.5,165.0,6.0,6.0,151.0,151.0,3.0,151.0,3.181980515339464,73.20120672957972,2.0,4.0,dehradun,NORMAL,0.0,0.0,,,,,,,,,,,,,,,,NORMAL,0.9680314094083127,96.8,EXTREME
6221,Mukteshwar_1,Uttarakhand,51,Nainital,29.47413889,79.65119444,2025-04-11,6.5,5.0,3,2025,4,101,6.5,6.5,6.5,0.0,6.5,5.0,5.0,5.0,3,3.0,7.166666666666667,7.166666666666667,37.0,30.11111111111111,21.5,21.5,148.0,271.0,14.0,14.0,126.5,126.5,10.0,126.5,6.525590650150631,45.95703005102821,3.0,9.0,nainital,NORMAL,0.0,0.0,,,,,,,,,,,,,,,,NORMAL,0.9872058736732944,98.72,EXTREME
6219,Bhagwanpur_1,Uttarakhand,50,Haridwar,29.93567778,77.80170611,2025-04-11,0.5,0.5,1,2025,4,101,0.5,0.5,0.5,0.0,0.5,0.5,0.5,0.5,1,1.0,0.5,0.5,0.5,0.5,0.5,0.5,0.5,0.5,0.5,0.5,0.5,0.5,0.5,0.5,0.0,0.0,1.0,1.0,haridwar,NORMAL,0.0,0.0,,,,,,,,,,,,,,,,NORMAL,0.9898982089467654,98.99,EXTREME
6216,Rithakhal,Uttarakhand,48,Champawat,29.44911111,79.882,2025-04-11,2.0,0.5,4,2025,4,101,2.0,2.0,2.0,0.0,2.0,0.5,0.5,0.5,4,4.0,18.33333333333333,33.75,59.0,57.45,55.0,135.0,295.0,574.5,48.0,80.0,160.0,257.0,80.0,257.0,37.31286641361127,86.63892184103966,4.0,10.0,champawat,NORMAL,0.0,0.0,,,,,,,,,,,,,,,,NORMAL,0.9918759285096244,99.19,EXTREME
6239,Gadarpur,Uttarakhand,56,UDHAM SINGH NAGAR,29.04324167,79.24461944,2025-04-12,1.0,0.5,2,2025,4,102,1.0,1.0,1.0,0.0,1.0,0.5,0.5,0.5,2,2.0,1.0,1.0,1.0,3.1666666666666665,1.0,1.0,1.0,9.5,1.0,1.0,1.0,6.5,0.5,1.5,0.0,2.9297326385399094,1.0,3.0,udham singh nagar,NORMAL,0.0,0.0,,,,,,,,,,,,,,,,NORMAL,0.9519285602305992,95.19,EXTREME
6233,Dugadda (Khoh),Uttarakhand,52,PAURI GARHWAL,29.75108333,78.52341667,2025-04-12,2.0,0.5,4,2025,4,102,2.0,2.0,2.0,0.0,2.0,0.5,0.5,0.5,4,4.0,1.5,1.5,1.5,1.3333333333333333,3.0,3.0,3.0,4.0,2.0,2.0,2.0,2.0,0.5,0.5,0.7071067811865476,0.5773502691896258,2.0,3.0,pauri garhwal,NORMAL,0.0,0.0,,,,,,,,,,,,,,,,NORMAL,0.9559022904483429,95.59,EXTREME
6227,Kapkot (Saryu),Uttarakhand,46,Bageshwar,29.94516667,79.9025,2025-04-12,19.0,2.5,18,2025,4,102,19.0,19.0,19.0,0.0,19.0,2.5,2.5,2.5,18,18.0,49.0,44.66666666666666,44.66666666666666,28.8,98.0,134.0,134.0,144.0,79.0,79.0,79.0,79.0,32.5,32.5,30.924639582917266,30.95480576582578,3.0,5.0,bageshwar,NORMAL,0.0,0.0,,,,,,,,,,,,,,,,NORMAL,0.9382200425634161,93.82,EXTREME
6238,Kempty,Uttarakhand,55,Tehri Garhwal,30.49075,78.04738889,2025-04-12,32.0,32.0,1,2025,4,102,32.0,32.0,32.0,0.0,32.0,32.0,32.0,32.0,1,1.0,32.0,32.0,20.5,18.625,32.0,32.0,41.0,74.5,32.0,32.0,32.0,33.0,32.0,33.0,0.0,16.398043582492804,1.0,4.0,tehri garhwal,NORMAL,0.0,0.0,,,,,,,,,,,,,,,,NORMAL,0.7903956394119563,79.04,VERY HIGH
6230,Bhagwanpur_1,Uttarakhand,50,Haridwar,29.93567778,77.80170611,2025-04-12,3.0,0.5,6,2025,4,102,3.0,3.0,3.0,0.0,3.0,0.5,0.5,0.5,6,6.0,1.75,1.75,1.75,1.75,3.5,3.5,3.5,3.5,3.0,3.0,3.0,3.0,0.5,0.5,1.7677669529663689,1.7677669529663689,2.0,2.0,haridwar,NORMAL,0.0,0.0,,,,,,,,,,,,,,,,NORMAL,0.9270349929470562,92.7,EXTREME
6234,Dharchula_1,Uttarakhand,53,Pithoragarh,29.84825,80.54047222,2025-04-12,258.0,256.5,2,2025,4,102,258.0,258.0,258.0,0.0,258.0,256.5,256.5,256.5,2,2.0,138.0,138.0,113.375,90.9,276.0,276.0,453.5,454.5,258.0,258.0,258.0,258.0,256.5,256.5,169.7056274847714,101.66513660050823,2.0,5.0,pithoragarh,NORMAL,0.0,0.0,,,,,,,,,,,,,,,,LANDSLIDE,0.5839891280953106,58.4,HIGH
6231,Haldwani_1,Uttarakhand,51,Nainital,29.214725,79.52400278,2025-04-12,6.5,2.5,5,2025,4,102,6.5,6.5,6.5,0.0,6.5,2.5,2.5,2.5,5,5.0,5.75,10.333333333333334,10.333333333333334,8.5,11.5,31.0,31.0,34.0,6.5,19.5,19.5,19.5,9.0,9.0,7.973915809270458,7.472170590486674,3.0,4.0,nainital,NORMAL,0.0,0.0,,,,,,,,,,,,,,,,NORMAL,0.6974562102619852,69.75,VERY HIGH
6226,Baijnath (Gomti),Uttarakhand,46,Bageshwar,29.90822222,79.61769444,2025-04-12,41.0,6.5,13,2025,4,102,41.0,41.0,41.0,0.0,41.0,6.5,6.5,6.5,13,13.0,17.166666666666668,15.375,39.5,44.0,51.5,61.5,197.5,484.0,41.0,41.0,136.0,154.0,6.5,154.0,17.432608334191798,55.645305282656174,4.0,11.0,bageshwar,NORMAL,0.0,0.0,,,,,,,,,,,,,,,,LANDSLIDE,0.5653064972164887,56.53,HIGH
6228,Rithakhal,Uttarakhand,48,Champawat,29.44911111,79.882,2025-04-12,9.0,3.5,6,2025,4,102,9.0,9.0,9.0,0.0,9.0,3.5,3.5,3.5,6,6.0,19.666666666666668,16.0,50.66666666666666,53.04545454545455,59.0,64.0,304.0,583.5,48.0,48.0,160.0,257.0,48.0,257.0,21.52517905461725,83.4809722468104,4.0,11.0,champawat,NORMAL,0.0,0.0,,,,,,,,,,,,,,,,NORMAL,0.8633989349221671,86.34,EXTREME
6229,Chakrata,Uttarakhand,49,Dehradun,30.76115556,77.86502778,2025-04-12,15.0,3.0,9,2025,4,102,15.0,15.0,15.0,0.0,15.0,3.0,3.0,3.0,9,9.0,8.0,8.0,8.0,10.0,16.0,16.0,16.0,60.0,15.0,15.0,15.0,25.5,3.0,6.0,9.899494936611664,9.726253132630257,2.0,6.0,dehradun,NORMAL,0.0,0.0,,,,,,,,,,,,,,,,NORMAL,0.9310788113337336,93.11,EXTREME
6232,Mukteshwar_1,Uttarakhand,51,Nainital,29.47413889,79.65119444,2025-04-12,3.0,1.5,4,2025,4,102,3.0,3.0,3.0,0.0,3.0,1.5,1.5,1.5,4,4.0,3.5,6.125,30.2,20.22222222222222,10.5,24.5,151.0,182.0,6.5,14.0,126.5,126.5,10.0,126.5,5.7209410647783,40.18870418966558,4.0,9.0,nainital,NORMAL,0.0,0.0,,,,,,,,,,,,,,,,NORMAL,0.8415061259996042,84.15,EXTREME
6235,Nachni,Uttarakhand,53,Pithoragarh,29.90594444,80.16097222,2025-04-12,5.5,2.5,4,2025,4,102,5.5,5.5,5.5,0.0,5.5,2.5,2.5,2.5,4,4.0,5.5,5.5,5.5,4.5,5.5,5.5,5.5,13.5,5.5,5.5,5.5,7.5,2.5,2.5,0.0,3.605551275463989,1.0,3.0,pithoragarh,NORMAL,0.0,0.0,,,,,,,,,,,,,,,,NORMAL,0.8628417914057618,86.28,EXTREME
6237,Guptkashi_1,Uttarakhand,54,Rudraprayag,30.52863889,79.08508333,2025-04-12,1.0,0.5,2,2025,4,102,1.0,1.0,1.0,0.0,1.0,0.5,0.5,0.5,2,2.0,8.666666666666666,6.75,6.75,12.5,26.0,27.0,27.0,75.0,19.0,19.0,19.0,37.0,4.0,5.0,8.5,13.794926603646752,4.0,6.0,rudraprayag,NORMAL,0.0,1.0,,,,,,,,,,,,,,,,NORMAL,0.8747188909866064,87.47,EXTREME
6236,Basukedar,Uttarakhand,54,Rudraprayag,30.43919444,79.05633333,2025-04-12,15.0,2.0,16,2025,4,102,15.0,15.0,15.0,0.0,15.0,2.0,2.0,2.0,16,16.0,26.166666666666668,24.625,24.625,21.785714285714285,78.5,98.5,98.5,152.5,61.0,61.0,61.0,61.0,22.0,22.0,25.34224075859644,21.81715140063192,4.0,7.0,rudraprayag,NORMAL,0.0,1.0,,,,,,,,,,,,,,,,NORMAL,0.754234733692115,75.42,VERY HIGH
6241,Guptkashi_1,Uttarakhand,54,Rudraprayag,30.52863889,79.08508333,2025-04-13,1.0,0.5,2,2025,4,103,1.0,1.0,1.0,0.0,1.0,0.5,0.5,0.5,2,2.0,2.6666666666666665,5.6,5.6,10.857142857142858,8.0,28.0,28.0,76.0,6.0,19.0,19.0,37.0,4.0,5.0,7.797435475847171,13.322019009001274,5.0,7.0,rudraprayag,NORMAL,0.0,1.0,,,,,,,,,,,,,,,,NORMAL,0.9039227841807658,90.39,EXTREME
6243,Jhala_1,Uttarakhand,57,Uttarkashi,31.01533333,78.71222222,2025-04-13,0.5,0.5,1,2025,4,103,0.5,0.5,0.5,0.0,0.5,0.5,0.5,0.5,1,1.0,0.5,0.5,0.5,0.5,1.0,1.0,1.0,1.5,0.5,0.5,0.5,0.5,0.5,0.5,0.0,3.804905812383802e-07,2.0,3.0,uttarkashi,NORMAL,0.0,0.0,,,,,,,,,,,,,,,,NORMAL,0.9108319205868958,91.08,EXTREME
6240,Baijnath (Gomti),Uttarakhand,46,Bageshwar,29.90822222,79.61769444,2025-04-13,192.0,192.0,1,2025,4,103,192.0,192.0,192.0,0.0,192.0,192.0,192.0,192.0,1,1.0,78.33333333333333,50.7,64.91666666666667,61.40909090909091,235.0,253.5,389.5,675.5,192.0,192.0,192.0,192.0,192.0,192.0,80.41890325041744,69.0231186566567,5.0,11.0,bageshwar,NORMAL,0.0,0.0,,,,,,,,,,,,,,,,NORMAL,0.8828438258979243,88.28,EXTREME
6242,Kempty,Uttarakhand,55,Tehri Garhwal,30.49075,78.04738889,2025-04-13,466.0,306.0,2,2025,4,103,466.0,466.0,466.0,0.0,466.0,306.0,306.0,306.0,2,2.0,249.0,249.0,169.0,135.0,498.0,498.0,507.0,540.0,466.0,466.0,466.0,466.0,306.0,306.0,306.8843430349616,220.9449403509088,2.0,4.0,tehri garhwal,NORMAL,0.0,0.0,,,,,,,,,,,,,,,,NORMAL,0.7469170823194009,74.69,VERY HIGH
6244,Yamkeshwar,Uttarakhand,52,PAURI GARHWAL,29.96130556,78.44086111,2025-04-14,83.5,83.5,1,2025,4,104,83.5,83.5,83.5,0.0,83.5,83.5,83.5,83.5,1,1.0,83.5,83.5,83.5,92.16666666666669,83.5,83.5,83.5,276.5,83.5,83.5,83.5,129.0,83.5,129.0,0.0,33.35540935640475,1.0,3.0,pauri garhwal,NORMAL,0.0,0.0,,,,,,,,,,,,,,,,NORMAL,0.7399570177413378,74.0,VERY HIGH
6245,Bhagwanpur_1,Uttarakhand,50,Haridwar,29.93567778,77.80170611,2025-04-15,6.0,6.0,1,2025,4,105,6.0,6.0,6.0,0.0,6.0,6.0,6.0,6.0,1,1.0,6.0,3.1666666666666665,3.1666666666666665,3.1666666666666665,6.0,9.5,9.5,9.5,6.0,6.0,6.0,6.0,6.0,6.0,2.753785273643051,2.753785273643051,3.0,3.0,haridwar,NORMAL,0.0,0.0,,,,,,,,,,,,,,,,NORMAL,0.870730419683147,87.07,EXTREME
6248,Dharchula_1,Uttarakhand,53,Pithoragarh,29.84825,80.54047222,2025-04-16,48.0,48.0,1,2025,4,106,48.0,48.0,48.0,0.0,48.0,48.0,48.0,48.0,1,1.0,48.0,108.0,108.0,100.3,48.0,324.0,324.0,501.5,48.0,258.0,258.0,258.0,256.5,256.5,130.7669683062202,93.08571318951152,3.0,5.0,pithoragarh,NORMAL,0.0,0.0,,,,,,,,,,,,,,,,NORMAL,0.933752673451807,93.38,EXTREME
6247,Virbhadra,Uttarakhand,52,PAURI GARHWAL,30.07444444,78.29047222,2025-04-16,5.0,5.0,1,2025,4,106,5.0,5.0,5.0,0.0,5.0,5.0,5.0,5.0,1,1.0,5.0,5.0,5.0,5.0,5.0,5.0,5.0,5.0,5.0,5.0,5.0,5.0,5.0,5.0,0.0,0.0,1.0,1.0,pauri garhwal,NORMAL,0.0,0.0,,,,,,,,,,,,,,,,NORMAL,0.9457577646639784,94.58,EXTREME
6249,Kempty,Uttarakhand,55,Tehri Garhwal,30.49075,78.04738889,2025-04-16,86.0,86.0,1,2025,4,106,86.0,86.0,86.0,0.0,86.0,86.0,86.0,86.0,1,1.0,86.0,194.66666666666663,194.66666666666663,125.2,86.0,584.0,584.0,626.0,86.0,466.0,466.0,466.0,306.0,306.0,236.5276587068272,192.59465205451576,3.0,5.0,tehri garhwal,NORMAL,0.0,0.0,,,,,,,,,,,,,,,,NORMAL,0.980601604836996,98.06,EXTREME
6246,Mukteshwar_1,Uttarakhand,51,Nainital,29.47413889,79.65119444,2025-04-16,192.0,192.0,1,2025,4,106,192.0,192.0,192.0,0.0,192.0,192.0,192.0,192.0,1,1.0,192.0,50.625,43.3,49.142857142857146,192.0,202.5,216.5,344.0,192.0,192.0,192.0,192.0,192.0,192.0,94.2774053878588,77.68564554542571,4.0,7.0,nainital,NORMAL,0.0,0.0,,,,,,,,,,,,,,,,NORMAL,0.8999440442330717,89.99,EXTREME
6256,Bhagwanpur_1,Uttarakhand,50,Haridwar,29.93567778,77.80170611,2025-04-17,1.0,0.5,2,2025,4,107,1.0,1.0,1.0,0.0,1.0,0.5,0.5,0.5,2,2.0,3.5,2.625,2.625,2.625,7.0,10.5,10.5,10.5,6.0,6.0,6.0,6.0,6.0,6.0,2.4958298553119898,2.4958298553119898,4.0,4.0,haridwar,NORMAL,0.0,0.0,,,,,,,,,,,,,,,,NORMAL,0.9382723723068458,93.83,EXTREME
6263,Nachni,Uttarakhand,53,Pithoragarh,29.90594444,80.16097222,2025-04-17,11.0,10.0,2,2025,4,107,11.0,11.0,11.0,0.0,11.0,10.0,10.0,10.0,2,2.0,11.0,8.25,8.25,8.25,11.0,16.5,16.5,16.5,11.0,11.0,11.0,11.0,10.0,10.0,3.8890872965260113,3.8890872965260113,2.0,2.0,pithoragarh,NORMAL,0.0,0.0,,,,,,,,,,,,,,,,NORMAL,0.9767636809343154,97.68,EXTREME
6253,Tanakpur_1,Uttarakhand,48,Champawat,29.07222222,80.1175,2025-04-17,1.0,0.5,2,2025,4,107,1.0,1.0,1.0,0.0,1.0,0.5,0.5,0.5,2,2.0,1.0,1.0,8.0,8.0,1.0,1.0,24.0,24.0,1.0,1.0,20.0,20.0,0.5,9.5,0.0,10.440306508910547,1.0,3.0,champawat,NORMAL,0.0,0.0,,,,,,,,,,,,,,,,NORMAL,0.8717469267767298,87.17,EXTREME
6251,Kapkot (Saryu),Uttarakhand,46,Bageshwar,29.94516667,79.9025,2025-04-17,3.0,3.0,1,2025,4,107,3.0,3.0,3.0,0.0,3.0,3.0,3.0,3.0,1,1.0,3.0,11.0,34.25,34.25,3.0,22.0,137.0,137.0,3.0,19.0,79.0,79.0,3.0,32.5,11.31370849898476,32.73504747718162,2.0,4.0,bageshwar,NORMAL,0.0,0.0,,,,,,,,,,,,,,,,NORMAL,0.9738723128954079,97.39,EXTREME
6252,Danda_1,Uttarakhand,48,Champawat,29.15927778,80.10852778,2025-04-17,1.0,1.0,1,2025,4,107,1.0,1.0,1.0,0.0,1.0,1.0,1.0,1.0,1,1.0,1.0,1.0,2.0,2.0,1.0,1.0,4.0,4.0,1.0,1.0,3.0,3.0,1.0,2.5,0.0,1.4142135623730951,1.0,2.0,champawat,NORMAL,0.0,0.0,,,,,,,,,,,,,,,,NORMAL,0.9594764797155284,95.95,EXTREME
6268,Sitarganj_1,Uttarakhand,56,UDHAM SINGH NAGAR,28.92971389,79.703,2025-04-17,11.0,8.5,4,2025,4,107,11.0,11.0,11.0,0.0,11.0,8.5,8.5,8.5,4,4.0,11.0,11.0,11.0,11.0,11.0,11.0,33.0,33.0,11.0,11.0,18.0,18.0,8.5,8.5,0.0,7.0,1.0,3.0,udham singh nagar,NORMAL,0.0,0.0,,,,,,,,,,,,,,,,NORMAL,0.9622034598814783,96.22,EXTREME
6259,Nainital_1,Uttarakhand,51,Nainital,29.39530278,79.46232778,2025-04-17,1.5,1.5,1,2025,4,107,1.5,1.5,1.5,0.0,1.5,1.5,1.5,1.5,1,1.0,1.5,1.5,1.5,1.5,1.5,1.5,1.5,1.5,1.5,1.5,1.5,1.5,1.5,1.5,0.0,0.0,1.0,1.0,nainital,NORMAL,0.0,0.0,,,,,,,,,,,,,,,,NORMAL,0.7692794863150749,76.93,VERY HIGH
6264,Basukedar,Uttarakhand,54,Rudraprayag,30.43919444,79.05633333,2025-04-17,7.0,5.0,2,2025,4,107,7.0,7.0,7.0,0.0,7.0,5.0,5.0,5.0,2,2.0,7.0,8.166666666666666,21.1,21.1,7.0,24.5,105.5,105.5,7.0,15.0,61.0,61.0,5.0,22.0,6.331139971074202,23.319519720611748,3.0,5.0,rudraprayag,NORMAL,0.0,1.0,,,,,,,,,,,,,,,,NORMAL,0.8121874438319843,81.22,EXTREME
6258,Mukteshwar_1,Uttarakhand,51,Nainital,29.47413889,79.65119444,2025-04-17,1.5,0.5,3,2025,4,107,1.5,1.5,1.5,0.0,1.5,0.5,0.5,0.5,3,3.0,96.75,50.75,36.333333333333336,43.1875,193.5,203.0,218.0,345.5,192.0,192.0,192.0,192.0,192.0,192.0,94.1899676186376,73.8690624880074,4.0,8.0,nainital,NORMAL,0.0,0.0,,,,,,,,,,,,,,,,NORMAL,0.7457415284003424,74.57,VERY HIGH
6262,Dharchula_1,Uttarakhand,53,Pithoragarh,29.84825,80.54047222,2025-04-17,5.0,2.5,2,2025,4,107,5.0,5.0,5.0,0.0,5.0,2.5,2.5,2.5,2,2.0,26.5,103.66666666666669,82.25,84.41666666666667,53.0,311.0,329.0,506.5,48.0,258.0,258.0,258.0,256.5,256.5,135.37478839626428,91.90017228855812,3.0,6.0,pithoragarh,NORMAL,0.0,0.0,,,,,,,,,,,,,,,,NORMAL,0.9284769610523701,92.85,EXTREME
6257,Haldwani_1,Uttarakhand,51,Nainital,29.214725,79.52400278,2025-04-17,10.0,8.0,5,2025,4,107,10.0,10.0,10.0,0.0,10.0,8.0,8.0,8.0,5,5.0,10.0,8.25,10.25,10.25,10.0,16.5,41.0,41.0,10.0,10.0,19.5,19.5,8.0,9.0,2.4748737341529163,6.512807894193355,2.0,4.0,nainital,NORMAL,0.0,0.0,,,,,,,,,,,,,,,,NORMAL,0.9542309171095019,95.42,EXTREME
6266,Gadarpur,Uttarakhand,56,UDHAM SINGH NAGAR,29.04324167,79.24461944,2025-04-17,11.0,5.5,2,2025,4,107,11.0,11.0,11.0,0.0,11.0,5.5,5.5,5.5,2,2.0,11.0,6.0,6.0,6.0,11.0,12.0,12.0,12.0,11.0,11.0,11.0,11.0,5.5,5.5,7.071067811865476,7.071067811865476,2.0,2.0,udham singh nagar,NORMAL,0.0,0.0,,,,,,,,,,,,,,,,NORMAL,0.9593255068893293,95.93,EXTREME
6261,Srinagar_2,Uttarakhand,52,PAURI GARHWAL,30.23581944,78.81720278,2025-04-17,2.5,2.5,1,2025,4,107,2.5,2.5,2.5,0.0,2.5,2.5,2.5,2.5,1,1.0,2.5,2.5,3.75,3.75,2.5,2.5,7.5,7.5,2.5,2.5,5.0,5.0,2.5,4.5,0.0,1.7677669529663689,1.0,2.0,pauri garhwal,NORMAL,0.0,0.0,,,,,,,,,,,,,,,,NORMAL,0.9649962121010971,96.5,EXTREME
6255,Dakpathar,Uttarakhand,49,Dehradun,30.49866667,77.79744444,2025-04-17,1.0,0.5,2,2025,4,107,1.0,1.0,1.0,0.0,1.0,0.5,0.5,0.5,2,2.0,1.0,3.5,2.833333333333333,39.875,1.0,7.0,8.5,159.5,1.0,6.0,6.0,151.0,3.0,151.0,3.5355339059327378,74.11744621432483,2.0,4.0,dehradun,NORMAL,0.0,0.0,,,,,,,,,,,,,,,,NORMAL,0.9527460663272166,95.27,EXTREME
6265,Guptkashi_1,Uttarakhand,54,Rudraprayag,30.52863889,79.08508333,2025-04-17,2.0,0.5,4,2025,4,107,2.0,2.0,2.0,0.0,2.0,0.5,0.5,0.5,4,4.0,2.0,2.5,5.0,5.0,2.0,10.0,30.0,30.0,2.0,6.0,19.0,19.0,1.0,4.0,2.380476142847618,7.127411872482256,4.0,6.0,rudraprayag,NORMAL,0.0,1.0,,,,,,,,,,,,,,,,NORMAL,0.9683281603108562,96.83,EXTREME
6250,Baijnath (Gomti),Uttarakhand,46,Bageshwar,29.90822222,79.61769444,2025-04-17,8.5,7.5,3,2025,4,107,8.5,8.5,8.5,0.0,8.5,7.5,7.5,7.5,3,3.0,8.5,60.875,43.66666666666666,49.77777777777778,8.5,243.5,262.0,448.0,8.5,192.0,192.0,192.0,192.0,192.0,89.06586981928974,68.27980627128673,4.0,9.0,bageshwar,NORMAL,0.0,0.0,,,,,,,,,,,,,,,,NORMAL,0.8236984121077165,82.37,EXTREME
6267,Haripura_2,Uttarakhand,56,UDHAM SINGH NAGAR,29.13151944,79.25965556,2025-04-17,2.0,0.5,4,2025,4,107,2.0,2.0,2.0,0.0,2.0,0.5,0.5,0.5,4,4.0,2.0,2.0,1.5,1.5,2.0,2.0,3.0,3.0,2.0,2.0,2.0,2.0,0.5,0.5,0.0,0.7071067811865476,1.0,2.0,udham singh nagar,NORMAL,0.0,0.0,,,,,,,,,,,,,,,,NORMAL,0.7737109507305392,77.37,VERY HIGH
6260,Dugadda (Khoh),Uttarakhand,52,PAURI GARHWAL,29.75108333,78.52341667,2025-04-17,1.0,0.5,2,2025,4,107,1.0,1.0,1.0,0.0,1.0,0.5,0.5,0.5,2,2.0,1.0,1.3333333333333333,1.3333333333333333,1.3333333333333333,1.0,4.0,4.0,4.0,1.0,2.0,2.0,2.0,0.5,0.5,0.5773502691896257,0.5773502691896258,3.0,3.0,pauri garhwal,NORMAL,0.0,0.0,,,,,,,,,,,,,,,,NORMAL,0.6929708771506251,69.3,VERY HIGH
6254,Chakrata,Uttarakhand,49,Dehradun,30.76115556,77.86502778,2025-04-17,5.5,3.0,3,2025,4,107,5.5,5.5,5.5,0.0,5.5,3.0,3.0,3.0,3,3.0,5.5,10.25,7.166666666666667,6.25,5.5,20.5,21.5,25.0,5.5,15.0,15.0,15.0,3.0,3.0,6.7175144212722016,6.116916434500832,2.0,4.0,dehradun,NORMAL,0.0,0.0,,,,,,,,,,,,,,,,NORMAL,0.8955151196916572,89.55,EXTREME
6269,Jhala_1,Uttarakhand,57,Uttarkashi,31.01533333,78.71222222,2025-04-17,1.0,0.5,2,2025,4,107,1.0,1.0,1.0,0.0,1.0,0.5,0.5,0.5,2,2.0,1.0,0.6666666666666666,0.6666666666666666,0.6666666666666666,1.0,2.0,2.0,2.0,1.0,1.0,1.0,1.0,0.5,0.5,0.2886751345948129,0.2886751345950605,3.0,3.0,uttarkashi,NORMAL,0.0,0.0,,,,,,,,,,,,,,,,NORMAL,0.9569580482004646,95.7,EXTREME
6271,Roorkee_2,Uttarakhand,50,Haridwar,29.86771944,77.88415556,2025-04-18,1.0,0.5,2,2025,4,108,1.0,1.0,1.0,0.0,1.0,0.5,0.5,0.5,2,2.0,1.0,1.0,6.0,6.0,1.0,1.0,12.0,12.0,1.0,1.0,11.0,11.0,0.5,5.0,0.0,7.071067811865476,1.0,2.0,haridwar,NORMAL,0.0,0.0,,,,,,,,,,,,,,,,NORMAL,0.9372447892495961,93.72,EXTREME
6273,Basukedar,Uttarakhand,54,Rudraprayag,30.43919444,79.05633333,2025-04-18,3.5,3.5,1,2025,4,108,3.5,3.5,3.5,0.0,3.5,3.5,3.5,3.5,1,1.0,5.25,8.5,18.166666666666668,18.166666666666668,10.5,25.5,109.0,109.0,7.0,15.0,61.0,61.0,5.0,22.0,5.894913061275807,22.06052281036573,3.0,6.0,rudraprayag,NORMAL,0.0,1.0,,,,,,,,,,,,,,,,NORMAL,0.919949172543222,91.99,EXTREME
6270,Manglaur_1,Uttarakhand,50,Haridwar,29.78567778,77.86368889,2025-04-18,1.0,0.5,2,2025,4,108,1.0,1.0,1.0,0.0,1.0,0.5,0.5,0.5,2,2.0,1.0,1.0,1.0,1.0,1.0,1.0,2.0,2.0,1.0,1.0,1.0,1.0,0.5,0.5,0.0,6.963971635464505e-06,1.0,2.0,haridwar,NORMAL,0.0,0.0,,,,,,,,,,,,,,,,NORMAL,0.9530568996293022,95.31,EXTREME
6272,Srinagar_2,Uttarakhand,52,PAURI GARHWAL,30.23581944,78.81720278,2025-04-18,0.5,0.5,1,2025,4,108,0.5,0.5,0.5,0.0,0.5,0.5,0.5,0.5,1,1.0,1.5,1.5,2.6666666666666665,2.6666666666666665,3.0,3.0,8.0,8.0,2.5,2.5,5.0,5.0,2.5,4.5,1.4142135623730951,2.254624876411447,2.0,3.0,pauri garhwal,NORMAL,0.0,0.0,,,,,,,,,,,,,,,,NORMAL,0.9773233783114408,97.73,EXTREME
6276,Tanakpur_1,Uttarakhand,48,Champawat,29.07222222,80.1175,2025-04-19,0.5,0.5,1,2025,4,109,0.5,0.5,0.5,0.0,0.5,0.5,0.5,0.5,1,1.0,0.75,0.75,6.125,6.125,1.5,1.5,24.5,24.5,1.0,1.0,20.0,20.0,0.5,9.5,0.3535533905932738,9.312849546012576,2.0,4.0,champawat,NORMAL,0.0,0.0,,,,,,,,,,,,,,,,NORMAL,0.9101612169247153,91.02,EXTREME
6275,Danda_1,Uttarakhand,48,Champawat,29.15927778,80.10852778,2025-04-19,0.5,0.5,1,2025,4,109,0.5,0.5,0.5,0.0,0.5,0.5,0.5,0.5,1,1.0,0.75,0.75,1.5,1.5,1.5,1.5,4.5,4.5,1.0,1.0,3.0,3.0,1.0,2.5,0.3535533905932738,1.3228756555322954,2.0,3.0,champawat,NORMAL,0.0,0.0,,,,,,,,,,,,,,,,NORMAL,0.8307744695949157,83.08,EXTREME
6277,Manglaur_1,Uttarakhand,50,Haridwar,29.78567778,77.86368889,2025-04-19,0.5,0.5,1,2025,4,109,0.5,0.5,0.5,0.0,0.5,0.5,0.5,0.5,1,1.0,0.75,0.75,0.8333333333333334,0.8333333333333334,1.5,1.5,2.5,2.5,1.0,1.0,1.0,1.0,0.5,0.5,0.3535533905932738,0.2886751346368206,2.0,3.0,haridwar,NORMAL,0.0,0.0,,,,,,,,,,,,,,,,NORMAL,0.970924645298746,97.09,EXTREME
6274,Baijnath (Gomti),Uttarakhand,46,Bageshwar,29.90822222,79.61769444,2025-04-19,0.5,0.5,1,2025,4,109,0.5,0.5,0.5,0.0,0.5,0.5,0.5,0.5,1,1.0,4.5,67.0,37.5,44.85,9.0,201.0,262.5,448.5,8.5,192.0,192.0,192.0,192.0,192.0,108.3270510998984,66.23403371547157,3.0,10.0,bageshwar,NORMAL,0.0,0.0,,,,,,,,,,,,,,,,NORMAL,0.9736000084799882,97.36,EXTREME
6281,Gadarpur,Uttarakhand,56,UDHAM SINGH NAGAR,29.04324167,79.24461944,2025-04-19,7.5,7.0,2,2025,4,109,7.5,7.5,7.5,0.0,7.5,7.0,7.0,7.0,2,2.0,9.25,9.25,6.5,6.5,18.5,18.5,19.5,19.5,11.0,11.0,11.0,11.0,7.0,7.0,2.4748737341529163,5.07444578254611,2.0,3.0,udham singh nagar,NORMAL,0.0,0.0,,,,,,,,,,,,,,,,NORMAL,0.9127600908322188,91.28,EXTREME
6282,Jhala_1,Uttarakhand,57,Uttarkashi,31.01533333,78.71222222,2025-04-19,0.5,0.5,1,2025,4,109,0.5,0.5,0.5,0.0,0.5,0.5,0.5,0.5,1,1.0,0.75,0.6666666666666666,0.625,0.625,1.5,2.0,2.5,2.5,1.0,1.0,1.0,1.0,0.5,0.5,0.2886751345948129,0.2500000000001912,3.0,4.0,uttarkashi,NORMAL,0.0,0.0,,,,,,,,,,,,,,,,NORMAL,0.9341838506312922,93.42,EXTREME
6278,Haldwani_1,Uttarakhand,51,Nainital,29.214725,79.52400278,2025-04-19,1.0,1.0,1,2025,4,109,1.0,1.0,1.0,0.0,1.0,1.0,1.0,1.0,1,1.0,5.5,5.5,8.4,8.4,11.0,11.0,42.0,42.0,10.0,10.0,19.5,19.5,8.0,9.0,6.363961030678928,6.994640805645454,2.0,5.0,nainital,NORMAL,0.0,0.0,,,,,,,,,,,,,,,,NORMAL,0.9374935433026872,93.75,EXTREME
6280,Guptkashi_1,Uttarakhand,54,Rudraprayag,30.52863889,79.08508333,2025-04-19,0.5,0.5,1,2025,4,109,0.5,0.5,0.5,0.0,0.5,0.5,0.5,0.5,1,1.0,1.25,1.1666666666666667,4.357142857142857,4.357142857142857,2.5,3.5,30.5,30.5,2.0,2.0,19.0,19.0,0.5,4.0,0.7637626158259784,6.725042042708085,3.0,7.0,rudraprayag,NORMAL,0.0,1.0,,,,,,,,,,,,,,,,NORMAL,0.9216588103406936,92.17,EXTREME
6279,Basukedar,Uttarakhand,54,Rudraprayag,30.43919444,79.05633333,2025-04-19,2.0,2.0,1,2025,4,109,2.0,2.0,2.0,0.0,2.0,2.0,2.0,2.0,1,1.0,4.166666666666667,4.166666666666667,15.857142857142858,15.857142857142858,12.5,12.5,111.0,111.0,7.0,7.0,61.0,61.0,5.0,22.0,2.565800719723468,21.0450197705504,3.0,7.0,rudraprayag,NORMAL,0.0,1.0,,,,,,,,,,,,,,,,NORMAL,0.9283391132890922,92.83,EXTREME
6283,Kapkot (Saryu),Uttarakhand,46,Bageshwar,29.94516667,79.9025,2025-04-20,1.0,1.0,1,2025,4,110,1.0,1.0,1.0,0.0,1.0,1.0,1.0,1.0,1,1.0,1.0,2.0,27.6,27.6,1.0,4.0,138.0,138.0,1.0,3.0,79.0,79.0,3.0,32.5,1.4142135623730951,32.01249755954697,2.0,5.0,bageshwar,NORMAL,0.0,0.0,,,,,,,,,,,,,,,,NORMAL,0.9173930295406763,91.74,EXTREME
6284,Chakrata,Uttarakhand,49,Dehradun,30.76115556,77.86502778,2025-04-20,8.5,7.5,3,2025,4,110,8.5,8.5,8.5,0.0,8.5,7.5,7.5,7.5,3,3.0,8.5,7.0,7.5,7.5,8.5,14.0,30.0,30.0,8.5,8.5,15.0,15.0,7.5,7.5,2.1213203435596424,5.873670062235341,2.0,4.0,dehradun,NORMAL,0.0,0.0,,,,,,,,,,,,,,,,NORMAL,0.9173930295406763,91.74,EXTREME
6285,Jhala_1,Uttarakhand,57,Uttarkashi,31.01533333,78.71222222,2025-04-20,0.5,0.5,1,2025,4,110,0.5,0.5,0.5,0.0,0.5,0.5,0.5,0.5,1,1.0,0.5,0.6666666666666666,0.6,0.6,1.0,2.0,3.0,3.0,0.5,1.0,1.0,1.0,0.5,0.5,0.2886751345948129,0.2236067977501396,3.0,5.0,uttarkashi,NORMAL,0.0,0.0,,,,,,,,,,,,,,,,NORMAL,0.9586185875556975,95.86,EXTREME
6286,Nainital_1,Uttarakhand,51,Nainital,29.39530278,79.46232778,2025-04-21,10.0,5.0,2,2025,4,111,10.0,10.0,10.0,0.0,10.0,5.0,5.0,5.0,2,2.0,10.0,5.75,5.75,5.75,10.0,11.5,11.5,11.5,10.0,10.0,10.0,10.0,5.0,5.0,6.010407640085654,6.010407640085654,2.0,2.0,nainital,NORMAL,0.0,0.0,,,,,,,,,,,,,,,,NORMAL,0.9379291002650857,93.79,EXTREME
6287,Jhala_1,Uttarakhand,57,Uttarkashi,31.01533333,78.71222222,2025-04-21,0.5,0.5,1,2025,4,111,0.5,0.5,0.5,0.0,0.5,0.5,0.5,0.5,1,1.0,0.5,0.625,0.5833333333333334,0.5833333333333334,1.5,2.5,3.5,3.5,0.5,1.0,1.0,1.0,0.5,0.5,0.25,0.2041241452320724,4.0,6.0,uttarkashi,NORMAL,0.0,0.0,,,,,,,,,,,,,,,,NORMAL,0.8851679135139306,88.52,EXTREME
6288,Jhala_1,Uttarakhand,57,Uttarkashi,31.01533333,78.71222222,2025-04-22,0.5,0.5,1,2025,4,112,0.5,0.5,0.5,0.0,0.5,0.5,0.5,0.5,1,1.0,0.5,0.6,0.5714285714285714,0.5714285714285714,1.5,3.0,4.0,4.0,0.5,1.0,1.0,1.0,0.5,0.5,0.2236067977499789,0.1889822365047406,5.0,7.0,uttarkashi,NORMAL,0.0,0.0,,,,,,,,,,,,,,,,NORMAL,0.9451351425158566,94.51,EXTREME
6289,Jhala_1,Uttarakhand,57,Uttarkashi,31.01533333,78.71222222,2025-04-26,0.5,0.5,1,2025,4,116,0.5,0.5,0.5,0.0,0.5,0.5,0.5,0.5,1,1.0,0.5,0.5,0.5714285714285714,0.5625,0.5,2.0,4.0,4.5,0.5,0.5,1.0,1.0,0.5,0.5,0.0,0.1767766952967533,4.0,8.0,uttarkashi,NORMAL,0.0,0.0,,,,,,,,,,,,,,,,NORMAL,0.9711022201923142,97.11,EXTREME
6290,Khati_1,Uttarakhand,46,Bageshwar,30.11019722,79.94055833,2025-04-29,136.0,136.0,1,2025,4,119,136.0,136.0,136.0,0.0,136.0,136.0,136.0,136.0,1,1.0,136.0,136.0,136.0,136.0,136.0,136.0,136.0,136.0,136.0,136.0,136.0,136.0,136.0,136.0,0.0,0.0,1.0,1.0,bageshwar,NORMAL,0.0,0.0,,,,,,,,,,,,,,,,NORMAL,0.8880077587048208,88.8,EXTREME
6292,Chakrata,Uttarakhand,49,Dehradun,30.76115556,77.86502778,2025-05-01,0.5,0.5,1,2025,5,121,0.5,0.5,0.5,0.0,0.5,0.5,0.5,0.5,1,1.0,0.5,0.5,4.5,6.1,0.5,0.5,9.0,30.5,0.5,0.5,8.5,15.0,0.5,7.5,0.0,5.972855263607162,1.0,5.0,dehradun,NORMAL,0.0,0.0,,,,,,,,,,,,,,,,NORMAL,0.9502973791058154,95.03,EXTREME
6291,Kapkot (Saryu),Uttarakhand,46,Bageshwar,29.94516667,79.9025,2025-05-01,12.0,4.5,4,2025,5,121,12.0,12.0,12.0,0.0,12.0,4.5,4.5,4.5,4,4.0,12.0,12.0,6.5,25.0,12.0,12.0,13.0,150.0,12.0,12.0,12.0,79.0,4.5,32.5,0.0,29.332575747792774,1.0,6.0,bageshwar,NORMAL,0.0,0.0,,,,,,,,,,,,,,,,NORMAL,0.9898552441710332,98.99,EXTREME
6293,Dakpathar,Uttarakhand,49,Dehradun,30.49866667,77.79744444,2025-05-01,0.5,0.5,1,2025,5,121,0.5,0.5,0.5,0.0,0.5,0.5,0.5,0.5,1,1.0,0.5,0.5,0.5,32.0,0.5,0.5,0.5,160.0,0.5,0.5,0.5,151.0,0.5,151.0,0.0,66.55918418971194,1.0,5.0,dehradun,NORMAL,0.0,0.0,,,,,,,,,,,,,,,,NORMAL,0.9724437292726765,97.24,EXTREME
6299,Roorkee_2,Uttarakhand,50,Haridwar,29.86771944,77.88415556,2025-05-02,24.0,12.0,5,2025,5,122,24.0,24.0,24.0,0.0,24.0,12.0,12.0,12.0,5,5.0,24.0,24.0,24.0,12.0,24.0,24.0,24.0,36.0,24.0,24.0,24.0,24.0,12.0,12.0,0.0,11.532562594670797,1.0,3.0,haridwar,NORMAL,0.0,0.0,,,,,,,,,,,,,,,,NORMAL,0.9936422370280639,99.36,EXTREME
6294,Lamgara,Uttarakhand,45,Almora,29.53866667,79.74994444,2025-05-02,1.0,0.5,2,2025,5,122,1.0,1.0,1.0,0.0,1.0,0.5,0.5,0.5,2,2.0,1.0,1.0,1.0,1.0,1.0,1.0,1.0,2.0,1.0,1.0,1.0,1.0,0.5,0.5,0.0,3.40655341436098e-07,1.0,2.0,almora,NORMAL,0.0,0.0,,,,,,,,,,,,,,,,NORMAL,0.9936422370280639,99.36,EXTREME
6296,Chakrata,Uttarakhand,49,Dehradun,30.76115556,77.86502778,2025-05-02,9.5,5.0,5,2025,5,122,9.5,9.5,9.5,0.0,9.5,5.0,5.0,5.0,5,5.0,5.0,5.0,6.166666666666667,6.666666666666667,10.0,10.0,18.5,40.0,9.5,9.5,9.5,15.0,5.0,7.5,6.363961030678928,5.5196618253898935,2.0,6.0,dehradun,NORMAL,0.0,0.0,,,,,,,,,,,,,,,,NORMAL,0.9936888570746838,99.37,EXTREME
6297,Dakpathar,Uttarakhand,49,Dehradun,30.49866667,77.79744444,2025-05-02,26.0,9.5,5,2025,5,122,26.0,26.0,26.0,0.0,26.0,9.5,9.5,9.5,5,5.0,13.25,13.25,13.25,7.0,26.5,26.5,26.5,35.0,26.0,26.0,26.0,26.0,9.5,9.5,18.03122292025696,10.845505981741931,2.0,5.0,dehradun,NORMAL,0.0,0.0,,,,,,,,,,,,,,,,NORMAL,0.9936888570746838,99.37,EXTREME
6300,Nainital_1,Uttarakhand,51,Nainital,29.39530278,79.46232778,2025-05-02,0.5,0.5,1,2025,5,122,0.5,0.5,0.5,0.0,0.5,0.5,0.5,0.5,1,1.0,0.5,0.5,5.25,4.0,0.5,0.5,10.5,12.0,0.5,0.5,10.0,10.0,0.5,5.0,0.0,5.220153254455275,1.0,3.0,nainital,NORMAL,0.0,0.0,,,,,,,,,,,,,,,,NORMAL,1.0,100.0,EXTREME
6295,Danda_1,Uttarakhand,48,Champawat,29.15927778,80.10852778,2025-05-02,28.5,23.5,2,2025,5,122,28.5,28.5,28.5,0.0,28.5,23.5,23.5,23.5,2,2.0,28.5,28.5,14.5,8.25,28.5,28.5,29.0,33.0,28.5,28.5,28.5,28.5,23.5,23.5,0.0,13.5431409453888,1.0,4.0,champawat,NORMAL,0.0,0.0,,,,,,,,,,,,,,,,NORMAL,0.9967191601049868,99.67,EXTREME
6301,Srinagar_2,Uttarakhand,52,PAURI GARHWAL,30.23581944,78.81720278,2025-05-02,1.5,0.5,3,2025,5,122,1.5,1.5,1.5,0.0,1.5,0.5,0.5,0.5,3,3.0,1.5,1.5,1.5,2.375,1.5,1.5,1.5,9.5,1.5,1.5,1.5,5.0,0.5,4.5,0.0,1.9311050377094117,1.0,4.0,pauri garhwal,NORMAL,0.0,0.0,,,,,,,,,,,,,,,,NORMAL,0.9980952380952381,99.81,EXTREME
6298,Khanpur_5,Uttarakhand,50,Haridwar,29.641375,78.00678611,2025-05-02,0.5,0.5,1,2025,5,122,0.5,0.5,0.5,0.0,0.5,0.5,0.5,0.5,1,1.0,0.5,0.5,0.5,0.5,0.5,0.5,0.5,0.5,0.5,0.5,0.5,0.5,0.5,0.5,0.0,0.0,1.0,1.0,haridwar,NORMAL,0.0,0.0,,,,,,,,,,,,,,,,NORMAL,0.914125812901179,91.41,EXTREME
6304,Danda_1,Uttarakhand,48,Champawat,29.15927778,80.10852778,2025-05-03,0.5,0.5,1,2025,5,123,0.5,0.5,0.5,0.0,0.5,0.5,0.5,0.5,1,1.0,14.5,14.5,14.5,6.7,29.0,29.0,29.0,33.5,28.5,28.5,28.5,28.5,23.5,23.5,19.79898987322333,12.230085854154908,2.0,5.0,champawat,NORMAL,0.0,0.0,,,,,,,,,,,,,,,,NORMAL,0.9671771029602246,96.72,EXTREME
6311,Guptkashi_1,Uttarakhand,54,Rudraprayag,30.52863889,79.08508333,2025-05-03,1.0,0.5,2,2025,5,123,1.0,1.0,1.0,0.0,1.0,0.5,0.5,0.5,2,2.0,1.0,1.0,1.0,3.9375,1.0,1.0,1.0,31.5,1.0,1.0,1.0,19.0,0.5,4.0,0.0,6.338304753075374,1.0,8.0,rudraprayag,NORMAL,0.0,1.0,,,,,,,,,,,,,,,,NORMAL,0.7639247052264558,76.39,VERY HIGH
6302,Baijnath (Gomti),Uttarakhand,46,Bageshwar,29.90822222,79.61769444,2025-05-03,2.5,2.0,2,2025,5,123,2.5,2.5,2.5,0.0,2.5,2.0,2.0,2.0,2,2.0,2.5,2.5,2.5,33.125,2.5,2.5,2.5,265.0,2.5,2.5,2.5,192.0,2.0,192.0,0.0,65.48923030326658,1.0,8.0,bageshwar,NORMAL,0.0,0.0,,,,,,,,,,,,,,,,NORMAL,0.8509176233309962,85.09,EXTREME
6309,Dugadda (Khoh),Uttarakhand,52,PAURI GARHWAL,29.75108333,78.52341667,2025-05-03,0.5,0.5,1,2025,5,123,0.5,0.5,0.5,0.0,0.5,0.5,0.5,0.5,1,1.0,0.5,0.5,0.5,1.125,0.5,0.5,0.5,4.5,0.5,0.5,0.5,2.0,0.5,0.5,0.0,0.6291528696058958,1.0,4.0,pauri garhwal,NORMAL,0.0,0.0,,,,,,,,,,,,,,,,NORMAL,0.9694140047390508,96.94,EXTREME
6308,Mukteshwar_1,Uttarakhand,51,Nainital,29.47413889,79.65119444,2025-05-03,3.5,2.0,2,2025,5,123,3.5,3.5,3.5,0.0,3.5,2.0,2.0,2.0,2,2.0,3.5,3.5,3.5,31.642857142857142,3.5,3.5,3.5,221.5,3.5,3.5,3.5,192.0,2.0,192.0,0.0,70.84943794514432,1.0,7.0,nainital,NORMAL,0.0,0.0,,,,,,,,,,,,,,,,NORMAL,0.907079050941341,90.71,EXTREME
6305,Rithakhal,Uttarakhand,48,Champawat,29.44911111,79.882,2025-05-03,18.0,11.0,5,2025,5,123,18.0,18.0,18.0,0.0,18.0,11.0,11.0,11.0,5,5.0,18.0,18.0,18.0,27.0,18.0,18.0,18.0,162.0,18.0,18.0,18.0,80.0,11.0,80.0,0.0,30.867458593152755,1.0,6.0,champawat,NORMAL,0.0,0.0,,,,,,,,,,,,,,,,NORMAL,0.7505333161422886,75.05,VERY HIGH
6303,Kapkot (Saryu),Uttarakhand,46,Bageshwar,29.94516667,79.9025,2025-05-03,5.5,3.5,3,2025,5,123,5.5,5.5,5.5,0.0,5.5,3.5,3.5,3.5,3,3.0,8.75,8.75,6.166666666666667,22.214285714285715,17.5,17.5,18.5,155.5,12.0,12.0,12.0,79.0,4.5,32.5,4.596194077712559,27.77267413432544,2.0,7.0,bageshwar,NORMAL,0.0,0.0,,,,,,,,,,,,,,,,NORMAL,0.7700531233865769,77.01,VERY HIGH
6306,Tanakpur_1,Uttarakhand,48,Champawat,29.07222222,80.1175,2025-05-03,1.5,1.5,1,2025,5,123,1.5,1.5,1.5,0.0,1.5,1.5,1.5,1.5,1,1.0,1.5,1.5,1.5,5.2,1.5,1.5,1.5,26.0,1.5,1.5,1.5,20.0,1.5,9.5,0.0,8.326163582346913,1.0,5.0,champawat,NORMAL,0.0,0.0,,,,,,,,,,,,,,,,NORMAL,0.82664579746042,82.66,EXTREME
6310,Basukedar,Uttarakhand,54,Rudraprayag,30.43919444,79.05633333,2025-05-03,20.0,9.5,6,2025,5,123,20.0,20.0,20.0,0.0,20.0,9.5,9.5,9.5,6,6.0,20.0,20.0,20.0,16.375,20.0,20.0,20.0,131.0,20.0,20.0,20.0,61.0,9.5,22.0,0.0,19.53888065224969,1.0,8.0,rudraprayag,NORMAL,0.0,1.0,,,,,,,,,,,,,,,,NORMAL,0.8808294243572236,88.08,EXTREME
6307,Haldwani_1,Uttarakhand,51,Nainital,29.214725,79.52400278,2025-05-03,8.5,7.5,2,2025,5,123,8.5,8.5,8.5,0.0,8.5,7.5,7.5,7.5,2,2.0,8.5,8.5,8.5,8.416666666666666,8.5,8.5,8.5,50.5,8.5,8.5,8.5,19.5,7.5,9.0,0.0,6.256330127692036,1.0,6.0,nainital,NORMAL,0.0,0.0,,,,,,,,,,,,,,,,NORMAL,0.8743177113455107,87.43,EXTREME
6313,Danda_1,Uttarakhand,48,Champawat,29.15927778,80.10852778,2025-05-04,17.5,15.0,2,2025,5,124,17.5,17.5,17.5,0.0,17.5,15.0,15.0,15.0,2,2.0,15.5,15.5,15.5,8.5,46.5,46.5,46.5,51.0,28.5,28.5,28.5,28.5,23.5,23.5,14.106735979665885,11.794066304714418,3.0,6.0,champawat,NORMAL,0.0,0.0,,,,,,,,,,,,,,,,NORMAL,0.8909735264735263,89.1,EXTREME
6316,Chakrata,Uttarakhand,49,Dehradun,30.76115556,77.86502778,2025-05-04,0.5,0.5,1,2025,5,124,0.5,0.5,0.5,0.0,0.5,0.5,0.5,0.5,1,1.0,5.0,3.5,3.5,5.785714285714286,10.0,10.5,10.5,40.5,9.5,9.5,9.5,15.0,5.0,7.5,5.196152422706632,5.55170501480657,3.0,7.0,dehradun,NORMAL,0.0,0.0,,,,,,,,,,,,,,,,NORMAL,0.9088461815961817,90.88,EXTREME
6312,Kapkot (Saryu),Uttarakhand,46,Bageshwar,29.94516667,79.9025,2025-05-04,5.0,2.5,4,2025,5,124,5.0,5.0,5.0,0.0,5.0,2.5,2.5,2.5,4,4.0,5.25,7.5,7.5,20.0625,10.5,22.5,22.5,160.5,5.5,12.0,12.0,79.0,4.5,32.5,3.905124837953327,26.42298444806827,3.0,8.0,bageshwar,NORMAL,0.0,0.0,,,,,,,,,,,,,,,,NORMAL,0.9039970954970954,90.4,EXTREME
6321,Basukedar,Uttarakhand,54,Rudraprayag,30.43919444,79.05633333,2025-05-04,31.0,23.0,4,2025,5,124,31.0,31.0,31.0,0.0,31.0,23.0,23.0,23.0,4,4.0,25.5,25.5,25.5,18.0,51.0,51.0,51.0,162.0,31.0,31.0,31.0,61.0,23.0,23.0,7.7781745930520225,18.91593243802695,2.0,9.0,rudraprayag,NORMAL,0.0,1.0,,,,,,,,,,,,,,,,NORMAL,0.9022841325341325,90.23,EXTREME
6319,Roorkee_2,Uttarakhand,50,Haridwar,29.86771944,77.88415556,2025-05-04,10.0,10.0,1,2025,5,124,10.0,10.0,10.0,0.0,10.0,10.0,10.0,10.0,1,1.0,17.0,17.0,17.0,11.5,34.0,34.0,34.0,46.0,24.0,24.0,24.0,24.0,12.0,12.0,9.899494936611664,9.46924847422786,2.0,4.0,haridwar,NORMAL,0.0,0.0,,,,,,,,,,,,,,,,NORMAL,0.9348011416065335,93.48,EXTREME
6314,Rithakhal,Uttarakhand,48,Champawat,29.44911111,79.882,2025-05-04,2.5,1.5,3,2025,5,124,2.5,2.5,2.5,0.0,2.5,1.5,1.5,1.5,3,3.0,10.25,10.25,10.25,23.5,20.5,20.5,20.5,164.5,18.0,18.0,18.0,80.0,11.0,80.0,10.960155108391486,29.660579899927782,2.0,7.0,champawat,NORMAL,0.0,0.0,,,,,,,,,,,,,,,,NORMAL,0.934864665842274,93.49,EXTREME
6320,Mukteshwar_1,Uttarakhand,51,Nainital,29.47413889,79.65119444,2025-05-04,3.5,1.5,4,2025,5,124,3.5,3.5,3.5,0.0,3.5,1.5,1.5,1.5,4,4.0,3.5,3.5,3.5,28.125,7.0,7.0,7.0,225.0,3.5,3.5,3.5,192.0,2.0,192.0,0.0,66.34420525885113,2.0,8.0,nainital,NORMAL,0.0,0.0,,,,,,,,,,,,,,,,NORMAL,0.9316126275885768,93.16,EXTREME
6322,Guptkashi_1,Uttarakhand,54,Rudraprayag,30.52863889,79.08508333,2025-05-04,0.5,0.5,1,2025,5,124,0.5,0.5,0.5,0.0,0.5,0.5,0.5,0.5,1,1.0,0.75,0.75,0.75,3.555555555555556,1.5,1.5,1.5,32.0,1.0,1.0,1.0,19.0,0.5,4.0,0.3535533905932738,6.038648671497492,2.0,9.0,rudraprayag,NORMAL,0.0,1.0,,,,,,,,,,,,,,,,NORMAL,0.8878028423841082,88.78,EXTREME
6315,Tanakpur_1,Uttarakhand,48,Champawat,29.07222222,80.1175,2025-05-04,0.5,0.5,1,2025,5,124,0.5,0.5,0.5,0.0,0.5,0.5,0.5,0.5,1,1.0,1.0,1.0,1.0,4.416666666666667,2.0,2.0,2.0,26.5,1.5,1.5,1.5,20.0,1.5,9.5,0.7071067811865476,7.690361933398625,2.0,6.0,champawat,NORMAL,0.0,0.0,,,,,,,,,,,,,,,,NORMAL,0.895510035191301,89.55,EXTREME
6323,Gadarpur,Uttarakhand,56,UDHAM SINGH NAGAR,29.04324167,79.24461944,2025-05-04,0.5,0.5,1,2025,5,124,0.5,0.5,0.5,0.0,0.5,0.5,0.5,0.5,1,1.0,0.5,0.5,0.5,5.0,0.5,0.5,0.5,20.0,0.5,0.5,0.5,11.0,0.5,7.0,0.0,5.115336417740935,1.0,4.0,udham singh nagar,NORMAL,0.0,0.0,,,,,,,,,,,,,,,,NORMAL,0.7800596179419708,78.01,VERY HIGH
6318,Bhagwanpur_1,Uttarakhand,50,Haridwar,29.93567778,77.80170611,2025-05-04,0.5,0.5,1,2025,5,124,0.5,0.5,0.5,0.0,0.5,0.5,0.5,0.5,1,1.0,0.5,0.5,0.5,2.2,0.5,0.5,0.5,11.0,0.5,0.5,0.5,6.0,0.5,6.0,0.0,2.361143790623519,1.0,5.0,haridwar,NORMAL,0.0,0.0,,,,,,,,,,,,,,,,NORMAL,0.9858816258405729,98.59,EXTREME
6317,Dakpathar,Uttarakhand,49,Dehradun,30.49866667,77.79744444,2025-05-04,5.0,5.0,1,2025,5,124,5.0,5.0,5.0,0.0,5.0,5.0,5.0,5.0,1,1.0,15.5,10.5,10.5,6.666666666666667,31.0,31.5,31.5,40.0,26.0,26.0,26.0,26.0,9.5,9.5,13.6106575888162,9.734817238483046,3.0,6.0,dehradun,NORMAL,0.0,0.0,,,,,,,,,,,,,,,,NORMAL,0.9681582750265348,96.82,EXTREME
6331,Guptkashi_1,Uttarakhand,54,Rudraprayag,30.52863889,79.08508333,2025-05-05,0.5,0.5,1,2025,5,125,0.5,0.5,0.5,0.0,0.5,0.5,0.5,0.5,1,1.0,0.6666666666666666,0.6666666666666666,0.6666666666666666,3.25,2.0,2.0,2.0,32.5,1.0,1.0,1.0,19.0,0.5,4.0,0.2886751345948128,5.774705379690188,3.0,10.0,rudraprayag,NORMAL,0.0,1.0,,,,,,,,,,,,,,,,NORMAL,0.9401576162056041,94.02,EXTREME
6330,Nachni,Uttarakhand,53,Pithoragarh,29.90594444,80.16097222,2025-05-05,0.5,0.5,1,2025,5,125,0.5,0.5,0.5,0.0,0.5,0.5,0.5,0.5,1,1.0,0.5,0.5,0.5,5.666666666666667,0.5,0.5,0.5,17.0,0.5,0.5,0.5,11.0,0.5,10.0,0.0,5.251983752196243,1.0,3.0,pithoragarh,NORMAL,0.0,0.0,,,,,,,,,,,,,,,,NORMAL,0.8865005842278926,88.65,EXTREME
6327,Haldwani_1,Uttarakhand,51,Nainital,29.214725,79.52400278,2025-05-05,12.0,5.5,5,2025,5,125,12.0,12.0,12.0,0.0,12.0,5.5,5.5,5.5,5,5.0,10.25,10.25,10.25,8.928571428571429,20.5,20.5,20.5,62.5,12.0,12.0,12.0,19.5,7.5,9.0,2.4748737341529163,5.869615059983173,2.0,7.0,nainital,NORMAL,0.0,0.0,,,,,,,,,,,,,,,,NORMAL,0.9597961427869516,95.98,EXTREME
6325,Dakpathar,Uttarakhand,49,Dehradun,30.49866667,77.79744444,2025-05-05,1.0,0.5,2,2025,5,125,1.0,1.0,1.0,0.0,1.0,0.5,0.5,0.5,2,2.0,3.0,8.125,8.125,5.857142857142857,6.0,32.5,32.5,41.0,5.0,26.0,26.0,26.0,9.5,9.5,12.08563196527182,9.141089858956851,4.0,7.0,dehradun,NORMAL,0.0,0.0,,,,,,,,,,,,,,,,NORMAL,0.9781835250125692,97.82,EXTREME
6329,Nainital_1,Uttarakhand,51,Nainital,29.39530278,79.46232778,2025-05-05,1.0,0.5,2,2025,5,125,1.0,1.0,1.0,0.0,1.0,0.5,0.5,0.5,2,2.0,1.0,0.75,0.75,3.25,1.0,1.5,1.5,13.0,1.0,1.0,1.0,10.0,0.5,5.0,0.3535533905932738,4.51848057057532,2.0,4.0,nainital,NORMAL,0.0,0.0,,,,,,,,,,,,,,,,NORMAL,0.9780031465674847,97.8,EXTREME
6332,Gadarpur,Uttarakhand,56,UDHAM SINGH NAGAR,29.04324167,79.24461944,2025-05-05,9.5,4.5,4,2025,5,125,9.5,9.5,9.5,0.0,9.5,4.5,4.5,4.5,4,4.0,5.0,5.0,5.0,5.9,10.0,10.0,10.0,29.5,9.5,9.5,9.5,11.0,4.5,7.0,6.363961030678928,4.865696250281146,2.0,5.0,udham singh nagar,NORMAL,0.0,0.0,,,,,,,,,,,,,,,,NORMAL,0.981116591945636,98.11,EXTREME
6328,Mukteshwar_1,Uttarakhand,51,Nainital,29.47413889,79.65119444,2025-05-05,0.5,0.5,1,2025,5,125,0.5,0.5,0.5,0.0,0.5,0.5,0.5,0.5,1,1.0,2.5,2.5,2.5,25.05555555555556,7.5,7.5,7.5,225.5,3.5,3.5,3.5,192.0,2.0,192.0,1.7320508075688772,62.73876614803464,3.0,9.0,nainital,NORMAL,0.0,0.0,,,,,,,,,,,,,,,,NORMAL,0.9907395833333332,99.07,EXTREME
6324,Kapkot (Saryu),Uttarakhand,46,Bageshwar,29.94516667,79.9025,2025-05-05,7.5,4.0,2,2025,5,125,7.5,7.5,7.5,0.0,7.5,4.0,4.0,4.0,2,2.0,6.0,7.5,7.5,18.666666666666668,18.0,30.0,30.0,168.0,7.5,12.0,12.0,79.0,4.5,32.5,3.188521078284832,25.06865572782076,4.0,9.0,bageshwar,NORMAL,0.0,0.0,,,,,,,,,,,,,,,,NORMAL,0.6858605443880892,68.59,VERY HIGH
6326,Roorkee_2,Uttarakhand,50,Haridwar,29.86771944,77.88415556,2025-05-05,4.5,3.0,3,2025,5,125,4.5,4.5,4.5,0.0,4.5,3.0,3.0,3.0,3,3.0,7.25,12.833333333333334,12.833333333333334,10.1,14.5,38.5,38.5,50.5,10.0,24.0,24.0,24.0,12.0,12.0,10.054020754570448,8.777812939451376,3.0,5.0,haridwar,NORMAL,0.0,0.0,,,,,,,,,,,,,,,,NORMAL,0.6189664041667007,61.9,VERY HIGH
6335,Dakpathar,Uttarakhand,49,Dehradun,30.49866667,77.79744444,2025-05-06,16.5,13.5,3,2025,5,126,16.5,16.5,16.5,0.0,16.5,13.5,13.5,13.5,3,3.0,7.5,9.8,9.8,7.1875,22.5,49.0,49.0,57.5,16.5,26.0,26.0,26.0,13.5,13.5,11.11642928282279,9.261816776421352,5.0,8.0,dehradun,NORMAL,0.0,0.0,,,,,,,,,,,,,,,,NORMAL,0.8949990402541783,89.5,EXTREME
6336,Nachni,Uttarakhand,53,Pithoragarh,29.90594444,80.16097222,2025-05-06,21.5,7.0,6,2025,5,126,21.5,21.5,21.5,0.0,21.5,7.0,7.0,7.0,6,6.0,11.0,11.0,11.0,9.625,22.0,22.0,22.0,38.5,21.5,21.5,21.5,21.5,7.0,10.0,14.849242404917495,9.003471552684553,2.0,4.0,pithoragarh,NORMAL,0.0,0.0,,,,,,,,,,,,,,,,NORMAL,0.9441007025796536,94.41,EXTREME
6333,Baijnath (Gomti),Uttarakhand,46,Bageshwar,29.90822222,79.61769444,2025-05-06,9.5,8.0,3,2025,5,126,9.5,9.5,9.5,0.0,9.5,8.0,8.0,8.0,3,3.0,9.5,6.0,6.0,30.5,9.5,12.0,12.0,274.5,9.5,9.5,9.5,192.0,8.0,192.0,4.949747468305833,61.76366245617242,2.0,9.0,bageshwar,NORMAL,0.0,0.0,,,,,,,,,,,,,,,,NORMAL,0.8225846786924741,82.26,EXTREME
6337,Basukedar,Uttarakhand,54,Rudraprayag,30.43919444,79.05633333,2025-05-06,27.5,22.0,4,2025,5,126,27.5,27.5,27.5,0.0,27.5,22.0,22.0,22.0,4,4.0,29.25,26.166666666666668,26.166666666666668,18.95,58.5,78.5,78.5,189.5,31.0,31.0,31.0,61.0,23.0,23.0,5.619905100029122,18.08536854906628,3.0,10.0,rudraprayag,NORMAL,0.0,1.0,,,,,,,,,,,,,,,,NORMAL,0.8565805096001073,85.66,EXTREME
6334,Gairsain (Ramganga),Uttarakhand,47,Chamoli,30.045,79.2855,2025-05-06,2.0,1.5,2,2025,5,126,2.0,2.0,2.0,0.0,2.0,1.5,1.5,1.5,2,2.0,2.0,2.0,2.0,2.0,2.0,2.0,2.0,2.0,2.0,2.0,2.0,2.0,1.5,1.5,0.0,0.0,1.0,1.0,chamoli,NORMAL,0.0,0.0,,,,,,,,,,,,,,,,NORMAL,0.8009541646624979,80.1,EXTREME
6342,Guptkashi_1,Uttarakhand,54,Rudraprayag,30.52863889,79.08508333,2025-05-07,0.5,0.5,1,2025,5,127,0.5,0.5,0.5,0.0,0.5,0.5,0.5,0.5,1,1.0,0.5,0.625,0.625,3.0,1.0,2.5,2.5,33.0,0.5,1.0,1.0,19.0,0.5,4.0,0.25,5.540758070878074,4.0,11.0,rudraprayag,NORMAL,0.0,1.0,,,,,,,,,,,,,,,,NORMAL,0.8589546194546194,85.9,EXTREME
6340,Dugadda (Khoh),Uttarakhand,52,PAURI GARHWAL,29.75108333,78.52341667,2025-05-07,0.5,0.5,1,2025,5,127,0.5,0.5,0.5,0.0,0.5,0.5,0.5,0.5,1,1.0,0.5,0.5,0.5,1.0,0.5,1.0,1.0,5.0,0.5,0.5,0.5,2.0,0.5,0.5,0.0,0.6123724356957945,2.0,5.0,pauri garhwal,NORMAL,0.0,0.0,,,,,,,,,,,,,,,,NORMAL,0.9035188927934851,90.35,EXTREME
6341,Chandranagar_1,Uttarakhand,54,Rudraprayag,30.41541667,79.06208333,2025-05-07,238.0,238.0,1,2025,5,127,238.0,238.0,238.0,0.0,238.0,238.0,238.0,238.0,1,1.0,238.0,238.0,238.0,238.0,238.0,238.0,238.0,238.0,238.0,238.0,238.0,238.0,238.0,238.0,0.0,0.0,1.0,1.0,rudraprayag,NORMAL,0.0,1.0,,,,,,,,,,,,,,,,NORMAL,0.9504883169436252,95.05,EXTREME
6339,Mukteshwar_1,Uttarakhand,51,Nainital,29.47413889,79.65119444,2025-05-07,1.5,0.5,3,2025,5,127,1.5,1.5,1.5,0.0,1.5,0.5,0.5,0.5,3,3.0,1.0,2.25,2.25,22.7,2.0,9.0,9.0,227.0,1.5,3.5,3.5,192.0,2.0,192.0,1.5,59.61785713097116,4.0,10.0,nainital,NORMAL,0.0,0.0,,,,,,,,,,,,,,,,NORMAL,0.9338811394924253,93.39,EXTREME
6338,Chakrata,Uttarakhand,49,Dehradun,30.76115556,77.86502778,2025-05-07,0.5,0.5,1,2025,5,127,0.5,0.5,0.5,0.0,0.5,0.5,0.5,0.5,1,1.0,0.5,2.75,2.75,5.125,0.5,11.0,11.0,41.0,0.5,9.5,9.5,15.0,5.0,7.5,4.5,5.469068868254829,4.0,8.0,dehradun,NORMAL,0.0,0.0,,,,,,,,,,,,,,,,NORMAL,0.9481793141499023,94.82,EXTREME
6343,Jhala_1,Uttarakhand,57,Uttarkashi,31.01533333,78.71222222,2025-05-07,1.0,0.5,2,2025,5,127,1.0,1.0,1.0,0.0,1.0,0.5,0.5,0.5,2,2.0,1.0,1.0,0.75,0.6111111111111112,1.0,1.0,1.5,5.5,1.0,1.0,1.0,1.0,0.5,0.5,0.0,0.2204792759221306,1.0,9.0,uttarkashi,NORMAL,0.0,0.0,,,,,,,,,,,,,,,,NORMAL,0.9521052400758284,95.21,EXTREME
6344,Rithakhal,Uttarakhand,48,Champawat,29.44911111,79.882,2025-05-08,5.5,5.5,1,2025,5,128,5.5,5.5,5.5,0.0,5.5,5.5,5.5,5.5,1,1.0,5.5,8.666666666666666,8.666666666666666,12.857142857142858,5.5,26.0,26.0,90.0,5.5,18.0,18.0,48.0,11.0,48.0,8.220908303425682,16.418267990550145,3.0,7.0,champawat,NORMAL,0.0,0.0,,,,,,,,,,,,,,,,NORMAL,0.9469567669172934,94.7,EXTREME
6347,Roorkee_2,Uttarakhand,50,Haridwar,29.86771944,77.88415556,2025-05-08,5.0,5.0,1,2025,5,128,5.0,5.0,5.0,0.0,5.0,5.0,5.0,5.0,1,1.0,5.0,10.875,10.875,9.25,5.0,43.5,43.5,55.5,5.0,24.0,24.0,24.0,12.0,12.0,9.095557523685212,8.122499615266227,4.0,6.0,haridwar,NORMAL,0.0,0.0,,,,,,,,,,,,,,,,NORMAL,0.9347184656084657,93.47,EXTREME
6348,Mukteshwar_1,Uttarakhand,51,Nainital,29.47413889,79.65119444,2025-05-08,29.0,10.5,6,2025,5,128,29.0,29.0,29.0,0.0,29.0,10.5,10.5,10.5,6,6.0,15.25,7.6,7.6,23.272727272727277,30.5,38.0,38.0,256.0,29.0,29.0,29.0,192.0,10.5,192.0,12.03328716519306,56.59035414112711,5.0,11.0,nainital,NORMAL,0.0,0.0,,,,,,,,,,,,,,,,NORMAL,0.8252481272499493,82.52,EXTREME
6346,Dakpathar,Uttarakhand,49,Dehradun,30.49866667,77.79744444,2025-05-08,1.0,1.0,1,2025,5,128,1.0,1.0,1.0,0.0,1.0,1.0,1.0,1.0,1,1.0,8.75,9.9,8.333333333333334,6.5,17.5,49.5,50.0,58.5,16.5,26.0,26.0,26.0,13.5,13.5,11.013627921806693,8.905756565278438,5.0,9.0,dehradun,NORMAL,0.0,0.0,,,,,,,,,,,,,,,,NORMAL,0.821312324401317,82.13,EXTREME
6345,Chakrata,Uttarakhand,49,Dehradun,30.76115556,77.86502778,2025-05-08,1.5,1.5,1,2025,5,128,1.5,1.5,1.5,0.0,1.5,1.5,1.5,1.5,1,1.0,1.0,3.0,2.5,4.722222222222222,2.0,12.0,12.5,42.5,1.5,9.5,9.5,15.0,5.0,7.5,4.358898943540674,5.256609595970042,4.0,9.0,dehradun,NORMAL,0.0,0.0,,,,,,,,,,,,,,,,NORMAL,0.9600393473645344,96.0,EXTREME
6351,Basukedar,Uttarakhand,54,Rudraprayag,30.43919444,79.05633333,2025-05-09,0.5,0.5,1,2025,5,129,0.5,0.5,0.5,0.0,0.5,0.5,0.5,0.5,1,1.0,0.5,19.75,19.75,17.0,0.5,79.0,79.0,170.0,0.5,31.0,31.0,61.0,23.0,23.0,13.629013170439013,18.988300491501487,4.0,10.0,rudraprayag,NORMAL,0.0,1.0,,,,,,,,,,,,,,,,NORMAL,0.9600393473645344,96.0,EXTREME
6352,Guptkashi_1,Uttarakhand,54,Rudraprayag,30.52863889,79.08508333,2025-05-09,0.5,0.5,1,2025,5,129,0.5,0.5,0.5,0.0,0.5,0.5,0.5,0.5,1,1.0,0.5,0.6,0.6,2.9545454545454546,1.0,3.0,3.0,32.5,0.5,1.0,1.0,19.0,0.5,4.0,0.2236067977499789,5.560820737330757,5.0,11.0,rudraprayag,NORMAL,0.0,1.0,,,,,,,,,,,,,,,,NORMAL,0.4794270157800677,47.94,HIGH
6349,Chakrata,Uttarakhand,49,Dehradun,30.76115556,77.86502778,2025-05-09,16.5,8.0,3,2025,5,129,16.5,16.5,16.5,0.0,16.5,8.0,8.0,8.0,3,3.0,6.166666666666667,4.75,4.833333333333333,5.9,18.5,19.0,29.0,59.0,16.5,16.5,16.5,16.5,8.0,8.0,7.847504911329036,6.199462342278823,4.0,10.0,dehradun,NORMAL,0.0,0.0,,,,,,,,,,,,,,,,NORMAL,0.7234738969963582,72.35,VERY HIGH
6350,Dakpathar,Uttarakhand,49,Dehradun,30.49866667,77.79744444,2025-05-09,0.5,0.5,1,2025,5,129,0.5,0.5,0.5,0.0,0.5,0.5,0.5,0.5,1,1.0,0.75,4.8,7.214285714285714,5.9,1.5,24.0,50.5,59.0,1.0,16.5,26.0,26.0,13.5,13.5,6.787856804618081,8.608135686662937,5.0,10.0,dehradun,NORMAL,0.0,0.0,,,,,,,,,,,,,,,,NORMAL,0.7512688464528953,75.13,VERY HIGH
6356,Bhagwanpur_1,Uttarakhand,50,Haridwar,29.93567778,77.80170611,2025-05-10,1.5,0.5,3,2025,5,130,1.5,1.5,1.5,0.0,1.5,0.5,0.5,0.5,3,3.0,1.5,1.0,1.0,2.083333333333333,1.5,2.0,2.0,12.5,1.5,1.5,1.5,6.0,0.5,6.0,0.7071067811865476,2.131118642090737,2.0,6.0,haridwar,NORMAL,0.0,0.0,,,,,,,,,,,,,,,,NORMAL,0.8373318185483241,83.73,EXTREME
6354,Chakrata,Uttarakhand,49,Dehradun,30.76115556,77.86502778,2025-05-10,8.0,2.5,5,2025,5,130,8.0,8.0,8.0,0.0,8.0,2.5,2.5,2.5,5,5.0,8.666666666666666,5.4,5.285714285714286,6.6,26.0,27.0,37.0,66.0,16.5,16.5,16.5,16.5,8.0,8.0,6.9498201415576215,5.9758774344117045,5.0,10.0,dehradun,NORMAL,0.0,0.0,,,,,,,,,,,,,,,,NORMAL,0.7076634682202924,70.77,VERY HIGH
6353,Kapkot (Saryu),Uttarakhand,46,Bageshwar,29.94516667,79.9025,2025-05-10,1.0,0.5,2,2025,5,130,1.0,1.0,1.0,0.0,1.0,0.5,0.5,0.5,2,2.0,1.0,4.5,6.2,6.75,1.0,13.5,31.0,54.0,1.0,7.5,12.0,19.0,4.0,4.5,3.278719262151,6.129553700835733,3.0,8.0,bageshwar,NORMAL,0.0,0.0,,,,,,,,,,,,,,,,NORMAL,0.7273180506168897,72.73,VERY HIGH
6358,Nainital_1,Uttarakhand,51,Nainital,29.39530278,79.46232778,2025-05-10,2.0,1.0,3,2025,5,130,2.0,2.0,2.0,0.0,2.0,1.0,1.0,1.0,3,3.0,2.0,1.5,1.1666666666666667,3.0,2.0,3.0,3.5,15.0,2.0,2.0,2.0,10.0,1.0,5.0,0.7071067811865476,3.952847075210474,2.0,5.0,nainital,NORMAL,0.0,0.0,,,,,,,,,,,,,,,,NORMAL,0.8146636938983012,81.47,EXTREME
6355,Dakpathar,Uttarakhand,49,Dehradun,30.49866667,77.79744444,2025-05-10,10.5,6.0,3,2025,5,130,10.5,10.5,10.5,0.0,10.5,6.0,6.0,6.0,3,3.0,4.0,5.75,7.625,6.8,12.0,34.5,61.0,68.0,10.5,16.5,26.0,26.0,13.5,13.5,6.501922792528376,8.567379996241558,6.0,10.0,dehradun,NORMAL,0.0,0.0,,,,,,,,,,,,,,,,NORMAL,0.7031084205800546,70.31,VERY HIGH
6359,Nachni,Uttarakhand,53,Pithoragarh,29.90594444,80.16097222,2025-05-10,5.5,5.5,1,2025,5,130,5.5,5.5,5.5,0.0,5.5,5.5,5.5,5.5,1,1.0,5.5,9.166666666666666,9.166666666666666,8.8,5.5,27.5,27.5,44.0,5.5,21.5,21.5,21.5,7.0,10.0,10.969655114602888,8.012490249604053,3.0,5.0,pithoragarh,NORMAL,0.0,0.0,,,,,,,,,,,,,,,,NORMAL,0.784262126848193,78.43,VERY HIGH
6357,Mukteshwar_1,Uttarakhand,51,Nainital,29.47413889,79.65119444,2025-05-10,2.0,1.0,2,2025,5,130,2.0,2.0,2.0,0.0,2.0,1.0,1.0,1.0,2,2.0,15.5,7.3,6.666666666666667,24.3,31.0,36.5,40.0,243.0,29.0,29.0,29.0,192.0,10.5,192.0,12.178875153313625,59.52086468905953,5.0,10.0,nainital,NORMAL,0.0,0.0,,,,,,,,,,,,,,,,NORMAL,0.8873814404027863,88.74,EXTREME
6361,Jhala_1,Uttarakhand,57,Uttarkashi,31.01533333,78.71222222,2025-05-10,1.5,0.5,3,2025,5,130,1.5,1.5,1.5,0.0,1.5,0.5,0.5,0.5,3,3.0,1.5,1.25,1.25,0.7,1.5,2.5,2.5,7.0,1.5,1.5,1.5,1.5,0.5,0.5,0.3535533905932738,0.3496029493900959,2.0,10.0,uttarkashi,NORMAL,0.0,0.0,,,,,,,,,,,,,,,,NORMAL,0.8242888826267234,82.43,EXTREME
6360,Basukedar,Uttarakhand,54,Rudraprayag,30.43919444,79.05633333,2025-05-10,37.5,14.5,6,2025,5,130,37.5,37.5,37.5,0.0,37.5,14.5,14.5,14.5,6,6.0,19.0,24.125,23.3,14.65,38.0,96.5,116.5,146.5,37.5,37.5,37.5,37.5,23.0,23.0,16.285857873218305,13.638283534879964,4.0,10.0,rudraprayag,NORMAL,0.0,1.0,,,,,,,,,,,,,,,,NORMAL,0.8579064819215845,85.79,EXTREME
6368,Mukteshwar_1,Uttarakhand,51,Nainital,29.47413889,79.65119444,2025-05-11,25.5,14.0,4,2025,5,131,25.5,25.5,25.5,0.0,25.5,14.0,14.0,14.0,4,4.0,13.75,11.7,9.357142857142858,26.2,27.5,58.5,65.5,262.0,25.5,29.0,29.0,192.0,14.0,192.0,14.259207551613798,59.19187256522451,5.0,10.0,nainital,NORMAL,0.0,0.0,,,,,,,,,,,,,,,,NORMAL,0.8173916791170379,81.74,EXTREME
6367,Bhagwanpur_1,Uttarakhand,50,Haridwar,29.93567778,77.80170611,2025-05-11,0.5,0.5,1,2025,5,131,0.5,0.5,0.5,0.0,0.5,0.5,0.5,0.5,1,1.0,1.0,1.0,0.8333333333333334,2.083333333333333,2.0,2.0,2.5,12.5,1.5,1.5,1.5,6.0,0.5,6.0,0.7071067811865476,2.131118642090737,2.0,6.0,haridwar,NORMAL,0.0,0.0,,,,,,,,,,,,,,,,NORMAL,0.7047365109610932,70.47,VERY HIGH
6362,Lamgara,Uttarakhand,45,Almora,29.53866667,79.74994444,2025-05-11,0.5,0.5,1,2025,5,131,0.5,0.5,0.5,0.0,0.5,0.5,0.5,0.5,1,1.0,0.5,0.5,0.75,0.75,0.5,0.5,1.5,1.5,0.5,0.5,1.0,1.0,0.5,0.5,0.0,0.3535533905934397,1.0,2.0,almora,NORMAL,0.0,0.0,,,,,,,,,,,,,,,,NORMAL,0.690761103217595,69.08,VERY HIGH
6371,Jhala_1,Uttarakhand,57,Uttarkashi,31.01533333,78.71222222,2025-05-11,1.5,0.5,3,2025,5,131,1.5,1.5,1.5,0.0,1.5,0.5,0.5,0.5,3,3.0,1.5,1.3333333333333333,1.3333333333333333,0.8,3.0,4.0,4.0,8.0,1.5,1.5,1.5,1.5,0.5,0.5,0.2886751345948129,0.4216370213558212,3.0,10.0,uttarkashi,NORMAL,0.0,0.0,,,,,,,,,,,,,,,,NORMAL,0.7117772025826703,71.18,VERY HIGH
6364,Kapkot (Saryu),Uttarakhand,46,Bageshwar,29.94516667,79.9025,2025-05-11,0.5,0.5,1,2025,5,131,0.5,0.5,0.5,0.0,0.5,0.5,0.5,0.5,1,1.0,0.75,3.0,5.25,6.055555555555555,1.5,9.0,31.5,54.5,1.0,7.5,12.0,19.0,4.0,4.5,3.905124837953327,6.100432589397098,3.0,9.0,bageshwar,NORMAL,0.0,0.0,,,,,,,,,,,,,,,,NORMAL,0.7765358603969397,77.65,VERY HIGH
6370,Guptkashi_1,Uttarakhand,54,Rudraprayag,30.52863889,79.08508333,2025-05-11,0.5,0.5,1,2025,5,131,0.5,0.5,0.5,0.0,0.5,0.5,0.5,0.5,1,1.0,0.5,0.5,0.5833333333333334,0.8,1.0,2.0,3.5,8.0,0.5,0.5,1.0,2.0,0.5,0.5,0.0,0.4830458915402508,4.0,10.0,rudraprayag,NORMAL,0.0,1.0,,,,,,,,,,,,,,,,NORMAL,0.816299940773348,81.63,EXTREME
6363,Baijnath (Gomti),Uttarakhand,46,Bageshwar,29.90822222,79.61769444,2025-05-11,1.5,1.5,1,2025,5,131,1.5,1.5,1.5,0.0,1.5,1.5,1.5,1.5,1,1.0,1.5,5.5,4.5,36.5,1.5,11.0,13.5,255.5,1.5,9.5,9.5,192.0,8.0,192.0,5.656854249492381,69.98868956243336,2.0,7.0,bageshwar,NORMAL,0.0,0.0,,,,,,,,,,,,,,,,NORMAL,0.8222384328948316,82.22,EXTREME
6365,Danda_1,Uttarakhand,48,Champawat,29.15927778,80.10852778,2025-05-11,1.5,1.5,1,2025,5,131,1.5,1.5,1.5,0.0,1.5,1.5,1.5,1.5,1,1.0,1.5,1.5,12.0,8.25,1.5,1.5,48.0,49.5,1.5,1.5,28.5,28.5,1.5,23.5,0.0,11.94884931698446,1.0,6.0,champawat,NORMAL,0.0,0.0,,,,,,,,,,,,,,,,NORMAL,0.9229870938258468,92.3,EXTREME
6366,Rithakhal,Uttarakhand,48,Champawat,29.44911111,79.882,2025-05-11,4.0,2.5,2,2025,5,131,4.0,4.0,4.0,0.0,4.0,2.5,2.5,2.5,2,2.0,4.0,4.75,7.5,7.8,4.0,9.5,30.0,39.0,4.0,5.5,18.0,18.0,5.5,11.0,1.0606601717798212,6.190718859712453,2.0,5.0,champawat,NORMAL,0.0,0.0,,,,,,,,,,,,,,,,NORMAL,0.901871326430888,90.19,EXTREME
6369,Dugadda (Khoh),Uttarakhand,52,PAURI GARHWAL,29.75108333,78.52341667,2025-05-11,0.5,0.5,1,2025,5,131,0.5,0.5,0.5,0.0,0.5,0.5,0.5,0.5,1,1.0,0.5,0.5,0.5,0.9,0.5,1.0,1.5,4.5,0.5,0.5,0.5,2.0,0.5,0.5,0.0,0.6519202405202649,2.0,5.0,pauri garhwal,NORMAL,0.0,0.0,,,,,,,,,,,,,,,,NORMAL,0.964920634920635,96.49,EXTREME
6376,Jhala_1,Uttarakhand,57,Uttarkashi,31.01533333,78.71222222,2025-05-12,0.5,0.5,1,2025,5,132,0.5,0.5,0.5,0.0,0.5,0.5,0.5,0.5,1,1.0,1.1666666666666667,1.125,1.125,0.7727272727272727,3.5,4.5,4.5,8.5,1.5,1.5,1.5,1.5,0.5,0.5,0.478713553878169,0.4100997661323968,4.0,11.0,uttarkashi,NORMAL,0.0,0.0,,,,,,,,,,,,,,,,NORMAL,0.9783333333333334,97.83,EXTREME
6372,Baijnath (Gomti),Uttarakhand,46,Bageshwar,29.90822222,79.61769444,2025-05-12,0.5,0.5,1,2025,5,132,0.5,0.5,0.5,0.0,0.5,0.5,0.5,0.5,1,1.0,1.0,3.8333333333333335,3.5,30.714285714285715,2.0,11.5,14.0,215.0,1.5,9.5,9.5,192.0,8.0,192.0,4.932882862316247,71.217891679255,3.0,7.0,bageshwar,NORMAL,0.0,0.0,,,,,,,,,,,,,,,,NORMAL,0.9487442123094297,94.87,EXTREME
6375,Nainital_1,Uttarakhand,51,Nainital,29.39530278,79.46232778,2025-05-12,0.5,0.5,1,2025,5,132,0.5,0.5,0.5,0.0,0.5,0.5,0.5,0.5,1,1.0,1.25,1.25,1.0,2.583333333333333,2.5,2.5,4.0,15.5,2.0,2.0,2.0,10.0,1.0,5.0,1.0606601717798212,3.679900360969936,2.0,6.0,nainital,NORMAL,0.0,0.0,,,,,,,,,,,,,,,,NORMAL,0.9657239057239057,96.57,EXTREME
6374,Haldwani_1,Uttarakhand,51,Nainital,29.214725,79.52400278,2025-05-12,0.5,0.5,1,2025,5,132,0.5,0.5,0.5,0.0,0.5,0.5,0.5,0.5,1,1.0,0.5,0.5,7.0,6.4,0.5,0.5,21.0,32.0,0.5,0.5,12.0,12.0,0.5,8.0,0.0,5.308012810836131,1.0,5.0,nainital,NORMAL,0.0,0.0,,,,,,,,,,,,,,,,NORMAL,0.9301299408652351,93.01,EXTREME
6373,Chakrata,Uttarakhand,49,Dehradun,30.76115556,77.86502778,2025-05-12,0.5,0.5,1,2025,5,132,0.5,0.5,0.5,0.0,0.5,0.5,0.5,0.5,1,1.0,4.25,5.4,4.6875,5.15,8.5,27.0,37.5,51.5,8.0,16.5,16.5,16.5,8.0,8.0,6.9498201415576215,5.446966536012897,5.0,10.0,dehradun,NORMAL,0.0,0.0,,,,,,,,,,,,,,,,NORMAL,0.8114750773508209,81.15,EXTREME
6377,Basukedar,Uttarakhand,54,Rudraprayag,30.43919444,79.05633333,2025-05-13,7.0,3.5,4,2025,5,133,7.0,7.0,7.0,0.0,7.0,3.5,3.5,3.5,4,4.0,7.0,15.0,20.58333333333333,15.11111111111111,7.0,45.0,123.5,136.0,7.0,37.5,37.5,37.5,14.5,23.0,19.75474626513841,14.06631121193866,3.0,9.0,rudraprayag,NORMAL,0.0,1.0,,,,,,,,,,,,,,,,NORMAL,0.9760185185185185,97.6,EXTREME
6378,Dugadda (Khoh),Uttarakhand,52,PAURI GARHWAL,29.75108333,78.52341667,2025-05-14,0.5,0.5,1,2025,5,134,0.5,0.5,0.5,0.0,0.5,0.5,0.5,0.5,1,1.0,0.5,0.5,0.5,0.6,0.5,1.0,2.0,3.0,0.5,0.5,0.5,1.0,0.5,0.5,0.0,0.2236067977499788,2.0,5.0,pauri garhwal,NORMAL,0.0,0.0,,,,,,,,,,,,,,,,NORMAL,0.9534598109444817,95.35,EXTREME
6379,Guptkashi_1,Uttarakhand,54,Rudraprayag,30.52863889,79.08508333,2025-05-14,0.5,0.5,1,2025,5,134,0.5,0.5,0.5,0.0,0.5,0.5,0.5,0.5,1,1.0,0.5,0.5,0.5714285714285714,0.7222222222222222,0.5,1.5,4.0,6.5,0.5,0.5,1.0,2.0,0.5,0.5,0.0,0.5068968775254985,3.0,9.0,rudraprayag,NORMAL,0.0,1.0,,,,,,,,,,,,,,,,NORMAL,0.9539308532287255,95.39,EXTREME
6380,Lamgara,Uttarakhand,45,Almora,29.53866667,79.74994444,2025-05-15,0.5,0.5,1,2025,5,135,0.5,0.5,0.5,0.0,0.5,0.5,0.5,0.5,1,1.0,0.5,0.5,0.6666666666666666,0.6666666666666666,0.5,1.0,2.0,2.0,0.5,0.5,1.0,1.0,0.5,0.5,0.0,0.2886751345949149,2.0,3.0,almora,NORMAL,0.0,0.0,,,,,,,,,,,,,,,,NORMAL,0.9388068995943354,93.88,EXTREME
6382,Kapkot (Saryu),Uttarakhand,46,Bageshwar,29.94516667,79.9025,2025-05-15,10.5,4.0,5,2025,5,135,10.5,10.5,10.5,0.0,10.5,4.0,4.0,4.0,5,5.0,10.5,4.0,5.0,5.111111111111111,10.5,12.0,30.0,46.0,10.5,10.5,10.5,12.0,4.0,4.5,5.634713834792322,4.211426256164474,3.0,9.0,bageshwar,NORMAL,0.0,0.0,,,,,,,,,,,,,,,,NORMAL,0.9913992673992675,99.14,EXTREME
6384,Purola_1,Uttarakhand,57,Uttarkashi,30.91291667,78.10388889,2025-05-15,63.5,63.5,1,2025,5,135,63.5,63.5,63.5,0.0,63.5,63.5,63.5,63.5,1,1.0,63.5,63.5,63.5,63.5,63.5,63.5,63.5,63.5,63.5,63.5,63.5,63.5,63.5,63.5,0.0,0.0,1.0,1.0,uttarkashi,NORMAL,0.0,0.0,,,,,,,,,,,,,,,,NORMAL,0.9281259018759018,92.81,EXTREME
6383,Basukedar,Uttarakhand,54,Rudraprayag,30.43919444,79.05633333,2025-05-15,2.5,2.0,2,2025,5,135,2.5,2.5,2.5,0.0,2.5,2.0,2.0,2.0,2,2.0,4.75,11.875,18.0,13.85,9.5,47.5,126.0,138.5,7.0,37.5,37.5,37.5,14.5,23.0,17.298241721824407,13.848485677342332,4.0,10.0,rudraprayag,NORMAL,0.0,1.0,,,,,,,,,,,,,,,,NORMAL,0.9507352092352093,95.07,EXTREME
6381,Baijnath (Gomti),Uttarakhand,46,Bageshwar,29.90822222,79.61769444,2025-05-15,6.5,5.0,2,2025,5,135,6.5,6.5,6.5,0.0,6.5,5.0,5.0,5.0,2,2.0,6.5,2.833333333333333,4.1,4.214285714285714,6.5,8.5,20.5,29.5,6.5,6.5,9.5,9.5,5.0,8.0,3.214550253664318,3.860668582611971,3.0,7.0,bageshwar,NORMAL,0.0,0.0,,,,,,,,,,,,,,,,NORMAL,0.9090387181817152,90.9,EXTREME
6385,Kapkot (Saryu),Uttarakhand,46,Bageshwar,29.94516667,79.9025,2025-05-16,3.0,1.5,2,2025,5,136,3.0,3.0,3.0,0.0,3.0,1.5,1.5,1.5,2,2.0,6.75,3.75,4.714285714285714,4.9,13.5,15.0,33.0,49.0,10.5,10.5,10.5,12.0,4.0,4.5,4.627814458971607,4.026302411780748,4.0,10.0,bageshwar,NORMAL,0.0,0.0,,,,,,,,,,,,,,,,NORMAL,0.9031184391853494,90.31,EXTREME
6388,Basukedar,Uttarakhand,54,Rudraprayag,30.43919444,79.05633333,2025-05-16,12.0,11.0,3,2025,5,136,12.0,12.0,12.0,0.0,12.0,11.0,11.0,11.0,3,3.0,7.25,14.75,17.25,13.681818181818182,14.5,59.0,138.0,150.5,12.0,37.5,37.5,37.5,14.5,23.0,15.65513760186519,13.149662975287104,4.0,11.0,rudraprayag,NORMAL,0.0,1.0,,,,,,,,,,,,,,,,NORMAL,0.8801987800007252,88.02,EXTREME
6386,Danda_1,Uttarakhand,48,Champawat,29.15927778,80.10852778,2025-05-16,0.5,0.5,1,2025,5,136,0.5,0.5,0.5,0.0,0.5,0.5,0.5,0.5,1,1.0,0.5,1.0,5.0,7.142857142857143,0.5,2.0,20.0,50.0,0.5,1.5,17.5,28.5,1.5,23.5,0.7071067811865476,11.2942252416677,2.0,7.0,champawat,NORMAL,0.0,0.0,,,,,,,,,,,,,,,,NORMAL,0.7998579355495926,79.99,VERY HIGH
6387,Tanakpur_1,Uttarakhand,48,Champawat,29.07222222,80.1175,2025-05-16,1.0,0.5,2,2025,5,136,1.0,1.0,1.0,0.0,1.0,0.5,0.5,0.5,2,2.0,1.0,1.0,1.0,0.9,1.0,1.0,3.0,4.5,1.0,1.0,1.5,1.5,0.5,1.5,0.0,0.4183300132669708,1.0,5.0,champawat,NORMAL,0.0,0.0,,,,,,,,,,,,,,,,NORMAL,0.9716411109661572,97.16,EXTREME
6390,Purola_1,Uttarakhand,57,Uttarkashi,30.91291667,78.10388889,2025-05-16,160.0,160.0,1,2025,5,136,160.0,160.0,160.0,0.0,160.0,160.0,160.0,160.0,1,1.0,111.75,111.75,111.75,111.75,223.5,223.5,223.5,223.5,160.0,160.0,160.0,160.0,160.0,160.0,68.23580438450183,68.23580438450183,2.0,2.0,uttarkashi,NORMAL,0.0,0.0,,,,,,,,,,,,,,,,NORMAL,0.9500929053294084,95.01,EXTREME
6389,Gadarpur,Uttarakhand,56,UDHAM SINGH NAGAR,29.04324167,79.24461944,2025-05-16,4.0,2.0,2,2025,5,136,4.0,4.0,4.0,0.0,4.0,2.0,2.0,2.0,2,2.0,4.0,4.0,4.666666666666667,6.5,4.0,4.0,14.0,32.5,4.0,4.0,9.5,11.0,2.0,7.0,0.0,4.257346591481601,1.0,5.0,udham singh nagar,NORMAL,0.0,0.0,,,,,,,,,,,,,,,,NORMAL,0.9432858589858576,94.33,EXTREME
6396,Guptkashi_1,Uttarakhand,54,Rudraprayag,30.52863889,79.08508333,2025-05-17,1.0,0.5,2,2025,5,137,1.0,1.0,1.0,0.0,1.0,0.5,0.5,0.5,2,2.0,1.0,0.6666666666666666,0.5714285714285714,0.6111111111111112,1.0,2.0,4.0,5.5,1.0,1.0,1.0,1.0,0.5,0.5,0.2886751345948129,0.2204792759235384,3.0,9.0,rudraprayag,NORMAL,0.0,1.0,,,,,,,,,,,,,,,,NORMAL,0.9862396559187001,98.62,EXTREME
6392,Rithakhal,Uttarakhand,48,Champawat,29.44911111,79.882,2025-05-17,2.5,2.5,1,2025,5,137,2.5,2.5,2.5,0.0,2.5,2.5,2.5,2.5,1,1.0,2.5,3.25,3.625,6.5,2.5,6.5,14.5,32.5,2.5,4.0,5.5,18.0,2.5,11.0,1.0606601717798212,6.547900426854353,2.0,5.0,champawat,NORMAL,0.0,0.0,,,,,,,,,,,,,,,,NORMAL,0.8775248568167289,87.75,EXTREME
6395,Basukedar,Uttarakhand,54,Rudraprayag,30.43919444,79.05633333,2025-05-17,8.5,5.5,3,2025,5,137,8.5,8.5,8.5,0.0,8.5,5.5,5.5,5.5,3,3.0,7.666666666666667,7.5,15.8125,13.818181818181818,23.0,30.0,126.5,152.0,12.0,12.0,37.5,37.5,11.0,23.0,3.9370039370059136,13.08104110396556,4.0,11.0,rudraprayag,NORMAL,0.0,1.0,,,,,,,,,,,,,,,,NORMAL,0.7390363083978774,73.9,VERY HIGH
6394,Mukteshwar_1,Uttarakhand,51,Nainital,29.47413889,79.65119444,2025-05-17,7.0,3.5,2,2025,5,137,7.0,7.0,7.0,0.0,7.0,3.5,3.5,3.5,2,2.0,7.0,16.25,9.857142857142858,9.0625,7.0,32.5,69.0,72.5,7.0,25.5,29.0,29.0,14.0,14.0,13.08147545195113,11.428152894121956,2.0,8.0,nainital,NORMAL,0.0,0.0,,,,,,,,,,,,,,,,NORMAL,0.7944867388460369,79.45,VERY HIGH
6393,Chakrata,Uttarakhand,49,Dehradun,30.76115556,77.86502778,2025-05-17,2.5,2.0,2,2025,5,137,2.5,2.5,2.5,0.0,2.5,2.0,2.0,2.0,2,2.0,2.5,1.5,4.285714285714286,4.85,2.5,3.0,30.0,48.5,2.5,2.5,16.5,16.5,2.0,8.0,1.4142135623730951,5.50782271965166,2.0,10.0,dehradun,NORMAL,0.0,0.0,,,,,,,,,,,,,,,,NORMAL,0.8264420095074992,82.64,EXTREME
6391,Baijnath (Gomti),Uttarakhand,46,Bageshwar,29.90822222,79.61769444,2025-05-17,8.5,8.0,2,2025,5,137,8.5,8.5,8.5,0.0,8.5,8.0,8.0,8.0,2,2.0,7.5,4.25,5.3,4.214285714285714,15.0,17.0,26.5,29.5,8.5,8.5,9.5,9.5,8.0,8.0,3.8622100754188224,3.860668582611971,4.0,7.0,bageshwar,NORMAL,0.0,0.0,,,,,,,,,,,,,,,,NORMAL,0.798902060052663,79.89,VERY HIGH
6397,Basukedar,Uttarakhand,54,Rudraprayag,30.43919444,79.05633333,2025-05-18,7.5,6.5,3,2025,5,138,7.5,7.5,7.5,0.0,7.5,6.5,6.5,6.5,3,3.0,9.333333333333334,7.5,12.875,14.181818181818182,28.0,37.5,103.0,156.0,12.0,12.0,37.5,37.5,11.0,23.0,3.409545424246471,12.818488068553034,5.0,11.0,rudraprayag,NORMAL,0.0,1.0,,,,,,,,,,,,,,,,NORMAL,0.9613253405918899,96.13,EXTREME
6398,Gadarpur,Uttarakhand,56,UDHAM SINGH NAGAR,29.04324167,79.24461944,2025-05-18,2.5,1.0,3,2025,5,138,2.5,2.5,2.5,0.0,2.5,1.0,1.0,1.0,3,3.0,3.25,3.25,5.333333333333333,4.8,6.5,6.5,16.0,24.0,4.0,4.0,9.5,9.5,2.0,7.0,1.0606601717798212,3.6674241641784495,2.0,5.0,udham singh nagar,NORMAL,0.0,0.0,,,,,,,,,,,,,,,,NORMAL,0.9645785832914249,96.46,EXTREME
6399,Lamgara,Uttarakhand,45,Almora,29.53866667,79.74994444,2025-05-19,1.0,0.5,2,2025,5,139,1.0,1.0,1.0,0.0,1.0,0.5,0.5,0.5,2,2.0,1.0,0.75,0.6666666666666666,0.75,1.0,1.5,2.0,3.0,1.0,1.0,1.0,1.0,0.5,0.5,0.3535533905932738,0.2886751345948806,2.0,4.0,almora,NORMAL,0.0,0.0,,,,,,,,,,,,,,,,NORMAL,0.9566186045382594,95.66,EXTREME
6401,Basukedar,Uttarakhand,54,Rudraprayag,30.43919444,79.05633333,2025-05-19,1.5,0.5,3,2025,5,139,1.5,1.5,1.5,0.0,1.5,0.5,0.5,0.5,3,3.0,5.833333333333333,6.5,11.61111111111111,14.136363636363637,17.5,39.0,104.5,155.5,8.5,12.0,37.5,37.5,11.0,23.0,3.911521443121594,12.86680012491628,6.0,11.0,rudraprayag,NORMAL,0.0,1.0,,,,,,,,,,,,,,,,NORMAL,0.7139449948644652,71.39,VERY HIGH
6400,Kapkot (Saryu),Uttarakhand,46,Bageshwar,29.94516667,79.9025,2025-05-19,1.5,1.5,1,2025,5,139,1.5,1.5,1.5,0.0,1.5,1.5,1.5,1.5,1,1.0,1.5,5.0,3.3,4.75,1.5,15.0,16.5,47.5,1.5,10.5,10.5,12.0,4.0,4.5,4.8218253804964775,4.13151841874689,3.0,10.0,bageshwar,NORMAL,0.0,0.0,,,,,,,,,,,,,,,,NORMAL,0.9010957199221301,90.11,EXTREME
6402,Guptkashi_1,Uttarakhand,54,Rudraprayag,30.52863889,79.08508333,2025-05-19,39.0,39.0,1,2025,5,139,39.0,39.0,39.0,0.0,39.0,39.0,39.0,39.0,1,1.0,20.0,13.5,7.0,4.888888888888889,40.0,40.5,42.0,44.0,39.0,39.0,39.0,39.0,39.0,39.0,22.085062825357777,12.79349878301912,3.0,9.0,rudraprayag,NORMAL,0.0,1.0,,,,,,,,,,,,,,,,NORMAL,0.9106017449890271,91.06,EXTREME
6404,Guptkashi_1,Uttarakhand,54,Rudraprayag,30.52863889,79.08508333,2025-05-20,0.5,0.5,1,2025,5,140,0.5,0.5,0.5,0.0,0.5,0.5,0.5,0.5,1,1.0,19.75,10.25,6.071428571428571,4.45,39.5,41.0,42.5,44.5,39.0,39.0,39.0,39.0,39.0,39.0,19.16811588724011,12.141412145582136,4.0,10.0,rudraprayag,NORMAL,0.0,1.0,,,,,,,,,,,,,,,,NORMAL,0.9162475955707805,91.62,EXTREME
6403,Lamgara,Uttarakhand,45,Almora,29.53866667,79.74994444,2025-05-20,0.5,0.5,1,2025,5,140,0.5,0.5,0.5,0.0,0.5,0.5,0.5,0.5,1,1.0,0.75,0.6666666666666666,0.625,0.7,1.5,2.0,2.5,3.5,1.0,1.0,1.0,1.0,0.5,0.5,0.2886751345948128,0.2738612787526367,3.0,5.0,almora,NORMAL,0.0,0.0,,,,,,,,,,,,,,,,NORMAL,0.9163577227048953,91.64,EXTREME
6412,Khanpur_5,Uttarakhand,50,Haridwar,29.641375,78.00678611,2025-05-21,0.5,0.5,1,2025,5,141,0.5,0.5,0.5,0.0,0.5,0.5,0.5,0.5,1,1.0,0.5,0.5,0.5,0.5,0.5,0.5,0.5,1.0,0.5,0.5,0.5,0.5,0.5,0.5,0.0,0.0,1.0,2.0,haridwar,NORMAL,0.0,0.0,,,,,,,,,,,,,,,,NORMAL,0.9165349553365727,91.65,EXTREME
6407,Danda_1,Uttarakhand,48,Champawat,29.15927778,80.10852778,2025-05-21,17.0,5.5,6,2025,5,141,17.0,17.0,17.0,0.0,17.0,5.5,5.5,5.5,6,6.0,17.0,8.75,6.333333333333333,10.916666666666666,17.0,17.5,19.0,65.5,17.0,17.0,17.0,28.5,5.5,23.5,11.667261889578034,11.791593050418026,2.0,6.0,champawat,NORMAL,0.0,0.0,,,,,,,,,,,,,,,,NORMAL,0.9297530535518617,92.98,EXTREME
6417,Gadarpur,Uttarakhand,56,UDHAM SINGH NAGAR,29.04324167,79.24461944,2025-05-21,7.0,1.5,6,2025,5,141,7.0,7.0,7.0,0.0,7.0,1.5,1.5,1.5,6,6.0,7.0,4.5,4.5,4.7,7.0,13.5,13.5,23.5,7.0,7.0,7.0,9.5,2.0,4.5,2.29128784747792,3.5812009158939966,3.0,5.0,udham singh nagar,NORMAL,0.0,0.0,,,,,,,,,,,,,,,,NORMAL,0.95124101488226,95.12,EXTREME
6405,Lamgara,Uttarakhand,45,Almora,29.53866667,79.74994444,2025-05-21,4.5,0.5,9,2025,5,141,4.5,4.5,4.5,0.0,4.5,0.5,0.5,0.5,9,9.0,2.0,1.625,1.4,1.3333333333333333,6.0,6.5,7.0,8.0,4.5,4.5,4.5,4.5,0.5,0.5,1.9311050377094112,1.57056253191864,4.0,6.0,almora,NORMAL,0.0,0.0,,,,,,,,,,,,,,,,NORMAL,0.8695058220584709,86.95,EXTREME
6411,Dakpathar,Uttarakhand,49,Dehradun,30.49866667,77.79744444,2025-05-21,1.0,0.5,2,2025,5,141,1.0,1.0,1.0,0.0,1.0,0.5,0.5,0.5,2,2.0,1.0,1.0,3.25,6.888888888888889,1.0,1.0,13.0,62.0,1.0,1.0,10.5,26.0,0.5,13.5,0.0,9.082186471941164,1.0,9.0,dehradun,NORMAL,0.0,0.0,,,,,,,,,,,,,,,,NORMAL,0.9123807707317659,91.24,EXTREME
6416,Basukedar,Uttarakhand,54,Rudraprayag,30.43919444,79.05633333,2025-05-21,6.0,5.5,2,2025,5,141,6.0,6.0,6.0,0.0,6.0,5.5,5.5,5.5,2,2.0,3.75,6.333333333333333,9.22222222222222,13.458333333333334,7.5,38.0,83.0,161.5,6.0,12.0,37.5,37.5,11.0,23.0,3.9072582032247,12.49082996975515,6.0,12.0,rudraprayag,NORMAL,0.0,1.0,,,,,,,,,,,,,,,,NORMAL,0.9680188636029663,96.8,EXTREME
6414,Haldwani_1,Uttarakhand,51,Nainital,29.214725,79.52400278,2025-05-21,20.5,15.5,2,2025,5,141,20.5,20.5,20.5,0.0,20.5,15.5,15.5,15.5,2,2.0,20.5,20.5,10.5,10.375,20.5,20.5,21.0,41.5,20.5,20.5,20.5,20.5,15.5,15.5,0.0,8.290305583431007,1.0,4.0,nainital,NORMAL,0.0,0.0,,,,,,,,,,,,,,,,NORMAL,0.8383773690836355,83.84,EXTREME
6413,Roorkee_2,Uttarakhand,50,Haridwar,29.86771944,77.88415556,2025-05-21,9.0,7.0,3,2025,5,141,9.0,9.0,9.0,0.0,9.0,7.0,7.0,7.0,3,3.0,9.0,9.0,7.0,10.5,9.0,9.0,14.0,52.5,9.0,9.0,9.0,24.0,7.0,12.0,0.0,7.92148975887743,1.0,5.0,haridwar,NORMAL,0.0,0.0,,,,,,,,,,,,,,,,NORMAL,0.9337111969208155,93.37,EXTREME
6406,Baijnath (Gomti),Uttarakhand,46,Bageshwar,29.90822222,79.61769444,2025-05-21,8.0,7.5,2,2025,5,141,8.0,8.0,8.0,0.0,8.0,7.5,7.5,7.5,2,2.0,8.0,7.666666666666667,5.0,5.285714285714286,8.0,23.0,25.0,37.0,8.0,8.5,8.5,9.5,8.0,8.0,1.0408329997330643,3.695235026999912,3.0,7.0,bageshwar,NORMAL,0.0,0.0,,,,,,,,,,,,,,,,NORMAL,0.9788530529238384,97.89,EXTREME
6415,Mukteshwar_1,Uttarakhand,51,Nainital,29.47413889,79.65119444,2025-05-21,49.5,12.0,9,2025,5,141,49.5,49.5,49.5,0.0,49.5,12.0,12.0,12.0,9,9.0,49.5,28.25,22.6,13.555555555555555,49.5,56.5,113.0,122.0,49.5,49.5,49.5,49.5,12.0,14.0,30.05203820042827,17.20364141040429,2.0,9.0,nainital,NORMAL,0.0,0.0,,,,,,,,,,,,,,,,NORMAL,0.9850560215332111,98.51,EXTREME
6410,Chakrata,Uttarakhand,49,Dehradun,30.76115556,77.86502778,2025-05-21,0.5,0.5,1,2025,5,141,0.5,0.5,0.5,0.0,0.5,0.5,0.5,0.5,1,1.0,0.5,1.5,4.916666666666667,4.05,0.5,3.0,29.5,40.5,0.5,2.5,16.5,16.5,2.0,8.0,1.4142135623730951,5.499747468950017,2.0,10.0,dehradun,NORMAL,0.0,0.0,,,,,,,,,,,,,,,,NORMAL,0.9217046997199835,92.17,EXTREME
6408,Rithakhal,Uttarakhand,48,Champawat,29.44911111,79.882,2025-05-21,5.5,4.0,3,2025,5,141,5.5,5.5,5.5,0.0,5.5,4.0,4.0,4.0,3,3.0,5.5,4.0,4.375,6.333333333333333,5.5,8.0,17.5,38.0,5.5,5.5,5.5,18.0,4.0,11.0,2.1213203435596424,5.87083185474309,2.0,6.0,champawat,NORMAL,0.0,0.0,,,,,,,,,,,,,,,,NORMAL,0.969188566661112,96.92,EXTREME
6409,Tanakpur_1,Uttarakhand,48,Champawat,29.07222222,80.1175,2025-05-21,1.0,0.5,2,2025,5,141,1.0,1.0,1.0,0.0,1.0,0.5,0.5,0.5,2,2.0,1.0,1.0,1.0,1.0,1.0,2.0,2.0,4.0,1.0,1.0,1.0,1.5,0.5,1.5,0.0,0.4082482904637722,2.0,4.0,champawat,NORMAL,0.0,0.0,,,,,,,,,,,,,,,,NORMAL,0.9584727719187665,95.85,EXTREME
6418,Lamgara,Uttarakhand,45,Almora,29.53866667,79.74994444,2025-05-22,2.0,0.5,4,2025,5,142,2.0,2.0,2.0,0.0,2.0,0.5,0.5,0.5,4,4.0,2.333333333333333,2.0,1.5,1.4285714285714286,7.0,8.0,9.0,10.0,4.5,4.5,4.5,4.5,0.5,0.5,1.7795130420052183,1.4556948921555086,4.0,7.0,almora,NORMAL,0.0,0.0,,,,,,,,,,,,,,,,NORMAL,0.8294656546007656,82.95,EXTREME
6419,Kapkot (Saryu),Uttarakhand,46,Bageshwar,29.94516667,79.9025,2025-05-22,0.5,0.5,1,2025,5,142,0.5,0.5,0.5,0.0,0.5,0.5,0.5,0.5,1,1.0,0.5,1.6666666666666667,2.833333333333333,4.7,0.5,5.0,17.0,47.0,0.5,3.0,10.5,12.0,1.5,4.5,1.2583057392117916,4.184627953726768,3.0,10.0,bageshwar,NORMAL,0.0,0.0,,,,,,,,,,,,,,,,NORMAL,0.8988726150631692,89.89,EXTREME
6420,Srinagar_2,Uttarakhand,52,PAURI GARHWAL,30.23581944,78.81720278,2025-05-22,0.5,0.5,1,2025,5,142,0.5,0.5,0.5,0.0,0.5,0.5,0.5,0.5,1,1.0,0.5,0.5,0.5,1.0,0.5,0.5,0.5,2.0,0.5,0.5,0.5,1.5,0.5,0.5,0.0,0.7071067811865476,1.0,2.0,pauri garhwal,NORMAL,0.0,0.0,,,,,,,,,,,,,,,,NORMAL,0.9733818632545346,97.34,EXTREME
6421,Sitarganj_1,Uttarakhand,56,UDHAM SINGH NAGAR,28.92971389,79.703,2025-05-22,34.0,34.0,1,2025,5,142,34.0,34.0,34.0,0.0,34.0,34.0,34.0,34.0,1,1.0,34.0,34.0,34.0,34.0,34.0,34.0,34.0,34.0,34.0,34.0,34.0,34.0,34.0,34.0,0.0,0.0,1.0,1.0,udham singh nagar,NORMAL,0.0,0.0,,,,,,,,,,,,,,,,NORMAL,0.9819736015043632,98.2,EXTREME
6422,Lamgara,Uttarakhand,45,Almora,29.53866667,79.74994444,2025-05-23,1.5,0.5,3,2025,5,143,1.5,1.5,1.5,0.0,1.5,0.5,0.5,0.5,3,3.0,2.6666666666666665,1.9,1.5,1.4375,8.0,9.5,10.5,11.5,4.5,4.5,4.5,4.5,0.5,0.5,1.5572411502397436,1.3479481761975505,5.0,8.0,almora,NORMAL,0.0,0.0,,,,,,,,,,,,,,,,NORMAL,0.9790052235867175,97.9,EXTREME
6425,Yamuna Colony,Uttarakhand,49,Dehradun,30.33775278,78.03311667,2025-05-23,57.0,57.0,1,2025,5,143,57.0,57.0,57.0,0.0,57.0,57.0,57.0,57.0,1,1.0,57.0,57.0,57.0,57.0,57.0,57.0,57.0,57.0,57.0,57.0,57.0,57.0,57.0,57.0,0.0,0.0,1.0,1.0,dehradun,NORMAL,0.0,0.0,,,,,,,,,,,,,,,,NORMAL,0.9683907313365476,96.84,EXTREME
6423,Chakrata,Uttarakhand,49,Dehradun,30.76115556,77.86502778,2025-05-23,1.0,1.0,1,2025,5,143,1.0,1.0,1.0,0.0,1.0,1.0,1.0,1.0,1,1.0,0.75,1.3333333333333333,2.5,3.772727272727273,1.5,4.0,12.5,41.5,1.0,2.5,8.0,16.5,2.0,8.0,1.0408329997330663,5.297941281118707,3.0,11.0,dehradun,NORMAL,0.0,0.0,,,,,,,,,,,,,,,,NORMAL,0.9787500395584104,97.88,EXTREME
6424,Doiwala (Bhogpur),Uttarakhand,49,Dehradun,30.22270833,78.23418611,2025-05-23,0.5,0.5,1,2025,5,143,0.5,0.5,0.5,0.0,0.5,0.5,0.5,0.5,1,1.0,0.5,0.5,0.5,0.5,0.5,0.5,0.5,0.5,0.5,0.5,0.5,0.5,0.5,0.5,0.0,0.0,1.0,1.0,dehradun,NORMAL,0.0,0.0,,,,,,,,,,,,,,,,NORMAL,0.9021648426758433,90.22,EXTREME
6428,Kapkot (Saryu),Uttarakhand,46,Bageshwar,29.94516667,79.9025,2025-05-24,10.5,3.0,8,2025,5,144,10.5,10.5,10.5,0.0,10.5,3.0,3.0,3.0,8,8.0,5.5,4.166666666666667,4.416666666666667,5.227272727272728,11.0,12.5,26.5,57.5,10.5,10.5,10.5,12.0,3.0,4.5,5.507570547286102,4.337992832887364,3.0,11.0,bageshwar,NORMAL,0.0,0.0,,,,,,,,,,,,,,,,NORMAL,0.9881601195643759,98.82,EXTREME
6426,Lamgara,Uttarakhand,45,Almora,29.53866667,79.74994444,2025-05-24,2.0,0.5,4,2025,5,144,2.0,2.0,2.0,0.0,2.0,0.5,0.5,0.5,4,4.0,1.8333333333333333,1.9166666666666667,1.5625,1.5,5.5,11.5,12.5,13.5,2.0,4.5,4.5,4.5,0.5,0.5,1.3934369977385652,1.274754878398202,6.0,9.0,almora,NORMAL,0.0,0.0,,,,,,,,,,,,,,,,NORMAL,0.9319345676221746,93.19,EXTREME
6427,Baijnath (Gomti),Uttarakhand,46,Bageshwar,29.90822222,79.61769444,2025-05-24,18.5,13.0,4,2025,5,144,18.5,18.5,18.5,0.0,18.5,13.0,13.0,13.0,4,4.0,18.5,13.25,7.25,6.9375,18.5,26.5,43.5,55.5,18.5,18.5,18.5,18.5,13.0,13.0,7.424621202458749,5.790617410950604,2.0,8.0,bageshwar,NORMAL,0.0,0.0,,,,,,,,,,,,,,,,NORMAL,0.6634286169577797,66.34,VERY HIGH
6431,Basukedar,Uttarakhand,54,Rudraprayag,30.43919444,79.05633333,2025-05-24,93.0,44.5,7,2025,5,144,93.0,93.0,93.0,0.0,93.0,44.5,44.5,44.5,7,7.0,93.0,27.0,17.25,19.57692307692308,93.0,108.0,138.0,254.5,93.0,93.0,93.0,93.0,44.5,44.5,44.073801742078025,25.093862259064927,4.0,13.0,rudraprayag,NORMAL,0.0,1.0,,,,,,,,,,,,,,,,NORMAL,0.7831624046436534,78.32,VERY HIGH
6430,Mukteshwar_1,Uttarakhand,51,Nainital,29.47413889,79.65119444,2025-05-24,6.0,5.0,3,2025,5,144,6.0,6.0,6.0,0.0,6.0,5.0,5.0,5.0,3,3.0,6.0,27.75,22.0,12.8,6.0,55.5,88.0,128.0,6.0,49.5,49.5,49.5,12.0,14.0,30.759144981614817,16.39478236784156,2.0,10.0,nainital,NORMAL,0.0,0.0,,,,,,,,,,,,,,,,NORMAL,0.7447983647458704,74.48,VERY HIGH
6429,Danda_1,Uttarakhand,48,Champawat,29.15927778,80.10852778,2025-05-24,18.5,16.5,3,2025,5,144,18.5,18.5,18.5,0.0,18.5,16.5,16.5,16.5,3,3.0,18.5,17.75,9.375,12.0,18.5,35.5,37.5,84.0,18.5,18.5,18.5,28.5,16.5,23.5,1.0606601717798212,11.139269874337964,2.0,7.0,champawat,NORMAL,0.0,0.0,,,,,,,,,,,,,,,,NORMAL,0.976086675880195,97.61,EXTREME
6432,Guptkashi_1,Uttarakhand,54,Rudraprayag,30.52863889,79.08508333,2025-05-24,1.0,0.5,2,2025,5,144,1.0,1.0,1.0,0.0,1.0,0.5,0.5,0.5,2,2.0,1.0,13.5,7.083333333333333,4.136363636363637,1.0,40.5,42.5,45.5,1.0,39.0,39.0,39.0,39.0,39.0,22.085062825357777,11.565230021687675,3.0,11.0,rudraprayag,NORMAL,0.0,1.0,,,,,,,,,,,,,,,,NORMAL,0.9590226055711921,95.9,EXTREME
6440,Doiwala (Bhogpur),Uttarakhand,49,Dehradun,30.22270833,78.23418611,2025-05-25,168.5,168.5,1,2025,5,145,168.5,168.5,168.5,0.0,168.5,168.5,168.5,168.5,1,1.0,84.5,84.5,84.5,84.5,169.0,169.0,169.0,169.0,168.5,168.5,168.5,168.5,168.5,168.5,118.79393923933998,118.79393923933998,2.0,2.0,dehradun,NORMAL,0.0,0.0,,,,,,,,,,,,,,,,NORMAL,0.9751587345863855,97.52,EXTREME
6443,Roorkee_2,Uttarakhand,50,Haridwar,29.86771944,77.88415556,2025-05-25,23.5,14.0,6,2025,5,145,23.5,23.5,23.5,0.0,23.5,14.0,14.0,14.0,6,6.0,23.5,16.25,16.25,12.666666666666666,23.5,32.5,32.5,76.0,23.5,23.5,23.5,24.0,14.0,14.0,10.253048327204938,8.852494940222597,2.0,6.0,haridwar,NORMAL,0.0,0.0,,,,,,,,,,,,,,,,NORMAL,0.9246966233618569,92.47,EXTREME
6435,Kapkot (Saryu),Uttarakhand,46,Bageshwar,29.94516667,79.9025,2025-05-25,67.0,24.5,9,2025,5,145,67.0,67.0,67.0,0.0,67.0,24.5,24.5,24.5,9,9.0,38.75,19.875,15.5,10.375,77.5,79.5,93.0,124.5,67.0,67.0,67.0,67.0,24.5,24.5,31.73687392713193,18.30564369010528,4.0,12.0,bageshwar,NORMAL,0.0,0.0,,,,,,,,,,,,,,,,NORMAL,0.8304643014392732,83.05,EXTREME
6441,Khanpur_5,Uttarakhand,50,Haridwar,29.641375,78.00678611,2025-05-25,14.5,9.0,2,2025,5,145,14.5,14.5,14.5,0.0,14.5,9.0,9.0,9.0,2,2.0,14.5,7.5,7.5,5.166666666666667,14.5,15.0,15.0,15.5,14.5,14.5,14.5,14.5,9.0,9.0,9.899494936611664,8.082903768654761,2.0,3.0,haridwar,NORMAL,0.0,0.0,,,,,,,,,,,,,,,,NORMAL,0.8515467541717543,85.15,EXTREME
6436,Danda_1,Uttarakhand,48,Champawat,29.15927778,80.10852778,2025-05-25,10.0,10.0,1,2025,5,145,10.0,10.0,10.0,0.0,10.0,10.0,10.0,10.0,1,1.0,14.25,15.166666666666666,11.5,11.75,28.5,45.5,46.0,94.0,18.5,18.5,18.5,28.5,16.5,23.5,4.536885862938733,10.337172865786023,3.0,8.0,champawat,NORMAL,0.0,0.0,,,,,,,,,,,,,,,,NORMAL,0.9297350368284104,92.97,EXTREME
6448,Jhala_1,Uttarakhand,57,Uttarkashi,31.01533333,78.71222222,2025-05-25,3.0,1.0,5,2025,5,145,3.0,3.0,3.0,0.0,3.0,1.0,1.0,1.0,5,5.0,3.0,3.0,1.75,1.3333333333333333,3.0,3.0,3.5,8.0,3.0,3.0,3.0,3.0,1.0,1.0,0.0,0.9309493362512922,1.0,6.0,uttarkashi,NORMAL,0.0,0.0,,,,,,,,,,,,,,,,NORMAL,0.8078123350028947,80.78,EXTREME
6445,Mukteshwar_1,Uttarakhand,51,Nainital,29.47413889,79.65119444,2025-05-25,21.0,3.5,9,2025,5,145,21.0,21.0,21.0,0.0,21.0,3.5,3.5,3.5,9,9.0,13.5,25.5,20.875,13.545454545454543,27.0,76.5,83.5,149.0,21.0,49.5,49.5,49.5,12.0,14.0,22.096379793984354,15.748737323122985,3.0,11.0,nainital,NORMAL,0.0,0.0,,,,,,,,,,,,,,,,NORMAL,0.828354847022175,82.84,EXTREME
6437,Rithakhal,Uttarakhand,48,Champawat,29.44911111,79.882,2025-05-25,16.5,3.5,7,2025,5,145,16.5,16.5,16.5,0.0,16.5,3.5,3.5,3.5,7,7.0,16.5,11.0,8.166666666666666,7.785714285714286,16.5,22.0,24.5,54.5,16.5,16.5,16.5,18.0,4.0,11.0,7.7781745930520225,6.5945504197098135,2.0,7.0,champawat,NORMAL,0.0,0.0,,,,,,,,,,,,,,,,NORMAL,0.97142196825138,97.14,EXTREME
6434,Baijnath (Gomti),Uttarakhand,46,Bageshwar,29.90822222,79.61769444,2025-05-25,6.5,2.5,6,2025,5,145,6.5,6.5,6.5,0.0,6.5,2.5,2.5,2.5,6,6.0,12.5,11.0,8.083333333333334,6.888888888888889,25.0,33.0,48.5,62.0,18.5,18.5,18.5,18.5,13.0,13.0,6.5383484153110105,5.418589402336632,3.0,9.0,bageshwar,NORMAL,0.0,0.0,,,,,,,,,,,,,,,,NORMAL,0.9426047200269918,94.26,EXTREME
6446,Basukedar,Uttarakhand,54,Rudraprayag,30.43919444,79.05633333,2025-05-25,2.5,1.5,2,2025,5,145,2.5,2.5,2.5,0.0,2.5,1.5,1.5,1.5,2,2.0,47.75,25.75,15.61111111111111,18.357142857142858,95.5,103.0,140.5,257.0,93.0,93.0,93.0,93.0,44.5,44.5,44.874825904954776,24.53759170320932,4.0,14.0,rudraprayag,NORMAL,0.0,1.0,,,,,,,,,,,,,,,,NORMAL,0.9352719067424952,93.53,EXTREME
6438,Chakrata,Uttarakhand,49,Dehradun,30.76115556,77.86502778,2025-05-25,14.5,8.0,8,2025,5,145,14.5,14.5,14.5,0.0,14.5,8.0,8.0,8.0,8,8.0,7.75,5.333333333333333,3.8,4.666666666666667,15.5,16.0,19.0,56.0,14.5,14.5,14.5,16.5,8.0,8.0,7.942501704962571,5.925036759891074,3.0,12.0,dehradun,NORMAL,0.0,0.0,,,,,,,,,,,,,,,,NORMAL,0.9341563392809454,93.42,EXTREME
6447,Gadarpur,Uttarakhand,56,UDHAM SINGH NAGAR,29.04324167,79.24461944,2025-05-25,71.0,13.5,9,2025,5,145,71.0,71.0,71.0,0.0,71.0,13.5,13.5,13.5,9,9.0,71.0,39.0,21.125,15.75,71.0,78.0,84.5,94.5,71.0,71.0,71.0,71.0,13.5,13.5,45.254833995939045,27.25573334181269,2.0,6.0,udham singh nagar,NORMAL,0.0,0.0,,,,,,,,,,,,,,,,NORMAL,0.9141341870298796,91.41,EXTREME
6433,Lamgara,Uttarakhand,45,Almora,29.53866667,79.74994444,2025-05-25,0.5,0.5,1,2025,5,145,0.5,0.5,0.5,0.0,0.5,0.5,0.5,0.5,1,1.0,1.3333333333333333,1.7142857142857142,1.5625,1.4,4.0,12.0,12.5,14.0,2.0,4.5,4.5,4.5,0.5,0.5,1.3801311186847085,1.2427567921538218,7.0,10.0,almora,NORMAL,0.0,0.0,,,,,,,,,,,,,,,,NORMAL,0.8541537335542777,85.42,EXTREME
6439,Dakpathar,Uttarakhand,49,Dehradun,30.49866667,77.79744444,2025-05-25,0.5,0.5,1,2025,5,145,0.5,0.5,0.5,0.0,0.5,0.5,0.5,0.5,1,1.0,0.5,0.75,0.75,6.25,0.5,1.5,1.5,62.5,0.5,1.0,1.0,26.0,0.5,13.5,0.3535533905932738,8.79788484681277,2.0,10.0,dehradun,NORMAL,0.0,0.0,,,,,,,,,,,,,,,,NORMAL,0.9679946792756268,96.8,EXTREME
6444,Haldwani_1,Uttarakhand,51,Nainital,29.214725,79.52400278,2025-05-25,22.0,8.5,4,2025,5,145,22.0,22.0,22.0,0.0,22.0,8.5,8.5,8.5,4,4.0,22.0,21.25,14.333333333333334,12.7,22.0,42.5,43.0,63.5,22.0,22.0,22.0,22.0,15.5,15.5,1.0606601717798212,8.864254057731,2.0,5.0,nainital,NORMAL,0.0,0.0,,,,,,,,,,,,,,,,NORMAL,0.9149491723046352,91.49,EXTREME
6442,Manglaur_1,Uttarakhand,50,Haridwar,29.78567778,77.86368889,2025-05-25,0.5,0.5,1,2025,5,145,0.5,0.5,0.5,0.0,0.5,0.5,0.5,0.5,1,1.0,0.5,0.5,0.5,0.5,0.5,0.5,0.5,0.5,0.5,0.5,0.5,0.5,0.5,0.5,0.0,0.0,1.0,1.0,haridwar,NORMAL,0.0,0.0,,,,,,,,,,,,,,,,NORMAL,0.9263947823854273,92.64,EXTREME
6449,Lamgara,Uttarakhand,45,Almora,29.53866667,79.74994444,2025-05-26,1.5,0.5,3,2025,5,146,1.5,1.5,1.5,0.0,1.5,0.5,0.5,0.5,3,3.0,1.3333333333333333,1.7857142857142858,1.5555555555555556,1.4090909090909092,4.0,12.5,14.0,15.5,2.0,4.5,4.5,4.5,0.5,0.5,1.349603116263656,1.1793680896603498,7.0,11.0,almora,NORMAL,0.0,0.0,,,,,,,,,,,,,,,,NORMAL,0.9442205003797498,94.42,EXTREME
6454,Guptkashi_1,Uttarakhand,54,Rudraprayag,30.52863889,79.08508333,2025-05-26,1.0,0.5,2,2025,5,146,1.0,1.0,1.0,0.0,1.0,0.5,0.5,0.5,2,2.0,1.0,0.8333333333333334,7.166666666666667,3.875,2.0,2.5,43.0,46.5,1.0,1.0,39.0,39.0,0.5,39.0,0.2886751345948128,11.064120964960262,3.0,12.0,rudraprayag,NORMAL,0.0,1.0,,,,,,,,,,,,,,,,NORMAL,0.8905064445545673,89.05,EXTREME
6453,Haldwani_1,Uttarakhand,51,Nainital,29.214725,79.52400278,2025-05-26,4.5,4.5,1,2025,5,146,4.5,4.5,4.5,0.0,4.5,4.5,4.5,4.5,1,1.0,13.25,15.666666666666666,15.666666666666666,11.333333333333334,26.5,47.0,47.0,68.0,22.0,22.0,22.0,22.0,15.5,15.5,9.699656351300977,8.606199315996989,3.0,6.0,nainital,NORMAL,0.0,0.0,,,,,,,,,,,,,,,,NORMAL,0.7970967590215451,79.71,VERY HIGH
6452,Rithakhal,Uttarakhand,48,Champawat,29.44911111,79.882,2025-05-26,8.5,5.5,2,2025,5,146,8.5,8.5,8.5,0.0,8.5,5.5,5.5,5.5,2,2.0,12.5,10.166666666666666,8.25,7.875,25.0,30.5,33.0,63.0,16.5,16.5,16.5,18.0,5.5,11.0,5.686240703077327,6.110588000698901,3.0,8.0,champawat,NORMAL,0.0,0.0,,,,,,,,,,,,,,,,NORMAL,0.9043997598097847,90.44,EXTREME
6451,Kapkot (Saryu),Uttarakhand,46,Bageshwar,29.94516667,79.9025,2025-05-26,21.5,10.0,4,2025,5,146,21.5,21.5,21.5,0.0,21.5,10.0,10.0,10.0,4,4.0,33.0,24.875,16.357142857142858,11.23076923076923,99.0,99.5,114.5,146.0,67.0,67.0,67.0,67.0,24.5,24.5,29.363738976272533,17.795850856093058,4.0,13.0,bageshwar,NORMAL,0.0,0.0,,,,,,,,,,,,,,,,NORMAL,0.9042482088182364,90.42,EXTREME
6450,Baijnath (Gomti),Uttarakhand,46,Bageshwar,29.90822222,79.61769444,2025-05-26,3.0,1.5,3,2025,5,146,3.0,3.0,3.0,0.0,3.0,1.5,1.5,1.5,3,3.0,9.333333333333334,9.0,8.5,6.5,28.0,36.0,51.0,65.0,18.5,18.5,18.5,18.5,13.0,13.0,6.670832032063167,5.254627590145136,4.0,10.0,bageshwar,NORMAL,0.0,0.0,,,,,,,,,,,,,,,,NORMAL,0.9188781484352471,91.89,EXTREME
6456,Haldwani_1,Uttarakhand,51,Nainital,29.214725,79.52400278,2025-05-27,1.0,1.0,1,2025,5,147,1.0,1.0,1.0,0.0,1.0,1.0,1.0,1.0,1,1.0,9.166666666666666,12.0,12.0,9.857142857142858,27.5,48.0,48.0,69.0,22.0,22.0,22.0,22.0,15.5,15.5,10.793516572461453,8.773607608970828,4.0,7.0,nainital,NORMAL,0.0,0.0,,,,,,,,,,,,,,,,NORMAL,0.8885445718827654,88.85,EXTREME
6457,Basukedar,Uttarakhand,54,Rudraprayag,30.43919444,79.05633333,2025-05-27,0.5,0.5,1,2025,5,147,0.5,0.5,0.5,0.0,0.5,0.5,0.5,0.5,1,1.0,1.5,25.5,14.88888888888889,17.166666666666668,3.0,102.0,134.0,257.5,2.5,93.0,93.0,93.0,44.5,44.5,45.057370836153616,24.090355707113133,4.0,15.0,rudraprayag,NORMAL,0.0,1.0,,,,,,,,,,,,,,,,NORMAL,0.8258713893649221,82.59,EXTREME
6455,Lamgara,Uttarakhand,45,Almora,29.53866667,79.74994444,2025-05-27,1.5,0.5,3,2025,5,147,1.5,1.5,1.5,0.0,1.5,0.5,0.5,0.5,3,3.0,1.1666666666666667,1.9285714285714288,1.55,1.4166666666666667,3.5,13.5,15.5,17.0,1.5,4.5,4.5,4.5,0.5,0.5,1.239239398064105,1.1247895426040937,7.0,12.0,almora,NORMAL,0.0,0.0,,,,,,,,,,,,,,,,NORMAL,0.9536327255279239,95.36,EXTREME
6463,Dharchula_1,Uttarakhand,53,Pithoragarh,29.84825,80.54047222,2025-05-28,0.5,0.5,1,2025,5,148,0.5,0.5,0.5,0.0,0.5,0.5,0.5,0.5,1,1.0,0.5,0.5,0.5,0.5,0.5,0.5,0.5,0.5,0.5,0.5,0.5,0.5,0.5,0.5,0.0,0.0,1.0,1.0,pithoragarh,NORMAL,0.0,0.0,,,,,,,,,,,,,,,,NORMAL,0.8267411105905571,82.67,EXTREME
6462,Haldwani_1,Uttarakhand,51,Nainital,29.214725,79.52400278,2025-05-28,17.0,13.5,3,2025,5,148,17.0,17.0,17.0,0.0,17.0,13.5,13.5,13.5,3,3.0,7.5,11.125,13.0,10.75,22.5,44.5,65.0,86.0,17.0,22.0,22.0,22.0,13.5,15.5,9.986449152059338,8.506300186164554,4.0,8.0,nainital,NORMAL,0.0,0.0,,,,,,,,,,,,,,,,NORMAL,0.898285443714308,89.83,EXTREME
6467,Jhala_1,Uttarakhand,57,Uttarkashi,31.01533333,78.71222222,2025-05-28,3.0,0.5,6,2025,5,148,3.0,3.0,3.0,0.0,3.0,0.5,0.5,0.5,6,6.0,3.0,3.0,3.0,1.75,3.0,6.0,6.0,10.5,3.0,3.0,3.0,3.0,1.0,1.0,0.0,1.0368220676664115,2.0,6.0,uttarkashi,NORMAL,0.0,0.0,,,,,,,,,,,,,,,,NORMAL,0.8519109719909306,85.19,EXTREME
6459,Kapkot (Saryu),Uttarakhand,46,Bageshwar,29.94516667,79.9025,2025-05-28,81.5,32.5,8,2025,5,148,81.5,81.5,81.5,0.0,81.5,32.5,32.5,32.5,8,8.0,51.5,36.2,24.5,16.25,103.0,181.0,196.0,227.5,81.5,81.5,81.5,81.5,32.5,32.5,35.88802028532641,25.397418100150382,5.0,14.0,bageshwar,NORMAL,0.0,0.0,,,,,,,,,,,,,,,,NORMAL,0.9336967340537001,93.37,EXTREME
6464,Basukedar,Uttarakhand,54,Rudraprayag,30.43919444,79.05633333,2025-05-28,28.0,16.5,4,2025,5,148,28.0,28.0,28.0,0.0,28.0,16.5,16.5,16.5,4,4.0,14.25,31.0,16.2,17.84375,28.5,124.0,162.0,285.5,28.0,93.0,93.0,93.0,44.5,44.5,43.18757537378855,23.43054896924099,4.0,16.0,rudraprayag,NORMAL,0.0,1.0,,,,,,,,,,,,,,,,NORMAL,0.9733249937271616,97.33,EXTREME
6460,Danda_1,Uttarakhand,48,Champawat,29.15927778,80.10852778,2025-05-28,10.0,10.0,1,2025,5,148,10.0,10.0,10.0,0.0,10.0,10.0,10.0,10.0,1,1.0,10.0,12.833333333333334,11.2,11.555555555555555,10.0,38.5,56.0,104.0,10.0,18.5,18.5,28.5,16.5,23.5,4.907477288111819,9.68711916814167,3.0,9.0,champawat,NORMAL,0.0,0.0,,,,,,,,,,,,,,,,NORMAL,0.8783293662737989,87.83,EXTREME
6461,Tanakpur_1,Uttarakhand,48,Champawat,29.07222222,80.1175,2025-05-28,76.5,28.0,5,2025,5,148,76.5,76.5,76.5,0.0,76.5,28.0,28.0,28.0,5,5.0,76.5,76.5,26.166666666666668,16.1,76.5,76.5,78.5,80.5,76.5,76.5,76.5,76.5,28.0,28.0,0.0,33.76647745916059,1.0,5.0,champawat,NORMAL,0.0,0.0,,,,,,,,,,,,,,,,NORMAL,0.9139684838038691,91.4,EXTREME
6465,Guptkashi_1,Uttarakhand,54,Rudraprayag,30.52863889,79.08508333,2025-05-28,0.5,0.5,1,2025,5,148,0.5,0.5,0.5,0.0,0.5,0.5,0.5,0.5,1,1.0,0.75,0.8333333333333334,7.166666666666667,3.615384615384616,1.5,2.5,43.0,47.0,1.0,1.0,39.0,39.0,0.5,39.0,0.2886751345948129,10.63436615834456,3.0,13.0,rudraprayag,NORMAL,0.0,1.0,,,,,,,,,,,,,,,,NORMAL,0.9756136948706609,97.56,EXTREME
6458,Lamgara,Uttarakhand,45,Almora,29.53866667,79.74994444,2025-05-28,0.5,0.5,1,2025,5,148,0.5,0.5,0.5,0.0,0.5,0.5,0.5,0.5,1,1.0,1.1666666666666667,1.3571428571428572,1.4545454545454546,1.3461538461538465,3.5,9.5,16.0,17.5,1.5,2.0,4.5,4.5,0.5,0.5,0.6267831705280081,1.1065075572986314,7.0,13.0,almora,NORMAL,0.0,0.0,,,,,,,,,,,,,,,,NORMAL,0.9285375121219448,92.85,EXTREME
6466,Gadarpur,Uttarakhand,56,UDHAM SINGH NAGAR,29.04324167,79.24461944,2025-05-28,48.0,48.0,1,2025,5,148,48.0,48.0,48.0,0.0,48.0,48.0,48.0,48.0,1,1.0,48.0,59.5,26.5,20.357142857142858,48.0,119.0,132.5,142.5,48.0,71.0,71.0,71.0,48.0,48.0,16.263455967290593,27.706368530409343,2.0,7.0,udham singh nagar,NORMAL,0.0,0.0,,,,,,,,,,,,,,,,NORMAL,0.8758052768731481,87.58,EXTREME
6468,Lamgara,Uttarakhand,45,Almora,29.53866667,79.74994444,2025-05-29,0.5,0.5,1,2025,5,149,0.5,0.5,0.5,0.0,0.5,0.5,0.5,0.5,1,1.0,0.8333333333333334,1.1428571428571428,1.4545454545454546,1.2857142857142858,2.5,8.0,16.0,18.0,1.5,2.0,4.5,4.5,0.5,0.5,0.6267831705280081,1.0868848519133434,7.0,14.0,almora,NORMAL,0.0,0.0,,,,,,,,,,,,,,,,NORMAL,0.9844288720943917,98.44,EXTREME
6472,Basukedar,Uttarakhand,54,Rudraprayag,30.43919444,79.05633333,2025-05-29,4.0,3.0,2,2025,5,149,4.0,4.0,4.0,0.0,4.0,3.0,3.0,3.0,2,2.0,10.833333333333334,25.6,16.35,17.029411764705884,32.5,128.0,163.5,289.5,28.0,93.0,93.0,93.0,44.5,44.5,39.30235361909004,22.93364789740945,5.0,17.0,rudraprayag,NORMAL,0.0,1.0,,,,,,,,,,,,,,,,NORMAL,0.9903214899995083,99.03,EXTREME
6473,Guptkashi_1,Uttarakhand,54,Rudraprayag,30.52863889,79.08508333,2025-05-29,0.5,0.5,1,2025,5,149,0.5,0.5,0.5,0.0,0.5,0.5,0.5,0.5,1,1.0,0.5,0.75,6.214285714285714,3.392857142857143,1.0,3.0,43.5,47.5,0.5,1.0,39.0,39.0,0.5,39.0,0.2886751345948128,10.251038542937568,4.0,14.0,rudraprayag,NORMAL,0.0,1.0,,,,,,,,,,,,,,,,NORMAL,0.9927809720379379,99.28,EXTREME
6471,Haldwani_1,Uttarakhand,51,Nainital,29.214725,79.52400278,2025-05-29,6.0,6.0,1,2025,5,149,6.0,6.0,6.0,0.0,6.0,6.0,6.0,6.0,1,1.0,8.0,10.1,11.833333333333334,10.22222222222222,24.0,50.5,71.0,92.0,17.0,22.0,22.0,22.0,13.5,15.5,8.947066558375433,8.112918367914514,5.0,9.0,nainital,NORMAL,0.0,0.0,,,,,,,,,,,,,,,,NORMAL,0.9523252871855812,95.23,EXTREME
6469,Baijnath (Gomti),Uttarakhand,46,Bageshwar,29.90822222,79.61769444,2025-05-29,3.5,3.0,2,2025,5,149,3.5,3.5,3.5,0.0,3.5,3.0,3.0,3.0,2,2.0,3.5,7.875,8.0,6.227272727272728,3.5,31.5,48.0,68.5,3.5,18.5,18.5,18.5,13.0,13.0,7.25,5.0663775834598885,4.0,11.0,bageshwar,NORMAL,0.0,0.0,,,,,,,,,,,,,,,,NORMAL,0.9821147331415788,98.21,EXTREME
6474,Gadarpur,Uttarakhand,56,UDHAM SINGH NAGAR,29.04324167,79.24461944,2025-05-29,0.5,0.5,1,2025,5,149,0.5,0.5,0.5,0.0,0.5,0.5,0.5,0.5,1,1.0,24.25,39.833333333333336,22.166666666666668,17.875,48.5,119.5,133.0,143.0,48.0,71.0,71.0,71.0,48.0,48.0,35.95251497925192,26.59450802596012,3.0,8.0,udham singh nagar,NORMAL,0.0,0.0,,,,,,,,,,,,,,,,NORMAL,0.9712004003052789,97.12,EXTREME
6470,Kapkot (Saryu),Uttarakhand,46,Bageshwar,29.94516667,79.9025,2025-05-29,9.5,5.0,4,2025,5,149,9.5,9.5,9.5,0.0,9.5,5.0,5.0,5.0,4,4.0,45.5,38.0,24.375,15.8,91.0,190.0,195.0,237.0,81.5,81.5,81.5,81.5,32.5,32.5,33.81567683782183,24.53554273177705,5.0,15.0,bageshwar,NORMAL,0.0,0.0,,,,,,,,,,,,,,,,NORMAL,0.9876848879020864,98.77,EXTREME
6475,Lamgara,Uttarakhand,45,Almora,29.53866667,79.74994444,2025-05-30,1.0,0.5,2,2025,5,150,1.0,1.0,1.0,0.0,1.0,0.5,0.5,0.5,2,2.0,0.6666666666666666,1.0714285714285714,1.4166666666666667,1.2666666666666666,2.0,7.5,17.0,19.0,1.0,2.0,4.5,4.5,0.5,0.5,0.6074928962939552,1.0499433091271932,7.0,15.0,almora,NORMAL,0.0,0.0,,,,,,,,,,,,,,,,NORMAL,0.9868961085313178,98.69,EXTREME
6478,Danda_1,Uttarakhand,48,Champawat,29.15927778,80.10852778,2025-05-30,16.0,16.0,1,2025,5,150,16.0,16.0,16.0,0.0,16.0,16.0,16.0,16.0,1,1.0,13.0,13.625,14.3,12.0,26.0,54.5,71.5,120.0,16.0,18.5,18.5,28.5,16.5,23.5,4.3084219849035215,9.240610850419408,4.0,10.0,champawat,NORMAL,0.0,0.0,,,,,,,,,,,,,,,,NORMAL,0.9788358204261655,97.88,EXTREME
6481,Haldwani_1,Uttarakhand,51,Nainital,29.214725,79.52400278,2025-05-30,0.5,0.5,1,2025,5,150,0.5,0.5,0.5,0.0,0.5,0.5,0.5,0.5,1,1.0,7.833333333333333,8.5,10.214285714285714,9.25,23.5,51.0,71.5,92.5,17.0,22.0,22.0,22.0,13.5,15.5,8.910667763978186,8.243684451344164,6.0,10.0,nainital,NORMAL,0.0,0.0,,,,,,,,,,,,,,,,NORMAL,0.9480521452167816,94.81,EXTREME
6484,Jhala_1,Uttarakhand,57,Uttarkashi,31.01533333,78.71222222,2025-05-30,0.5,0.5,1,2025,5,150,0.5,0.5,0.5,0.0,0.5,0.5,0.5,0.5,1,1.0,1.75,2.1666666666666665,2.1666666666666665,1.5714285714285714,3.5,6.5,6.5,11.0,3.0,3.0,3.0,3.0,1.0,1.0,1.4433756729740643,1.0578504710249288,3.0,7.0,uttarkashi,NORMAL,0.0,0.0,,,,,,,,,,,,,,,,NORMAL,0.9702985329964635,97.03,EXTREME
6477,Kapkot (Saryu),Uttarakhand,46,Bageshwar,29.94516667,79.9025,2025-05-30,1.5,1.5,1,2025,5,150,1.5,1.5,1.5,0.0,1.5,1.5,1.5,1.5,1,1.0,30.83333333333333,31.916666666666668,24.1875,14.90625,92.5,191.5,193.5,238.5,81.5,81.5,81.5,81.5,32.5,32.5,33.71708271287222,23.971662958585085,6.0,16.0,bageshwar,NORMAL,0.0,0.0,,,,,,,,,,,,,,,,NORMAL,0.9702985329964635,97.03,EXTREME
6482,Mukteshwar_1,Uttarakhand,51,Nainital,29.47413889,79.65119444,2025-05-30,0.5,0.5,1,2025,5,150,0.5,0.5,0.5,0.0,0.5,0.5,0.5,0.5,1,1.0,0.5,9.166666666666666,16.8,12.458333333333334,0.5,27.5,84.0,149.5,0.5,21.0,49.5,49.5,5.0,14.0,10.610529361598005,15.480865511000882,3.0,12.0,nainital,NORMAL,0.0,0.0,,,,,,,,,,,,,,,,NORMAL,0.9631065577758714,96.31,EXTREME
6479,Tanakpur_1,Uttarakhand,48,Champawat,29.07222222,80.1175,2025-05-30,0.5,0.5,1,2025,5,150,0.5,0.5,0.5,0.0,0.5,0.5,0.5,0.5,1,1.0,38.5,38.5,26.0,13.5,77.0,77.0,78.0,81.0,76.5,76.5,76.5,76.5,28.0,28.0,53.74011537017761,30.86583872179728,2.0,6.0,champawat,NORMAL,0.0,0.0,,,,,,,,,,,,,,,,NORMAL,0.9696855051442924,96.97,EXTREME
6480,Chakrata,Uttarakhand,49,Dehradun,30.76115556,77.86502778,2025-05-30,11.5,4.5,4,2025,5,150,11.5,11.5,11.5,0.0,11.5,4.5,4.5,4.5,4,4.0,11.5,13.0,6.0,5.1923076923076925,11.5,26.0,30.0,67.5,11.5,14.5,14.5,16.5,8.0,8.0,2.1213203435596424,5.981006261277096,2.0,13.0,dehradun,NORMAL,0.0,0.0,,,,,,,,,,,,,,,,NORMAL,0.9302179746642031,93.02,EXTREME
6476,Baijnath (Gomti),Uttarakhand,46,Bageshwar,29.90822222,79.61769444,2025-05-30,1.0,1.0,1,2025,5,150,1.0,1.0,1.0,0.0,1.0,1.0,1.0,1.0,1,1.0,2.25,6.5,7.0,5.791666666666667,4.5,32.5,49.0,69.5,3.5,18.5,18.5,18.5,13.0,13.0,6.991065727054782,5.060804523417716,5.0,12.0,bageshwar,NORMAL,0.0,0.0,,,,,,,,,,,,,,,,NORMAL,0.9622821643034517,96.23,EXTREME
6483,Basukedar,Uttarakhand,54,Rudraprayag,30.43919444,79.05633333,2025-05-30,1.5,0.5,3,2025,5,150,1.5,1.5,1.5,0.0,1.5,0.5,0.5,0.5,3,3.0,11.166666666666666,21.58333333333333,15.3,16.166666666666668,33.5,129.5,153.0,291.0,28.0,93.0,93.0,93.0,44.5,44.5,36.50399521513592,22.54798804119521,6.0,18.0,rudraprayag,NORMAL,0.0,1.0,,,,,,,,,,,,,,,,NORMAL,0.9693603018922597,96.94,EXTREME
6486,Lamgara,Uttarakhand,45,Almora,29.53866667,79.74994444,2025-05-31,0.5,0.5,1,2025,5,151,0.5,0.5,0.5,0.0,0.5,0.5,0.5,0.5,1,1.0,0.6666666666666666,0.8571428571428571,1.3461538461538465,1.21875,2.0,6.0,17.5,19.5,1.0,1.5,4.5,4.5,0.5,0.5,0.4755948656056699,1.0322911411031326,7.0,16.0,almora,NORMAL,0.0,0.0,,,,,,,,,,,,,,,,NORMAL,0.9312962801841004,93.13,EXTREME
6487,Bhagwanpur_1,Uttarakhand,50,Haridwar,29.93567778,77.80170611,2025-05-31,1.0,0.5,2,2025,5,151,1.0,1.0,1.0,0.0,1.0,0.5,0.5,0.5,2,2.0,1.0,1.0,1.0,0.875,1.0,1.0,1.0,3.5,1.0,1.0,1.0,1.5,0.5,0.5,0.0,0.4787135538781703,1.0,4.0,haridwar,NORMAL,0.0,0.0,,,,,,,,,,,,,,,,FLOOD,0.6239827666641977,62.4,VERY HIGH
6488,Guptkashi_1,Uttarakhand,54,Rudraprayag,30.52863889,79.08508333,2025-05-31,366.0,366.0,1,2025,5,151,366.0,366.0,366.0,0.0,366.0,366.0,366.0,366.0,1,1.0,183.25,92.0,58.35714285714285,27.566666666666663,366.5,368.0,408.5,413.5,366.0,366.0,366.0,366.0,366.0,366.0,182.66681873472987,94.14443058154748,4.0,15.0,rudraprayag,NORMAL,0.0,1.0,,,,,,,,,,,,,,,,NORMAL,0.7159631060773112,71.6,VERY HIGH
6485,Almora_1,Uttarakhand,45,Almora,29.59631389,79.65005556,2025-05-31,3.0,3.0,1,2025,5,151,3.0,3.0,3.0,0.0,3.0,3.0,3.0,3.0,1,1.0,3.0,3.0,3.0,3.0,3.0,3.0,3.0,3.0,3.0,3.0,3.0,3.0,3.0,3.0,0.0,0.0,1.0,1.0,almora,NORMAL,0.0,0.0,,,,,,,,,,,,,,,,NORMAL,0.7023723130858398,70.24,VERY HIGH
6491,Nachni,Uttarakhand,53,Pithoragarh,29.90594444,80.16097222,2025-06-01,0.5,0.5,1,2025,6,152,0.5,0.5,0.5,0.0,0.5,0.5,0.5,0.5,1,1.0,0.5,0.5,0.5,7.0,0.5,0.5,0.5,28.0,0.5,0.5,0.5,21.5,0.5,7.0,0.0,9.9498743710662,1.0,4.0,pithoragarh,NORMAL,0.0,0.0,,,,,,,,,,,,,,,,NORMAL,0.9243495011137974,92.43,EXTREME
6494,Purola_1,Uttarakhand,57,Uttarkashi,30.91291667,78.10388889,2025-06-01,160.0,160.0,1,2025,6,152,160.0,160.0,160.0,0.0,160.0,160.0,160.0,160.0,1,1.0,160.0,160.0,160.0,127.83333333333331,160.0,160.0,160.0,383.5,160.0,160.0,160.0,160.0,160.0,160.0,0.0,55.71430097679889,1.0,3.0,uttarkashi,NORMAL,0.0,0.0,,,,,,,,,,,,,,,,NORMAL,0.9673445624424472,96.73,EXTREME
6489,Chakrata,Uttarakhand,49,Dehradun,30.76115556,77.86502778,2025-06-01,1.0,0.5,2,2025,6,152,1.0,1.0,1.0,0.0,1.0,0.5,0.5,0.5,2,2.0,6.25,6.25,5.7,4.875,12.5,12.5,28.5,58.5,11.5,11.5,14.5,16.5,4.5,8.0,7.424621202458749,6.0682669384564445,2.0,12.0,dehradun,NORMAL,0.0,0.0,,,,,,,,,,,,,,,,NORMAL,0.9879086338498104,98.79,EXTREME
6490,Doiwala (Bhogpur),Uttarakhand,49,Dehradun,30.22270833,78.23418611,2025-06-01,223.5,223.5,1,2025,6,152,223.5,223.5,223.5,0.0,223.5,223.5,223.5,223.5,1,1.0,223.5,223.5,130.83333333333334,130.83333333333334,223.5,223.5,392.5,392.5,223.5,223.5,223.5,223.5,223.5,223.5,0.0,116.17372049363544,1.0,3.0,dehradun,NORMAL,0.0,0.0,,,,,,,,,,,,,,,,NORMAL,0.9981759949609214,99.82,EXTREME
6493,Jhala_1,Uttarakhand,57,Uttarkashi,31.01533333,78.71222222,2025-06-01,0.5,0.5,1,2025,6,152,0.5,0.5,0.5,0.0,0.5,0.5,0.5,0.5,1,1.0,0.5,1.3333333333333333,1.75,1.4375,1.0,4.0,7.0,11.5,0.5,3.0,3.0,3.0,0.5,1.0,1.443375672974064,1.0500850305706726,3.0,8.0,uttarkashi,NORMAL,0.0,0.0,,,,,,,,,,,,,,,,NORMAL,0.9952057698338337,99.52,EXTREME
6492,Guptkashi_1,Uttarakhand,54,Rudraprayag,30.52863889,79.08508333,2025-06-01,0.5,0.5,1,2025,6,152,0.5,0.5,0.5,0.0,0.5,0.5,0.5,0.5,1,1.0,183.25,73.7,51.125,25.875,366.5,368.5,409.0,414.0,366.0,366.0,366.0,366.0,366.0,366.0,163.40081089150078,91.2035269785842,5.0,16.0,rudraprayag,NORMAL,0.0,1.0,,,,,,,,,,,,,,,,NORMAL,0.9887546781480622,98.88,EXTREME
6498,Haldwani_1,Uttarakhand,51,Nainital,29.214725,79.52400278,2025-06-02,0.5,0.5,1,2025,6,153,0.5,0.5,0.5,0.0,0.5,0.5,0.5,0.5,1,1.0,0.5,5.0,9.0,8.45,0.5,25.0,72.0,84.5,0.5,17.0,22.0,22.0,13.5,15.5,7.097534783289195,8.70009578491334,5.0,10.0,nainital,NORMAL,0.0,0.0,,,,,,,,,,,,,,,,NORMAL,0.9342495771586367,93.42,EXTREME
6501,Nachni,Uttarakhand,53,Pithoragarh,29.90594444,80.16097222,2025-06-02,0.5,0.5,1,2025,6,153,0.5,0.5,0.5,0.0,0.5,0.5,0.5,0.5,1,1.0,0.5,0.5,0.5,5.7,1.0,1.0,1.0,28.5,0.5,0.5,0.5,21.5,0.5,7.0,0.0,9.093954035511723,2.0,5.0,pithoragarh,NORMAL,0.0,0.0,,,,,,,,,,,,,,,,NORMAL,0.9412752003963643,94.13,EXTREME
6496,Baijnath (Gomti),Uttarakhand,46,Bageshwar,29.90822222,79.61769444,2025-06-02,4.0,3.0,2,2025,6,153,4.0,4.0,4.0,0.0,4.0,3.0,3.0,3.0,2,2.0,4.0,2.833333333333333,6.357142857142857,5.916666666666667,4.0,8.5,44.5,71.0,4.0,4.0,18.5,18.5,3.0,13.0,1.607275126832159,4.990141796734631,3.0,12.0,bageshwar,NORMAL,0.0,0.0,,,,,,,,,,,,,,,,NORMAL,0.9537437741509774,95.37,EXTREME
6499,Mukteshwar_1,Uttarakhand,51,Nainital,29.47413889,79.65119444,2025-06-02,99.5,96.0,4,2025,6,153,99.5,99.5,99.5,0.0,99.5,96.0,96.0,96.0,4,4.0,99.5,50.0,35.3,20.45833333333333,99.5,100.0,176.5,245.5,99.5,99.5,99.5,99.5,96.0,96.0,70.0035713374682,29.17693542176868,2.0,12.0,nainital,NORMAL,0.0,0.0,,,,,,,,,,,,,,,,NORMAL,0.9826132829718696,98.26,EXTREME
6500,Nainital_1,Uttarakhand,51,Nainital,29.39530278,79.46232778,2025-06-02,3.5,3.5,1,2025,6,153,3.5,3.5,3.5,0.0,3.5,3.5,3.5,3.5,1,1.0,3.5,3.5,3.5,1.75,3.5,3.5,3.5,7.0,3.5,3.5,3.5,3.5,3.5,3.5,0.0,1.3228756555322951,1.0,4.0,nainital,NORMAL,0.0,0.0,,,,,,,,,,,,,,,,NORMAL,0.9268879931894497,92.69,EXTREME
6495,Lamgara,Uttarakhand,45,Almora,29.53866667,79.74994444,2025-06-02,5.0,0.5,10,2025,6,153,5.0,5.0,5.0,0.0,5.0,0.5,0.5,0.5,10,10.0,2.75,1.5,1.6538461538461535,1.46875,5.5,9.0,21.5,23.5,5.0,5.0,5.0,5.0,0.5,0.5,1.7606816861659007,1.3960509780567976,6.0,16.0,almora,NORMAL,0.0,0.0,,,,,,,,,,,,,,,,NORMAL,0.9173815328695787,91.74,EXTREME
6497,Rithakhal,Uttarakhand,48,Champawat,29.44911111,79.882,2025-06-02,1.5,1.0,2,2025,6,153,1.5,1.5,1.5,0.0,1.5,1.0,1.0,1.0,2,2.0,1.5,1.5,8.0,5.8125,1.5,1.5,32.0,46.5,1.5,1.5,16.5,16.5,1.0,5.5,0.0,4.861933037089519,1.0,8.0,champawat,NORMAL,0.0,0.0,,,,,,,,,,,,,,,,NORMAL,0.9482331283307847,94.82,EXTREME
6505,Rithakhal,Uttarakhand,48,Champawat,29.44911111,79.882,2025-06-03,8.5,5.5,3,2025,6,154,8.5,8.5,8.5,0.0,8.5,5.5,5.5,5.5,3,3.0,5.0,5.0,8.1,6.5625,10.0,10.0,40.5,52.5,8.5,8.5,16.5,16.5,5.5,5.5,4.949747468305833,4.739179404556351,2.0,8.0,champawat,NORMAL,0.0,0.0,,,,,,,,,,,,,,,,NORMAL,0.9524644828415878,95.25,EXTREME
6512,Jhala_1,Uttarakhand,57,Uttarkashi,31.01533333,78.71222222,2025-06-03,1.5,0.5,3,2025,6,154,1.5,1.5,1.5,0.0,1.5,0.5,0.5,0.5,3,3.0,1.0,1.375,1.7,1.4444444444444444,2.0,5.5,8.5,13.0,1.5,3.0,3.0,3.0,0.5,1.0,1.181453906563152,0.9824855102126504,4.0,9.0,uttarkashi,NORMAL,0.0,0.0,,,,,,,,,,,,,,,,NORMAL,0.9526208386939241,95.26,EXTREME
6511,Gadarpur,Uttarakhand,56,UDHAM SINGH NAGAR,29.04324167,79.24461944,2025-06-03,4.0,4.0,1,2025,6,154,4.0,4.0,4.0,0.0,4.0,4.0,4.0,4.0,1,1.0,4.0,17.5,26.1,18.3125,4.0,52.5,130.5,146.5,4.0,48.0,71.0,71.0,48.0,48.0,26.471682983898088,26.29494451682409,3.0,8.0,udham singh nagar,NORMAL,0.0,0.0,,,,,,,,,,,,,,,,NORMAL,0.8098040317715945,80.98,EXTREME
6503,Baijnath (Gomti),Uttarakhand,46,Bageshwar,29.90822222,79.61769444,2025-06-03,11.5,4.0,4,2025,6,154,11.5,11.5,11.5,0.0,11.5,4.0,4.0,4.0,4,4.0,7.75,5.0,7.0,6.346153846153846,15.5,20.0,56.0,82.5,11.5,11.5,18.5,18.5,4.0,13.0,4.527692569068708,5.0223857850987015,4.0,13.0,bageshwar,NORMAL,0.0,0.0,,,,,,,,,,,,,,,,NORMAL,0.9503629724527948,95.04,EXTREME
6509,Basukedar,Uttarakhand,54,Rudraprayag,30.43919444,79.05633333,2025-06-03,0.5,0.5,1,2025,6,154,0.5,0.5,0.5,0.0,0.5,0.5,0.5,0.5,1,1.0,0.5,8.5,17.0,14.147058823529411,0.5,34.0,136.0,240.5,0.5,28.0,93.0,93.0,16.5,44.5,13.083067937860257,23.16298549537221,4.0,17.0,rudraprayag,NORMAL,0.0,1.0,,,,,,,,,,,,,,,,NORMAL,0.9132721154346046,91.33,EXTREME
6504,Kapkot (Saryu),Uttarakhand,46,Bageshwar,29.94516667,79.9025,2025-06-03,2.0,1.5,2,2025,6,154,2.0,2.0,2.0,0.0,2.0,1.5,1.5,1.5,2,2.0,2.0,23.625,24.25,15.571428571428571,2.0,94.5,194.0,218.0,2.0,81.5,81.5,81.5,32.5,32.5,38.75645107591766,25.697842728118665,4.0,14.0,bageshwar,NORMAL,0.0,0.0,,,,,,,,,,,,,,,,NORMAL,0.8506183705282971,85.06,EXTREME
6510,Guptkashi_1,Uttarakhand,54,Rudraprayag,30.52863889,79.08508333,2025-06-03,1.0,0.5,2,2025,6,154,1.0,1.0,1.0,0.0,1.0,0.5,0.5,0.5,2,2.0,0.75,73.7,52.92857142857143,27.566666666666663,1.5,368.5,370.5,413.5,1.0,366.0,366.0,366.0,366.0,366.0,163.40081089150078,94.14443058154748,5.0,15.0,rudraprayag,NORMAL,0.0,1.0,,,,,,,,,,,,,,,,NORMAL,0.6062603920696249,60.63,VERY HIGH
6502,Lamgara,Uttarakhand,45,Almora,29.53866667,79.74994444,2025-06-03,0.5,0.5,1,2025,6,154,0.5,0.5,0.5,0.0,0.5,0.5,0.5,0.5,1,1.0,2.75,1.3333333333333333,1.6538461538461535,1.411764705882353,5.5,8.0,21.5,24.0,5.0,5.0,5.0,5.0,0.5,0.5,1.807392228230128,1.3719886811400732,6.0,17.0,almora,NORMAL,0.0,0.0,,,,,,,,,,,,,,,,NORMAL,0.8580917750997562,85.81,EXTREME
6508,Nainital_1,Uttarakhand,51,Nainital,29.39530278,79.46232778,2025-06-03,18.0,14.5,2,2025,6,154,18.0,18.0,18.0,0.0,18.0,14.5,14.5,14.5,2,2.0,10.75,10.75,10.75,5.0,21.5,21.5,21.5,25.0,18.0,18.0,18.0,18.0,14.5,14.5,10.253048327204938,7.35696948478108,2.0,5.0,nainital,NORMAL,0.0,0.0,,,,,,,,,,,,,,,,NORMAL,0.9492968060489663,94.93,EXTREME
6507,Mukteshwar_1,Uttarakhand,51,Nainital,29.47413889,79.65119444,2025-06-03,9.0,4.0,4,2025,6,154,9.0,9.0,9.0,0.0,9.0,4.0,4.0,4.0,4,4.0,54.25,36.333333333333336,30.916666666666668,20.916666666666668,108.5,109.0,185.5,251.0,99.5,99.5,99.5,99.5,96.0,96.0,54.868782867249145,28.928464539378165,3.0,12.0,nainital,NORMAL,0.0,0.0,,,,,,,,,,,,,,,,NORMAL,1.0,100.0,EXTREME
6506,Haldwani_1,Uttarakhand,51,Nainital,29.214725,79.52400278,2025-06-03,6.5,6.0,2,2025,6,154,6.5,6.5,6.5,0.0,6.5,6.0,6.0,6.0,2,2.0,3.5,6.1,8.722222222222221,8.272727272727273,7.0,30.5,78.5,91.0,6.5,17.0,22.0,22.0,13.5,15.5,6.739807118901846,8.274550248695213,5.0,11.0,nainital,NORMAL,0.0,0.0,,,,,,,,,,,,,,,,NORMAL,0.9754728915662653,97.55,EXTREME
6513,Chakrata,Uttarakhand,49,Dehradun,30.76115556,77.86502778,2025-06-04,15.0,4.5,6,2025,6,155,15.0,15.0,15.0,0.0,15.0,4.5,4.5,4.5,6,6.0,15.0,9.166666666666666,8.6,6.083333333333333,15.0,27.5,43.0,73.0,15.0,15.0,15.0,16.5,4.5,8.0,7.285830998131464,6.542981435141473,3.0,12.0,dehradun,NORMAL,0.0,0.0,,,,,,,,,,,,,,,,NORMAL,0.9350201938022907,93.5,EXTREME
6514,Roorkee_2,Uttarakhand,50,Haridwar,29.86771944,77.88415556,2025-06-04,2.0,2.0,1,2025,6,155,2.0,2.0,2.0,0.0,2.0,2.0,2.0,2.0,1,1.0,2.0,2.0,12.75,9.875,2.0,2.0,25.5,39.5,2.0,2.0,23.5,23.5,2.0,14.0,0.0,9.525185912446364,1.0,4.0,haridwar,NORMAL,0.0,0.0,,,,,,,,,,,,,,,,NORMAL,0.8854565206983777,88.55,EXTREME
6515,Jhala_1,Uttarakhand,57,Uttarkashi,31.01533333,78.71222222,2025-06-04,1.0,0.5,2,2025,6,155,1.0,1.0,1.0,0.0,1.0,0.5,0.5,0.5,2,2.0,1.25,0.875,1.5833333333333333,1.4,2.5,3.5,9.5,14.0,1.5,1.5,3.0,3.0,0.5,1.0,0.4787135538781685,0.9368979548370292,4.0,10.0,uttarkashi,NORMAL,0.0,0.0,,,,,,,,,,,,,,,,NORMAL,0.9508638768638765,95.09,EXTREME
6516,Kapkot (Saryu),Uttarakhand,46,Bageshwar,29.94516667,79.9025,2025-06-05,3.0,3.0,1,2025,6,156,3.0,3.0,3.0,0.0,3.0,3.0,3.0,3.0,1,1.0,2.5,2.1666666666666665,24.5625,15.25,5.0,6.5,196.5,213.5,3.0,3.0,81.5,81.5,3.0,32.5,0.7637626158254875,25.83434654754136,3.0,14.0,bageshwar,NORMAL,0.0,0.0,,,,,,,,,,,,,,,,NORMAL,0.8299616185073421,83.0,EXTREME
6520,Guptkashi_1,Uttarakhand,54,Rudraprayag,30.52863889,79.08508333,2025-06-05,1.0,0.5,2,2025,6,156,1.0,1.0,1.0,0.0,1.0,0.5,0.5,0.5,2,2.0,1.0,92.125,46.4375,27.6,2.0,368.5,371.5,414.0,1.0,366.0,366.0,366.0,366.0,366.0,182.58348547080223,94.13425063629678,4.0,15.0,rudraprayag,NORMAL,0.0,1.0,,,,,,,,,,,,,,,,NORMAL,0.9505904715059716,95.06,EXTREME
6519,Nachni,Uttarakhand,53,Pithoragarh,29.90594444,80.16097222,2025-06-05,0.5,0.5,1,2025,6,156,0.5,0.5,0.5,0.0,0.5,0.5,0.5,0.5,1,1.0,0.5,0.5,0.5,1.75,0.5,1.5,1.5,7.0,0.5,0.5,0.5,5.5,0.5,5.5,0.0,2.5000000000000013,3.0,4.0,pithoragarh,NORMAL,0.0,0.0,,,,,,,,,,,,,,,,NORMAL,0.8845465737965739,88.45,EXTREME
6518,Mukteshwar_1,Uttarakhand,51,Nainital,29.47413889,79.65119444,2025-06-05,0.5,0.5,1,2025,6,156,0.5,0.5,0.5,0.0,0.5,0.5,0.5,0.5,1,1.0,4.75,27.375,22.75,20.916666666666668,9.5,109.5,136.5,251.0,9.0,99.5,99.5,99.5,96.0,96.0,48.25,28.928464539378165,4.0,12.0,nainital,NORMAL,0.0,0.0,,,,,,,,,,,,,,,,NORMAL,0.8505334295334295,85.05,EXTREME
6517,Khati_1,Uttarakhand,46,Bageshwar,30.11019722,79.94055833,2025-06-05,0.5,0.5,1,2025,6,156,0.5,0.5,0.5,0.0,0.5,0.5,0.5,0.5,1,1.0,0.5,0.5,0.5,0.5,0.5,0.5,0.5,0.5,0.5,0.5,0.5,0.5,0.5,0.5,0.0,0.0,1.0,1.0,bageshwar,NORMAL,0.0,0.0,,,,,,,,,,,,,,,,NORMAL,0.8573746329206856,85.74,EXTREME
6521,Lamgara,Uttarakhand,45,Almora,29.53866667,79.74994444,2025-06-07,1.0,0.5,2,2025,6,158,1.0,1.0,1.0,0.0,1.0,0.5,0.5,0.5,2,2.0,1.0,2.1666666666666665,1.25,1.3888888888888888,1.0,6.5,12.5,25.0,1.0,5.0,5.0,5.0,0.5,0.5,2.4664414311581235,1.3345582608616209,3.0,18.0,almora,NORMAL,0.0,0.0,,,,,,,,,,,,,,,,NORMAL,0.8755496000101263,87.55,EXTREME
6522,Virbhadra,Uttarakhand,52,PAURI GARHWAL,30.07444444,78.29047222,2025-06-07,160.0,160.0,1,2025,6,158,160.0,160.0,160.0,0.0,160.0,160.0,160.0,160.0,1,1.0,160.0,160.0,160.0,160.0,160.0,160.0,160.0,160.0,160.0,160.0,160.0,160.0,160.0,160.0,0.0,0.0,1.0,1.0,pauri garhwal,NORMAL,0.0,0.0,,,,,,,,,,,,,,,,NORMAL,0.9552365256575783,95.52,EXTREME
6523,Kapkot (Saryu),Uttarakhand,46,Bageshwar,29.94516667,79.9025,2025-06-10,16.5,5.5,5,2025,6,161,16.5,16.5,16.5,0.0,16.5,5.5,5.5,5.5,5,5.0,16.5,9.75,19.0,17.576923076923077,16.5,19.5,114.0,228.5,16.5,16.5,81.5,81.5,5.5,32.5,9.545941546018392,26.11979306471608,2.0,13.0,bageshwar,NORMAL,0.0,0.0,,,,,,,,,,,,,,,,NORMAL,0.9796693121693121,97.97,EXTREME
6524,Khati_1,Uttarakhand,46,Bageshwar,30.11019722,79.94055833,2025-06-10,0.5,0.5,1,2025,6,161,0.5,0.5,0.5,0.0,0.5,0.5,0.5,0.5,1,1.0,0.5,0.5,0.5,0.5,0.5,1.0,1.0,1.0,0.5,0.5,0.5,0.5,0.5,0.5,0.0,0.0,2.0,2.0,bageshwar,NORMAL,0.0,0.0,,,,,,,,,,,,,,,,NORMAL,0.9785264550264551,97.85,EXTREME
6529,Guptkashi_1,Uttarakhand,54,Rudraprayag,30.52863889,79.08508333,2025-06-11,0.5,0.5,1,2025,6,162,0.5,0.5,0.5,0.0,0.5,0.5,0.5,0.5,1,1.0,0.5,0.75,61.583333333333336,31.76923076923077,0.5,1.5,369.5,413.0,0.5,1.0,366.0,366.0,0.5,366.0,0.3535533905932738,100.97970410446666,2.0,13.0,rudraprayag,NORMAL,0.0,1.0,,,,,,,,,,,,,,,,NORMAL,0.9512521380815501,95.13,EXTREME
6525,Baijnath (Gomti),Uttarakhand,46,Bageshwar,29.90822222,79.61769444,2025-06-11,4.0,3.5,2,2025,6,162,4.0,4.0,4.0,0.0,4.0,3.5,3.5,3.5,2,2.0,4.0,4.0,4.8,6.818181818181818,4.0,4.0,24.0,75.0,4.0,4.0,11.5,18.5,3.5,13.0,0.0,4.879921757942373,1.0,11.0,bageshwar,NORMAL,0.0,0.0,,,,,,,,,,,,,,,,NORMAL,0.9771765779864372,97.72,EXTREME
6530,Jhala_1,Uttarakhand,57,Uttarkashi,31.01533333,78.71222222,2025-06-11,0.5,0.5,1,2025,6,162,0.5,0.5,0.5,0.0,0.5,0.5,0.5,0.5,1,1.0,0.5,0.5,0.8,1.4285714285714286,0.5,0.5,4.0,10.0,0.5,0.5,1.5,3.0,0.5,1.0,0.0,1.1338934190277017,1.0,7.0,uttarkashi,NORMAL,0.0,0.0,,,,,,,,,,,,,,,,NORMAL,0.9345178537246801,93.45,EXTREME
6527,Danda_1,Uttarakhand,48,Champawat,29.15927778,80.10852778,2025-06-11,2.5,2.0,2,2025,6,162,2.5,2.5,2.5,0.0,2.5,2.0,2.0,2.0,2,2.0,2.5,2.5,9.25,10.642857142857142,2.5,2.5,18.5,74.5,2.5,2.5,16.0,18.5,2.0,16.5,0.0,7.081162132224987,1.0,7.0,champawat,NORMAL,0.0,0.0,,,,,,,,,,,,,,,,NORMAL,0.7760120631995174,77.6,VERY HIGH
6528,Basukedar,Uttarakhand,54,Rudraprayag,30.43919444,79.05633333,2025-06-11,3.0,1.5,3,2025,6,162,3.0,3.0,3.0,0.0,3.0,1.5,1.5,1.5,3,3.0,3.0,3.0,2.25,11.866666666666667,3.0,3.0,9.0,178.0,3.0,3.0,4.0,93.0,1.5,44.5,0.0,23.483631584168418,1.0,15.0,rudraprayag,NORMAL,0.0,1.0,,,,,,,,,,,,,,,,NORMAL,0.8915739969660246,89.16,EXTREME
6526,Kapkot (Saryu),Uttarakhand,46,Bageshwar,29.94516667,79.9025,2025-06-11,47.5,13.0,11,2025,6,162,47.5,47.5,47.5,0.0,47.5,13.0,13.0,13.0,11,11.0,32.0,22.33333333333333,13.333333333333334,19.714285714285715,64.0,67.0,80.0,276.0,47.5,47.5,47.5,81.5,13.0,32.5,22.81629534638201,26.33856070896397,3.0,14.0,bageshwar,NORMAL,0.0,0.0,,,,,,,,,,,,,,,,NORMAL,0.922081672445555,92.21,EXTREME
6533,Rithakhal,Uttarakhand,48,Champawat,29.44911111,79.882,2025-06-12,11.0,6.0,4,2025,6,163,11.0,11.0,11.0,0.0,11.0,6.0,6.0,6.0,4,4.0,11.0,11.0,7.0,7.714285714285714,11.0,11.0,21.0,54.0,11.0,11.0,11.0,16.5,6.0,6.0,0.0,5.162824992652912,1.0,7.0,champawat,NORMAL,0.0,0.0,,,,,,,,,,,,,,,,NORMAL,0.9202499709516925,92.02,EXTREME
6535,Mukteshwar_1,Uttarakhand,51,Nainital,29.47413889,79.65119444,2025-06-12,6.0,3.5,4,2025,6,163,6.0,6.0,6.0,0.0,6.0,3.5,3.5,3.5,4,4.0,6.0,6.0,23.1,22.11111111111111,6.0,6.0,115.5,199.0,6.0,6.0,99.5,99.5,3.5,96.0,0.0,32.775541354966364,1.0,9.0,nainital,NORMAL,0.0,0.0,,,,,,,,,,,,,,,,NORMAL,0.8163284696403301,81.63,EXTREME
6531,Baijnath (Gomti),Uttarakhand,46,Bageshwar,29.90822222,79.61769444,2025-06-12,3.0,1.5,2,2025,6,163,3.0,3.0,3.0,0.0,3.0,1.5,1.5,1.5,2,2.0,3.5,3.5,4.7,6.5,7.0,7.0,23.5,78.0,4.0,4.0,11.5,18.5,3.5,13.0,0.7071067811865476,4.781593496277064,2.0,12.0,bageshwar,NORMAL,0.0,0.0,,,,,,,,,,,,,,,,NORMAL,0.8682271486311296,86.82,EXTREME
6534,Chakrata,Uttarakhand,49,Dehradun,30.76115556,77.86502778,2025-06-12,4.0,4.0,1,2025,6,163,4.0,4.0,4.0,0.0,4.0,4.0,4.0,4.0,1,1.0,4.0,4.0,7.875,6.25,4.0,4.0,31.5,50.0,4.0,4.0,15.0,15.0,4.0,8.0,0.0,6.318905872741839,1.0,8.0,dehradun,NORMAL,0.0,0.0,,,,,,,,,,,,,,,,NORMAL,0.9108808976391837,91.09,EXTREME
6532,Kapkot (Saryu),Uttarakhand,46,Bageshwar,29.94516667,79.9025,2025-06-12,30.5,12.5,7,2025,6,163,30.5,30.5,30.5,0.0,30.5,12.5,12.5,12.5,7,7.0,31.5,31.5,16.833333333333332,20.433333333333334,94.5,94.5,101.0,306.5,47.5,47.5,47.5,81.5,13.0,32.5,15.52417469626002,25.53279870135293,3.0,15.0,bageshwar,NORMAL,0.0,0.0,,,,,,,,,,,,,,,,NORMAL,0.9176061379472731,91.76,EXTREME
6537,Gadarpur,Uttarakhand,56,UDHAM SINGH NAGAR,29.04324167,79.24461944,2025-06-12,5.0,5.0,1,2025,6,163,5.0,5.0,5.0,0.0,5.0,5.0,5.0,5.0,1,1.0,5.0,5.0,4.5,17.75,5.0,5.0,9.0,142.0,5.0,5.0,5.0,71.0,5.0,48.0,0.0,26.557215860961676,1.0,8.0,udham singh nagar,NORMAL,0.0,0.0,,,,,,,,,,,,,,,,NORMAL,0.7341776963776964,73.42,VERY HIGH
6536,Basukedar,Uttarakhand,54,Rudraprayag,30.43919444,79.05633333,2025-06-12,42.5,18.0,6,2025,6,163,42.5,42.5,42.5,0.0,42.5,18.0,18.0,18.0,6,6.0,22.75,22.75,11.875,14.233333333333333,45.5,45.5,47.5,213.5,42.5,42.5,42.5,93.0,18.0,44.5,27.93071785686863,24.714705474002045,2.0,15.0,rudraprayag,NORMAL,0.0,1.0,,,,,,,,,,,,,,,,NORMAL,0.7629764364503286,76.3,VERY HIGH
6542,Chakrata,Uttarakhand,49,Dehradun,30.76115556,77.86502778,2025-06-13,0.5,0.5,1,2025,6,164,0.5,0.5,0.5,0.0,0.5,0.5,0.5,0.5,1,1.0,2.25,2.25,5.125,5.611111111111111,4.5,4.5,20.5,50.5,4.0,4.0,15.0,15.0,4.0,8.0,2.4748737341529163,6.2137839607690735,2.0,9.0,dehradun,NORMAL,0.0,0.0,,,,,,,,,,,,,,,,NORMAL,0.8381162475868358,83.81,EXTREME
6539,Kapkot (Saryu),Uttarakhand,46,Bageshwar,29.94516667,79.9025,2025-06-13,4.0,2.0,3,2025,6,164,4.0,4.0,4.0,0.0,4.0,2.0,2.0,2.0,3,3.0,27.33333333333333,24.625,17.25,19.40625,82.0,98.5,103.5,310.5,47.5,47.5,47.5,81.5,13.0,32.5,18.701047207754613,25.00681157204973,4.0,16.0,bageshwar,NORMAL,0.0,0.0,,,,,,,,,,,,,,,,NORMAL,0.8739141317206992,87.39,EXTREME
6544,Mukteshwar_1,Uttarakhand,51,Nainital,29.47413889,79.65119444,2025-06-13,1.0,0.5,2,2025,6,164,1.0,1.0,1.0,0.0,1.0,0.5,0.5,0.5,2,2.0,3.5,3.5,23.2,20.0,7.0,7.0,116.0,200.0,6.0,6.0,99.5,99.5,3.5,96.0,3.5355339059327378,31.613991276718664,2.0,10.0,nainital,NORMAL,0.0,0.0,,,,,,,,,,,,,,,,NORMAL,0.916418535385817,91.64,EXTREME
6545,Nainital_1,Uttarakhand,51,Nainital,29.39530278,79.46232778,2025-06-13,206.0,187.0,6,2025,6,164,206.0,206.0,206.0,0.0,206.0,187.0,187.0,187.0,6,6.0,206.0,206.0,75.83333333333333,75.83333333333333,206.0,206.0,227.5,227.5,206.0,206.0,206.0,206.0,187.0,187.0,0.0,112.96053883252034,1.0,3.0,nainital,NORMAL,0.0,0.0,,,,,,,,,,,,,,,,NORMAL,0.9400355107855108,94.0,EXTREME
6549,Gadarpur,Uttarakhand,56,UDHAM SINGH NAGAR,29.04324167,79.24461944,2025-06-13,51.0,10.0,14,2025,6,164,51.0,51.0,51.0,0.0,51.0,10.0,10.0,10.0,14,14.0,28.0,28.0,20.0,21.444444444444443,56.0,56.0,60.0,193.0,51.0,51.0,51.0,71.0,10.0,48.0,32.526911934581186,27.202302802847,2.0,9.0,udham singh nagar,NORMAL,0.0,0.0,,,,,,,,,,,,,,,,NORMAL,0.9355320278133744,93.55,EXTREME
6547,Dharchula_1,Uttarakhand,53,Pithoragarh,29.84825,80.54047222,2025-06-13,2.5,2.5,1,2025,6,164,2.5,2.5,2.5,0.0,2.5,2.5,2.5,2.5,1,1.0,2.5,2.5,2.5,1.5,2.5,2.5,2.5,3.0,2.5,2.5,2.5,2.5,2.5,2.5,0.0,1.4142135623730951,1.0,2.0,pithoragarh,NORMAL,0.0,0.0,,,,,,,,,,,,,,,,NORMAL,0.9131755800763174,91.32,EXTREME
6546,Dugadda (Khoh),Uttarakhand,52,PAURI GARHWAL,29.75108333,78.52341667,2025-06-13,0.5,0.5,1,2025,6,164,0.5,0.5,0.5,0.0,0.5,0.5,0.5,0.5,1,1.0,0.5,0.5,0.5,0.5,0.5,0.5,0.5,0.5,0.5,0.5,0.5,0.5,0.5,0.5,0.0,0.0,1.0,1.0,pauri garhwal,NORMAL,0.0,0.0,,,,,,,,,,,,,,,,NORMAL,0.9242337121821385,92.42,EXTREME
6543,Roorkee_2,Uttarakhand,50,Haridwar,29.86771944,77.88415556,2025-06-13,12.5,7.0,2,2025,6,164,12.5,12.5,12.5,0.0,12.5,7.0,7.0,7.0,2,2.0,12.5,12.5,7.25,11.75,12.5,12.5,14.5,47.0,12.5,12.5,12.5,23.5,7.0,14.0,0.0,8.967534034876403,1.0,4.0,haridwar,NORMAL,0.0,0.0,,,,,,,,,,,,,,,,NORMAL,0.9294181096681098,92.94,EXTREME
6538,Baijnath (Gomti),Uttarakhand,46,Bageshwar,29.90822222,79.61769444,2025-06-13,6.0,3.0,3,2025,6,164,6.0,6.0,6.0,0.0,6.0,3.0,3.0,3.0,3,3.0,4.333333333333333,4.333333333333333,5.7,6.461538461538462,13.0,13.0,28.5,84.0,6.0,6.0,11.5,18.5,3.5,13.0,1.5275252316519468,4.580127083669909,3.0,13.0,bageshwar,NORMAL,0.0,0.0,,,,,,,,,,,,,,,,NORMAL,0.9564164510191466,95.64,EXTREME
6548,Basukedar,Uttarakhand,54,Rudraprayag,30.43919444,79.05633333,2025-06-13,1.5,1.5,1,2025,6,164,1.5,1.5,1.5,0.0,1.5,1.5,1.5,1.5,1,1.0,15.666666666666666,15.666666666666666,11.875,13.4375,47.0,47.0,47.5,215.0,42.5,42.5,42.5,93.0,18.0,44.5,23.25044802435715,24.08794650165652,3.0,16.0,rudraprayag,NORMAL,0.0,1.0,,,,,,,,,,,,,,,,NORMAL,0.9589909749120277,95.9,EXTREME
6541,Rithakhal,Uttarakhand,48,Champawat,29.44911111,79.882,2025-06-13,5.5,5.5,1,2025,6,164,5.5,5.5,5.5,0.0,5.5,5.5,5.5,5.5,1,1.0,8.25,8.25,6.625,7.4375,16.5,16.5,26.5,59.5,11.0,11.0,11.0,16.5,6.0,6.0,3.8890872965260113,4.843533981358148,2.0,8.0,champawat,NORMAL,0.0,0.0,,,,,,,,,,,,,,,,NORMAL,0.9809444444444444,98.09,EXTREME
6540,Danda_1,Uttarakhand,48,Champawat,29.15927778,80.10852778,2025-06-13,17.0,15.0,3,2025,6,164,17.0,17.0,17.0,0.0,17.0,15.0,15.0,15.0,3,3.0,9.75,9.75,9.75,11.4375,19.5,19.5,19.5,91.5,17.0,17.0,17.0,18.5,15.0,16.5,10.253048327204938,6.930458137814555,2.0,8.0,champawat,NORMAL,0.0,0.0,,,,,,,,,,,,,,,,NORMAL,0.9246172346172347,92.46,EXTREME
6551,Nainital_1,Uttarakhand,51,Nainital,29.39530278,79.46232778,2025-06-14,256.0,256.0,1,2025,6,165,256.0,256.0,256.0,0.0,256.0,256.0,256.0,256.0,1,1.0,231.0,231.0,120.875,120.875,462.0,462.0,483.5,483.5,256.0,256.0,256.0,256.0,256.0,256.0,35.35533905932738,128.92528521072455,2.0,4.0,nainital,NORMAL,0.0,0.0,,,,,,,,,,,,,,,,NORMAL,0.9678234126984128,96.78,EXTREME
6550,Mukteshwar_1,Uttarakhand,51,Nainital,29.47413889,79.65119444,2025-06-14,1.0,0.5,2,2025,6,165,1.0,1.0,1.0,0.0,1.0,0.5,0.5,0.5,2,2.0,2.6666666666666665,2.6666666666666665,19.5,18.272727272727277,8.0,8.0,117.0,201.0,6.0,6.0,99.5,99.5,3.5,96.0,2.8867513459481287,30.533885796245805,3.0,11.0,nainital,NORMAL,0.0,0.0,,,,,,,,,,,,,,,,NORMAL,0.9033481518481519,90.33,EXTREME
6552,Guptkashi_1,Uttarakhand,54,Rudraprayag,30.52863889,79.08508333,2025-06-14,0.5,0.5,1,2025,6,165,0.5,0.5,0.5,0.0,0.5,0.5,0.5,0.5,1,1.0,0.5,0.5,0.7,31.76923076923077,0.5,1.0,3.5,413.0,0.5,0.5,1.0,366.0,0.5,366.0,0.0,100.97970410446666,2.0,13.0,rudraprayag,NORMAL,0.0,1.0,,,,,,,,,,,,,,,,NORMAL,0.9356681096681098,93.57,EXTREME
6557,Roorkee_2,Uttarakhand,50,Haridwar,29.86771944,77.88415556,2025-06-15,28.0,11.5,5,2025,6,166,28.0,28.0,28.0,0.0,28.0,11.5,11.5,11.5,5,5.0,20.25,20.25,14.166666666666666,15.0,40.5,40.5,42.5,75.0,28.0,28.0,28.0,28.0,11.5,14.0,10.960155108391486,10.636023693091325,2.0,5.0,haridwar,NORMAL,0.0,0.0,,,,,,,,,,,,,,,,NORMAL,0.9577063492063492,95.77,EXTREME
6558,Dugadda (Khoh),Uttarakhand,52,PAURI GARHWAL,29.75108333,78.52341667,2025-06-15,0.5,0.5,1,2025,6,166,0.5,0.5,0.5,0.0,0.5,0.5,0.5,0.5,1,1.0,0.5,0.5,0.5,0.5,1.0,1.0,1.0,1.0,0.5,0.5,0.5,0.5,0.5,0.5,0.0,0.0,2.0,2.0,pauri garhwal,NORMAL,0.0,0.0,,,,,,,,,,,,,,,,NORMAL,0.9517586487586488,95.18,EXTREME
6562,Gadarpur,Uttarakhand,56,UDHAM SINGH NAGAR,29.04324167,79.24461944,2025-06-15,10.0,3.5,6,2025,6,166,10.0,10.0,10.0,0.0,10.0,3.5,3.5,3.5,6,6.0,30.5,22.0,17.5,22.11111111111111,61.0,66.0,70.0,199.0,51.0,51.0,51.0,71.0,10.0,48.0,25.238858928247925,26.79176386711243,3.0,9.0,udham singh nagar,NORMAL,0.0,0.0,,,,,,,,,,,,,,,,NORMAL,0.9405641534391533,94.06,EXTREME
6555,Danda_1,Uttarakhand,48,Champawat,29.15927778,80.10852778,2025-06-15,16.5,9.5,2,2025,6,166,16.5,16.5,16.5,0.0,16.5,9.5,9.5,9.5,2,2.0,16.75,12.0,12.0,13.4375,33.5,36.0,36.0,107.5,17.0,17.0,17.0,18.5,15.0,16.5,8.231038816577165,5.480077554195742,3.0,8.0,champawat,NORMAL,0.0,0.0,,,,,,,,,,,,,,,,NORMAL,0.9193768206252441,91.94,EXTREME
6561,Sonprayag_1,Uttarakhand,54,Rudraprayag,30.63547222,78.99941667,2025-06-15,106.0,106.0,1,2025,6,166,106.0,106.0,106.0,0.0,106.0,106.0,106.0,106.0,1,1.0,106.0,106.0,106.0,106.0,106.0,106.0,106.0,106.0,106.0,106.0,106.0,106.0,106.0,106.0,0.0,0.0,1.0,1.0,rudraprayag,NORMAL,0.0,1.0,,,,,,,,,,,,,,,,NORMAL,0.9404662612426695,94.05,EXTREME
6556,Chakrata,Uttarakhand,49,Dehradun,30.76115556,77.86502778,2025-06-15,1.0,0.5,2,2025,6,166,1.0,1.0,1.0,0.0,1.0,0.5,0.5,0.5,2,2.0,0.75,1.8333333333333333,5.125,5.15,1.5,5.5,20.5,51.5,1.0,4.0,15.0,15.0,4.0,8.0,1.8929694486000912,6.037153486720551,3.0,10.0,dehradun,NORMAL,0.0,0.0,,,,,,,,,,,,,,,,NORMAL,0.9017672889186974,90.18,EXTREME
6559,Dharchula_1,Uttarakhand,53,Pithoragarh,29.84825,80.54047222,2025-06-15,0.5,0.5,1,2025,6,166,0.5,0.5,0.5,0.0,0.5,0.5,0.5,0.5,1,1.0,1.5,1.5,1.5,1.1666666666666667,3.0,3.0,3.0,3.5,2.5,2.5,2.5,2.5,2.5,2.5,1.4142135623730951,1.1547005383792517,2.0,3.0,pithoragarh,NORMAL,0.0,0.0,,,,,,,,,,,,,,,,NORMAL,0.9284366519630602,92.84,EXTREME
6563,Jhala_1,Uttarakhand,57,Uttarkashi,31.01533333,78.71222222,2025-06-15,0.5,0.5,1,2025,6,166,0.5,0.5,0.5,0.0,0.5,0.5,0.5,0.5,1,1.0,0.5,0.5,0.875,1.3125,0.5,1.0,3.5,10.5,0.5,0.5,1.5,3.0,0.5,1.0,0.0,1.0999188281739103,2.0,8.0,uttarkashi,NORMAL,0.0,0.0,,,,,,,,,,,,,,,,NORMAL,0.8710064253974478,87.1,EXTREME
6554,Kapkot (Saryu),Uttarakhand,46,Bageshwar,29.94516667,79.9025,2025-06-15,61.0,35.0,8,2025,6,166,61.0,61.0,61.0,0.0,61.0,35.0,35.0,35.0,8,8.0,32.5,31.9,23.5,23.866666666666667,65.0,159.5,164.5,358.0,61.0,61.0,61.0,81.5,35.0,35.0,22.95484698271805,27.338138369753896,5.0,15.0,bageshwar,NORMAL,0.0,0.0,,,,,,,,,,,,,,,,NORMAL,0.8483186832736354,84.83,EXTREME
6553,Baijnath (Gomti),Uttarakhand,46,Bageshwar,29.90822222,79.61769444,2025-06-15,5.0,3.0,3,2025,6,166,5.0,5.0,5.0,0.0,5.0,3.0,3.0,3.0,3,3.0,5.5,4.5,5.583333333333333,6.346153846153846,11.0,18.0,33.5,82.5,6.0,6.0,11.5,18.5,3.5,13.0,1.2909944487358058,4.597937107119689,4.0,13.0,bageshwar,NORMAL,0.0,0.0,,,,,,,,,,,,,,,,NORMAL,0.925190617155407,92.52,EXTREME
6560,Basukedar,Uttarakhand,54,Rudraprayag,30.43919444,79.05633333,2025-06-15,3.5,1.5,3,2025,6,166,3.5,3.5,3.5,0.0,3.5,1.5,1.5,1.5,3,3.0,2.5,12.625,10.2,13.6,5.0,50.5,51.0,204.0,3.5,42.5,42.5,93.0,18.0,44.5,19.934789523176143,24.89994262758737,4.0,15.0,rudraprayag,NORMAL,0.0,1.0,,,,,,,,,,,,,,,,NORMAL,0.8502939482452405,85.03,EXTREME
6571,Nainital_1,Uttarakhand,51,Nainital,29.39530278,79.46232778,2025-06-16,8.5,2.5,5,2025,6,167,8.5,8.5,8.5,0.0,8.5,2.5,2.5,2.5,5,5.0,132.25,156.83333333333334,122.125,98.4,264.5,470.5,488.5,492.0,256.0,256.0,256.0,256.0,256.0,256.0,130.870483048445,122.44151665182852,3.0,5.0,nainital,NORMAL,0.0,0.0,,,,,,,,,,,,,,,,NORMAL,0.8098806838481447,80.99,EXTREME
6566,Danda_1,Uttarakhand,48,Champawat,29.15927778,80.10852778,2025-06-16,61.5,46.0,7,2025,6,167,61.5,61.5,61.5,0.0,61.5,46.0,46.0,46.0,7,7.0,39.0,24.375,24.375,18.77777777777778,78.0,97.5,97.5,169.0,61.5,61.5,61.5,61.5,46.0,46.0,25.646231042136904,16.82095254272018,4.0,9.0,champawat,NORMAL,0.0,0.0,,,,,,,,,,,,,,,,NORMAL,0.8620062761141242,86.2,EXTREME
6567,Chakrata,Uttarakhand,49,Dehradun,30.76115556,77.86502778,2025-06-16,0.5,0.5,1,2025,6,167,0.5,0.5,0.5,0.0,0.5,0.5,0.5,0.5,1,1.0,0.75,1.5,4.2,4.95,1.5,6.0,21.0,49.5,1.0,4.0,15.0,15.0,4.0,8.0,1.6832508230603465,6.166441437328331,4.0,10.0,dehradun,NORMAL,0.0,0.0,,,,,,,,,,,,,,,,NORMAL,0.7729791656173671,77.3,VERY HIGH
6572,Guptkashi_1,Uttarakhand,54,Rudraprayag,30.52863889,79.08508333,2025-06-16,1.0,0.5,2,2025,6,167,1.0,1.0,1.0,0.0,1.0,0.5,0.5,0.5,2,2.0,0.75,0.6666666666666666,0.8,31.76923076923077,1.5,2.0,4.0,413.0,1.0,1.0,1.0,366.0,0.5,366.0,0.2886751345948129,100.97970410446666,3.0,13.0,rudraprayag,NORMAL,0.0,1.0,,,,,,,,,,,,,,,,NORMAL,0.991513838013838,99.15,EXTREME
6565,Baijnath (Gomti),Uttarakhand,46,Bageshwar,29.90822222,79.61769444,2025-06-16,0.5,0.5,1,2025,6,167,0.5,0.5,0.5,0.0,0.5,0.5,0.5,0.5,1,1.0,2.75,3.7,5.0,5.730769230769231,5.5,18.5,30.0,74.5,5.0,6.0,11.5,18.5,3.5,13.0,2.109502310972899,4.815839251087005,5.0,13.0,bageshwar,NORMAL,0.0,0.0,,,,,,,,,,,,,,,,NORMAL,0.9815529609279611,98.16,EXTREME
6573,Gadarpur,Uttarakhand,56,UDHAM SINGH NAGAR,29.04324167,79.24461944,2025-06-16,33.0,6.0,8,2025,6,167,33.0,33.0,33.0,0.0,33.0,6.0,6.0,6.0,8,8.0,21.5,24.75,20.6,23.2,43.0,99.0,103.0,232.0,33.0,51.0,51.0,71.0,10.0,48.0,21.328775554791388,25.493136331177457,4.0,10.0,udham singh nagar,NORMAL,0.0,0.0,,,,,,,,,,,,,,,,NORMAL,0.9469517008762366,94.7,EXTREME
6568,Manglaur_1,Uttarakhand,50,Haridwar,29.78567778,77.86368889,2025-06-16,0.5,0.5,1,2025,6,167,0.5,0.5,0.5,0.0,0.5,0.5,0.5,0.5,1,1.0,0.5,0.5,0.5,0.5,0.5,0.5,0.5,1.0,0.5,0.5,0.5,0.5,0.5,0.5,0.0,0.0,1.0,2.0,haridwar,NORMAL,0.0,0.0,,,,,,,,,,,,,,,,NORMAL,0.9433698368768026,94.34,EXTREME
6569,Haldwani_1,Uttarakhand,51,Nainital,29.214725,79.52400278,2025-06-16,14.5,7.0,5,2025,6,167,14.5,14.5,14.5,0.0,14.5,7.0,7.0,7.0,5,5.0,14.5,14.5,10.5,9.3,14.5,14.5,21.0,93.0,14.5,14.5,14.5,22.0,7.0,15.5,0.0,8.423512067751538,1.0,10.0,nainital,NORMAL,0.0,0.0,,,,,,,,,,,,,,,,NORMAL,0.6250370474342322,62.5,VERY HIGH
6564,Lamgara,Uttarakhand,45,Almora,29.53866667,79.74994444,2025-06-16,0.5,0.5,1,2025,6,167,0.5,0.5,0.5,0.0,0.5,0.5,0.5,0.5,1,1.0,0.5,0.5,0.6666666666666666,1.4411764705882353,0.5,0.5,2.0,24.5,0.5,0.5,1.0,5.0,0.5,0.5,0.0,1.3564930996550524,1.0,17.0,almora,NORMAL,0.0,0.0,,,,,,,,,,,,,,,,NORMAL,0.931479917789993,93.15,EXTREME
6570,Mukteshwar_1,Uttarakhand,51,Nainital,29.47413889,79.65119444,2025-06-16,3.0,1.0,4,2025,6,167,3.0,3.0,3.0,0.0,3.0,1.0,1.0,1.0,4,4.0,2.0,2.75,3.4166666666666665,17.90909090909091,4.0,11.0,20.5,197.0,3.0,6.0,9.0,99.5,3.5,96.0,2.362907813126304,30.704900408418663,4.0,11.0,nainital,NORMAL,0.0,0.0,,,,,,,,,,,,,,,,NORMAL,0.6168031440502634,61.68,VERY HIGH
6574,Jhala_1,Uttarakhand,57,Uttarkashi,31.01533333,78.71222222,2025-06-16,0.5,0.5,1,2025,6,167,0.5,0.5,0.5,0.0,0.5,0.5,0.5,0.5,1,1.0,0.5,0.5,0.8,1.2222222222222223,1.0,1.5,4.0,11.0,0.5,0.5,1.5,3.0,0.5,1.0,0.0,1.063928777900325,3.0,9.0,uttarkashi,NORMAL,0.0,0.0,,,,,,,,,,,,,,,,NORMAL,0.9277199192600373,92.77,EXTREME
6578,Chakrata,Uttarakhand,49,Dehradun,30.76115556,77.86502778,2025-06-17,22.0,14.0,4,2025,6,168,22.0,22.0,22.0,0.0,22.0,14.0,14.0,14.0,4,4.0,7.833333333333333,5.6,7.166666666666667,6.5,23.5,28.0,43.0,71.5,22.0,22.0,22.0,22.0,14.0,14.0,9.283049068059482,7.787810988975009,5.0,11.0,dehradun,NORMAL,0.0,0.0,,,,,,,,,,,,,,,,NORMAL,0.9653820141211442,96.54,EXTREME
6583,Jhala_1,Uttarakhand,57,Uttarkashi,31.01533333,78.71222222,2025-06-17,3.5,0.5,7,2025,6,168,3.5,3.5,3.5,0.0,3.5,0.5,0.5,0.5,7,7.0,1.5,1.25,1.2,1.45,4.5,5.0,6.0,14.5,3.5,3.5,3.5,3.5,0.5,1.0,1.5,1.234908903522859,4.0,10.0,uttarkashi,NORMAL,0.0,0.0,,,,,,,,,,,,,,,,NORMAL,0.9668514605169609,96.69,EXTREME
6579,Roorkee_2,Uttarakhand,50,Haridwar,29.86771944,77.88415556,2025-06-17,5.0,5.0,1,2025,6,168,5.0,5.0,5.0,0.0,5.0,5.0,5.0,5.0,1,1.0,16.5,15.166666666666666,11.875,13.333333333333334,33.0,45.5,47.5,80.0,28.0,28.0,28.0,28.0,11.5,14.0,11.729592206608606,10.352133435513023,3.0,6.0,haridwar,NORMAL,0.0,0.0,,,,,,,,,,,,,,,,NORMAL,0.9537630428714104,95.38,EXTREME
6582,Tumaria,Uttarakhand,56,UDHAM SINGH NAGAR,29.30704722,78.93133056,2025-06-17,8.0,4.5,4,2025,6,168,8.0,8.0,8.0,0.0,8.0,4.5,4.5,4.5,4,4.0,8.0,8.0,8.0,8.0,8.0,8.0,8.0,8.0,8.0,8.0,8.0,8.0,4.5,4.5,0.0,0.0,1.0,1.0,udham singh nagar,NORMAL,0.0,0.0,,,,,,,,,,,,,,,,NORMAL,0.9469517008762366,94.7,EXTREME
6580,Dugadda (Khoh),Uttarakhand,52,PAURI GARHWAL,29.75108333,78.52341667,2025-06-17,1.0,0.5,2,2025,6,168,1.0,1.0,1.0,0.0,1.0,0.5,0.5,0.5,2,2.0,0.75,0.6666666666666666,0.6666666666666666,0.6666666666666666,1.5,2.0,2.0,2.0,1.0,1.0,1.0,1.0,0.5,0.5,0.2886751345948129,0.2886751345948129,3.0,3.0,pauri garhwal,NORMAL,0.0,0.0,,,,,,,,,,,,,,,,NORMAL,0.7451166154075259,74.51,VERY HIGH
6581,Basukedar,Uttarakhand,54,Rudraprayag,30.43919444,79.05633333,2025-06-17,0.5,0.5,1,2025,6,168,0.5,0.5,0.5,0.0,0.5,0.5,0.5,0.5,1,1.0,2.0,10.2,10.2,13.464285714285714,4.0,51.0,51.0,188.5,3.5,42.5,42.5,93.0,18.0,44.5,18.095579570712843,26.000343404325587,5.0,14.0,rudraprayag,NORMAL,0.0,1.0,,,,,,,,,,,,,,,,NORMAL,0.8614321491199507,86.14,EXTREME
6577,Danda_1,Uttarakhand,48,Champawat,29.15927778,80.10852778,2025-06-17,1.0,1.0,1,2025,6,168,1.0,1.0,1.0,0.0,1.0,1.0,1.0,1.0,1,1.0,26.33333333333333,19.7,19.7,17.0,79.0,98.5,98.5,170.0,61.5,61.5,61.5,61.5,46.0,46.0,24.54740312130797,16.825905952165282,5.0,10.0,champawat,NORMAL,0.0,0.0,,,,,,,,,,,,,,,,NORMAL,0.6893560991219446,68.94,VERY HIGH
6576,Khati_1,Uttarakhand,46,Bageshwar,30.11019722,79.94055833,2025-06-17,96.0,96.0,1,2025,6,168,96.0,96.0,96.0,0.0,96.0,96.0,96.0,96.0,1,1.0,96.0,96.0,32.333333333333336,32.333333333333336,96.0,96.0,97.0,97.0,96.0,96.0,96.0,96.0,96.0,96.0,0.0,55.13695070760926,1.0,3.0,bageshwar,NORMAL,0.0,0.0,,,,,,,,,,,,,,,,NORMAL,0.732632343681292,73.26,VERY HIGH
6575,Kapkot (Saryu),Uttarakhand,46,Bageshwar,29.94516667,79.9025,2025-06-17,2.0,2.0,1,2025,6,168,2.0,2.0,2.0,0.0,2.0,2.0,2.0,2.0,1,1.0,31.5,29.0,23.5,22.5,63.0,145.0,164.5,360.0,61.0,61.0,61.0,81.5,35.0,35.0,26.08879069638913,26.970972050212318,5.0,16.0,bageshwar,NORMAL,0.0,0.0,,,,,,,,,,,,,,,,NORMAL,0.7223450087612753,72.23,VERY HIGH
6588,Roorkee_2,Uttarakhand,50,Haridwar,29.86771944,77.88415556,2025-06-18,6.5,5.5,3,2025,6,169,6.5,6.5,6.5,0.0,6.5,5.5,5.5,5.5,3,3.0,5.75,13.0,13.0,12.357142857142858,11.5,52.0,52.0,86.5,6.5,28.0,28.0,28.0,11.5,14.0,10.51189802081432,9.796743871113016,4.0,7.0,haridwar,NORMAL,0.0,0.0,,,,,,,,,,,,,,,,NORMAL,0.797459581760793,79.75,VERY HIGH
6597,Jhala_1,Uttarakhand,57,Uttarkashi,31.01533333,78.71222222,2025-06-18,1.5,0.5,3,2025,6,169,1.5,1.5,1.5,0.0,1.5,0.5,0.5,0.5,3,3.0,1.8333333333333333,1.5,1.3,1.4545454545454546,5.5,6.0,6.5,16.0,3.5,3.5,3.5,3.5,0.5,1.0,1.4142135623730951,1.1716344450071874,4.0,11.0,uttarkashi,NORMAL,0.0,0.0,,,,,,,,,,,,,,,,NORMAL,0.9691507936507935,96.92,EXTREME
6595,Gadarpur,Uttarakhand,56,UDHAM SINGH NAGAR,29.04324167,79.24461944,2025-06-18,24.0,4.5,11,2025,6,169,24.0,24.0,24.0,0.0,24.0,4.5,4.5,4.5,11,11.0,28.5,24.6,24.6,25.35,57.0,123.0,123.0,253.5,33.0,51.0,51.0,71.0,10.0,48.0,18.474306482247176,24.4381873304875,5.0,10.0,udham singh nagar,NORMAL,0.0,0.0,,,,,,,,,,,,,,,,NORMAL,0.9607725906072225,96.08,EXTREME
6596,Tumaria,Uttarakhand,56,UDHAM SINGH NAGAR,29.30704722,78.93133056,2025-06-18,2.0,2.0,1,2025,6,169,2.0,2.0,2.0,0.0,2.0,2.0,2.0,2.0,1,1.0,5.0,5.0,5.0,5.0,10.0,10.0,10.0,10.0,8.0,8.0,8.0,8.0,4.5,4.5,4.242640687119285,4.242640687119285,2.0,2.0,udham singh nagar,NORMAL,0.0,0.0,,,,,,,,,,,,,,,,NORMAL,0.9793373015873016,97.93,EXTREME
6584,Kapkot (Saryu),Uttarakhand,46,Bageshwar,29.94516667,79.9025,2025-06-18,0.5,0.5,1,2025,6,169,0.5,0.5,0.5,0.0,0.5,0.5,0.5,0.5,1,1.0,1.25,19.6,20.625,22.4375,2.5,98.0,165.0,359.0,2.0,61.0,61.0,81.5,35.0,35.0,26.22355811098105,27.023986259124204,5.0,16.0,bageshwar,NORMAL,0.0,0.0,,,,,,,,,,,,,,,,NORMAL,0.9725754856006532,97.26,EXTREME
6593,Dharchula_1,Uttarakhand,53,Pithoragarh,29.84825,80.54047222,2025-06-18,49.5,23.5,7,2025,6,169,49.5,49.5,49.5,0.0,49.5,23.5,23.5,23.5,7,7.0,49.5,17.5,17.5,13.25,49.5,52.5,52.5,53.0,49.5,49.5,49.5,49.5,23.5,23.5,27.73084924772409,24.18505047889433,3.0,4.0,pithoragarh,NORMAL,0.0,0.0,,,,,,,,,,,,,,,,NORMAL,0.9490927883050377,94.91,EXTREME
6585,Nandprayag (Nandakini),Uttarakhand,47,Chamoli,30.33122222,79.31063889,2025-06-18,0.5,0.5,1,2025,6,169,0.5,0.5,0.5,0.0,0.5,0.5,0.5,0.5,1,1.0,0.5,0.5,0.5,0.5,0.5,0.5,0.5,0.5,0.5,0.5,0.5,0.5,0.5,0.5,0.0,0.0,1.0,1.0,chamoli,NORMAL,0.0,0.0,,,,,,,,,,,,,,,,NORMAL,0.9462064320851069,94.62,EXTREME
6594,Basukedar,Uttarakhand,54,Rudraprayag,30.43919444,79.05633333,2025-06-18,11.5,8.5,4,2025,6,169,11.5,11.5,11.5,0.0,11.5,8.5,8.5,8.5,4,4.0,6.0,11.9,10.416666666666666,14.178571428571429,12.0,59.5,62.5,198.5,11.5,42.5,42.5,93.0,18.0,44.5,17.643695757975426,25.7828260840258,5.0,14.0,rudraprayag,NORMAL,0.0,1.0,,,,,,,,,,,,,,,,NORMAL,0.9514593141036033,95.15,EXTREME
6592,Dugadda (Khoh),Uttarakhand,52,PAURI GARHWAL,29.75108333,78.52341667,2025-06-18,1.0,0.5,2,2025,6,169,1.0,1.0,1.0,0.0,1.0,0.5,0.5,0.5,2,2.0,1.0,0.75,0.75,0.75,2.0,3.0,3.0,3.0,1.0,1.0,1.0,1.0,0.5,0.5,0.2886751345948128,0.2886751345948128,4.0,4.0,pauri garhwal,NORMAL,0.0,0.0,,,,,,,,,,,,,,,,NORMAL,0.9276901659330467,92.77,EXTREME
6589,Haldwani_1,Uttarakhand,51,Nainital,29.214725,79.52400278,2025-06-18,0.5,0.5,1,2025,6,169,0.5,0.5,0.5,0.0,0.5,0.5,0.5,0.5,1,1.0,7.5,7.5,7.5,8.5,15.0,15.0,15.0,93.5,14.5,14.5,14.5,22.0,7.0,15.5,9.899494936611664,8.420213774008365,2.0,11.0,nainital,NORMAL,0.0,0.0,,,,,,,,,,,,,,,,NORMAL,0.8168254600396317,81.68,EXTREME
6586,Danda_1,Uttarakhand,48,Champawat,29.15927778,80.10852778,2025-06-18,95.5,50.5,5,2025,6,169,95.5,95.5,95.5,0.0,95.5,50.5,50.5,50.5,5,5.0,52.66666666666666,38.3,32.333333333333336,24.13636363636364,158.0,191.5,194.0,265.5,95.5,95.5,95.5,95.5,50.5,50.5,39.14811617434484,28.548284457293494,5.0,11.0,champawat,NORMAL,0.0,0.0,,,,,,,,,,,,,,,,NORMAL,0.8713460579936143,87.13,EXTREME
6591,Nainital_1,Uttarakhand,51,Nainital,29.39530278,79.46232778,2025-06-18,2.5,1.5,3,2025,6,169,2.5,2.5,2.5,0.0,2.5,1.5,1.5,1.5,3,3.0,5.5,118.25,118.25,82.41666666666667,11.0,473.0,473.0,494.5,8.5,256.0,256.0,256.0,256.0,256.0,131.80572825184797,116.30280162862228,4.0,6.0,nainital,NORMAL,0.0,0.0,,,,,,,,,,,,,,,,NORMAL,0.7911988971471191,79.12,VERY HIGH
6590,Mukteshwar_1,Uttarakhand,51,Nainital,29.47413889,79.65119444,2025-06-18,11.0,2.5,8,2025,6,169,11.0,11.0,11.0,0.0,11.0,2.5,2.5,2.5,8,8.0,7.0,4.4,3.75,17.333333333333332,14.0,22.0,22.5,208.0,11.0,11.0,11.0,99.5,3.5,96.0,4.219004621945797,29.343834208579587,5.0,12.0,nainital,NORMAL,0.0,0.0,,,,,,,,,,,,,,,,NORMAL,0.6695297858453326,66.95,VERY HIGH
6587,Chakrata,Uttarakhand,49,Dehradun,30.76115556,77.86502778,2025-06-18,1.5,1.0,2,2025,6,169,1.5,1.5,1.5,0.0,1.5,1.0,1.0,1.0,2,2.0,8.0,4.916666666666667,4.916666666666667,6.083333333333333,24.0,29.5,29.5,73.0,22.0,22.0,22.0,22.0,14.0,14.0,8.470045257651618,7.564370229549641,6.0,12.0,dehradun,NORMAL,0.0,0.0,,,,,,,,,,,,,,,,NORMAL,0.9858816258405729,98.59,EXTREME
6608,Jhala_1,Uttarakhand,57,Uttarkashi,31.01533333,78.71222222,2025-06-19,1.0,0.5,2,2025,6,170,1.0,1.0,1.0,0.0,1.0,0.5,0.5,0.5,2,2.0,2.0,1.4,1.25,1.4166666666666667,6.0,7.0,7.5,17.0,3.5,3.5,3.5,3.5,0.5,1.0,1.2449899597988732,1.1247895426040997,5.0,12.0,uttarkashi,NORMAL,0.0,0.0,,,,,,,,,,,,,,,,NORMAL,0.9441127110190576,94.41,EXTREME
6606,Gadarpur,Uttarakhand,56,UDHAM SINGH NAGAR,29.04324167,79.24461944,2025-06-19,5.0,1.5,6,2025,6,170,5.0,5.0,5.0,0.0,5.0,1.5,1.5,1.5,6,6.0,14.5,24.6,21.33333333333333,23.5,29.0,123.0,128.0,258.5,24.0,51.0,51.0,71.0,10.0,48.0,18.474306482247176,23.98228512881956,5.0,11.0,udham singh nagar,NORMAL,0.0,0.0,,,,,,,,,,,,,,,,NORMAL,0.9388702179511275,93.89,EXTREME
6601,Haldwani_1,Uttarakhand,51,Nainital,29.214725,79.52400278,2025-06-19,3.5,2.5,3,2025,6,170,3.5,3.5,3.5,0.0,3.5,2.5,2.5,2.5,3,3.0,2.0,6.166666666666667,6.166666666666667,8.083333333333334,4.0,18.5,18.5,97.0,3.5,14.5,14.5,22.0,7.0,15.5,7.371114795831994,8.157075382015233,3.0,12.0,nainital,NORMAL,0.0,0.0,,,,,,,,,,,,,,,,NORMAL,0.8158713018898064,81.59,EXTREME
6602,Nainital_1,Uttarakhand,51,Nainital,29.39530278,79.46232778,2025-06-19,0.5,0.5,1,2025,6,170,0.5,0.5,0.5,0.0,0.5,0.5,0.5,0.5,1,1.0,1.5,94.7,94.7,70.71428571428571,3.0,473.5,473.5,495.0,2.5,256.0,256.0,256.0,256.0,256.0,125.70829328250385,110.59191393845856,5.0,7.0,nainital,NORMAL,0.0,0.0,,,,,,,,,,,,,,,,NORMAL,0.9398423020278691,93.98,EXTREME
6598,Baijnath (Gomti),Uttarakhand,46,Bageshwar,29.90822222,79.61769444,2025-06-19,0.5,0.5,1,2025,6,170,0.5,0.5,0.5,0.0,0.5,0.5,0.5,0.5,1,1.0,0.5,3.0,3.1666666666666665,5.357142857142857,0.5,12.0,19.0,75.0,0.5,6.0,6.0,18.5,3.0,13.0,2.9154759474226504,4.83349121884376,4.0,14.0,bageshwar,NORMAL,0.0,0.0,,,,,,,,,,,,,,,,NORMAL,0.9370692464906742,93.71,EXTREME
6599,Kapkot (Saryu),Uttarakhand,46,Bageshwar,29.94516667,79.9025,2025-06-19,1.0,1.0,1,2025,6,170,1.0,1.0,1.0,0.0,1.0,1.0,1.0,1.0,1,1.0,1.1666666666666667,13.7,20.375,21.176470588235293,3.5,68.5,163.0,360.0,2.0,61.0,61.0,81.5,35.0,35.0,26.47546033594128,26.677437316292327,5.0,17.0,bageshwar,NORMAL,0.0,0.0,,,,,,,,,,,,,,,,NORMAL,0.929693585115013,92.97,EXTREME
6605,Guptkashi_1,Uttarakhand,54,Rudraprayag,30.52863889,79.08508333,2025-06-19,0.5,0.5,1,2025,6,170,0.5,0.5,0.5,0.0,0.5,0.5,0.5,0.5,1,1.0,0.5,0.6666666666666666,0.625,31.166666666666668,0.5,2.0,2.5,374.0,0.5,1.0,1.0,366.0,0.5,366.0,0.2886751345948129,105.44544762218246,3.0,12.0,rudraprayag,NORMAL,0.0,1.0,,,,,,,,,,,,,,,,NORMAL,0.9627486806088501,96.27,EXTREME
6607,Tumaria,Uttarakhand,56,UDHAM SINGH NAGAR,29.30704722,78.93133056,2025-06-19,7.0,7.0,1,2025,6,170,7.0,7.0,7.0,0.0,7.0,7.0,7.0,7.0,1,1.0,5.666666666666667,5.666666666666667,5.666666666666667,5.666666666666667,17.0,17.0,17.0,17.0,8.0,8.0,8.0,8.0,7.0,7.0,3.214550253664318,3.214550253664318,3.0,3.0,udham singh nagar,NORMAL,0.0,0.0,,,,,,,,,,,,,,,,NORMAL,0.8851744173273585,88.52,EXTREME
6604,Dharchula_1,Uttarakhand,53,Pithoragarh,29.84825,80.54047222,2025-06-19,0.5,0.5,1,2025,6,170,0.5,0.5,0.5,0.0,0.5,0.5,0.5,0.5,1,1.0,25.0,13.25,13.25,10.7,50.0,53.0,53.0,53.5,49.5,49.5,49.5,49.5,23.5,23.5,24.185050478894325,21.70714168194422,4.0,5.0,pithoragarh,NORMAL,0.0,0.0,,,,,,,,,,,,,,,,NORMAL,0.9519903371941231,95.2,EXTREME
6600,Nandprayag (Nandakini),Uttarakhand,47,Chamoli,30.33122222,79.31063889,2025-06-19,0.5,0.5,1,2025,6,170,0.5,0.5,0.5,0.0,0.5,0.5,0.5,0.5,1,1.0,0.5,0.5,0.5,0.5,1.0,1.0,1.0,1.0,0.5,0.5,0.5,0.5,0.5,0.5,0.0,0.0,2.0,2.0,chamoli,NORMAL,0.0,0.0,,,,,,,,,,,,,,,,NORMAL,0.9880555555555556,98.81,EXTREME
6603,Dugadda (Khoh),Uttarakhand,52,PAURI GARHWAL,29.75108333,78.52341667,2025-06-19,0.5,0.5,1,2025,6,170,0.5,0.5,0.5,0.0,0.5,0.5,0.5,0.5,1,1.0,0.8333333333333334,0.7,0.7,0.7,2.5,3.5,3.5,3.5,1.0,1.0,1.0,1.0,0.5,0.5,0.273861278752583,0.273861278752583,5.0,5.0,pauri garhwal,NORMAL,0.0,0.0,,,,,,,,,,,,,,,,NORMAL,0.9675089509175417,96.75,EXTREME
6609,Baijnath (Gomti),Uttarakhand,46,Bageshwar,29.90822222,79.61769444,2025-06-20,6.0,3.0,3,2025,6,171,6.0,6.0,6.0,0.0,6.0,3.0,3.0,3.0,3,3.0,3.25,3.0,3.571428571428572,5.214285714285714,6.5,12.0,25.0,73.0,6.0,6.0,6.0,18.5,3.0,13.0,2.9154759474226504,4.7786153679875945,4.0,14.0,bageshwar,NORMAL,0.0,0.0,,,,,,,,,,,,,,,,NORMAL,0.9702572831006565,97.03,EXTREME
6611,Danda_1,Uttarakhand,48,Champawat,29.15927778,80.10852778,2025-06-20,22.5,7.0,6,2025,6,171,22.5,22.5,22.5,0.0,22.5,7.0,7.0,7.0,6,6.0,59.0,39.4,30.928571428571427,24.63636363636364,118.0,197.0,216.5,271.0,95.5,95.5,95.5,95.5,50.5,50.5,38.47141796191037,28.458821926681107,5.0,11.0,champawat,NORMAL,0.0,0.0,,,,,,,,,,,,,,,,NORMAL,0.8973856475734575,89.74,EXTREME
6613,Basukedar,Uttarakhand,54,Rudraprayag,30.43919444,79.05633333,2025-06-20,22.5,10.0,4,2025,6,171,22.5,22.5,22.5,0.0,22.5,10.0,10.0,10.0,4,4.0,17.0,9.5,12.142857142857142,15.357142857142858,34.0,38.0,85.0,215.0,22.5,22.5,42.5,93.0,10.0,44.5,9.83192080250175,25.757320521350053,4.0,14.0,rudraprayag,NORMAL,0.0,1.0,,,,,,,,,,,,,,,,NORMAL,0.9101095101056365,91.01,EXTREME
6610,Kapkot (Saryu),Uttarakhand,46,Bageshwar,29.94516667,79.9025,2025-06-20,3.5,3.0,2,2025,6,171,3.5,3.5,3.5,0.0,3.5,3.0,3.0,3.0,2,2.0,1.6666666666666667,13.6,18.5,20.194444444444443,5.0,68.0,166.5,363.5,3.5,61.0,61.0,81.5,35.0,35.0,26.522160545475927,26.21412892994074,5.0,18.0,bageshwar,NORMAL,0.0,0.0,,,,,,,,,,,,,,,,NORMAL,0.9108477867600364,91.08,EXTREME
6612,Dugadda (Khoh),Uttarakhand,52,PAURI GARHWAL,29.75108333,78.52341667,2025-06-20,0.5,0.5,1,2025,6,171,0.5,0.5,0.5,0.0,0.5,0.5,0.5,0.5,1,1.0,0.6666666666666666,0.7,0.6666666666666666,0.6666666666666666,2.0,3.5,4.0,4.0,1.0,1.0,1.0,1.0,0.5,0.5,0.273861278752583,0.2581988897471611,5.0,6.0,pauri garhwal,NORMAL,0.0,0.0,,,,,,,,,,,,,,,,NORMAL,0.9559481792717086,95.59,EXTREME
6618,Tanakpur_1,Uttarakhand,48,Champawat,29.07222222,80.1175,2025-06-21,0.5,0.5,1,2025,6,172,0.5,0.5,0.5,0.0,0.5,0.5,0.5,0.5,1,1.0,0.5,0.5,0.5,25.83333333333333,0.5,0.5,0.5,77.5,0.5,0.5,0.5,76.5,0.5,28.0,0.0,43.87862045841157,1.0,3.0,champawat,NORMAL,0.0,0.0,,,,,,,,,,,,,,,,NORMAL,0.8994640329677241,89.95,EXTREME
6622,Jhala_1,Uttarakhand,57,Uttarkashi,31.01533333,78.71222222,2025-06-21,0.5,0.5,1,2025,6,172,0.5,0.5,0.5,0.0,0.5,0.5,0.5,0.5,1,1.0,0.75,1.25,1.1428571428571428,1.3461538461538465,1.5,7.5,8.0,17.5,1.0,3.5,3.5,3.5,0.5,1.0,1.1726039399558574,1.1065075572986374,6.0,13.0,uttarkashi,NORMAL,0.0,0.0,,,,,,,,,,,,,,,,NORMAL,0.9546717077602964,95.47,EXTREME
6616,Kapkot (Saryu),Uttarakhand,46,Bageshwar,29.94516667,79.9025,2025-06-21,3.0,1.0,4,2025,6,172,3.0,3.0,3.0,0.0,3.0,1.0,1.0,1.0,4,4.0,2.5,11.833333333333334,16.95,20.33333333333333,7.5,71.0,169.5,366.0,3.5,61.0,61.0,81.5,35.0,35.0,24.113619941159115,26.110061166486137,6.0,18.0,bageshwar,NORMAL,0.0,0.0,,,,,,,,,,,,,,,,NORMAL,0.9634852210296481,96.35,EXTREME
6614,Lamgara,Uttarakhand,45,Almora,29.53866667,79.74994444,2025-06-21,0.5,0.5,1,2025,6,172,0.5,0.5,0.5,0.0,0.5,0.5,0.5,0.5,1,1.0,0.5,0.5,0.5,1.2142857142857142,0.5,1.0,1.0,17.0,0.5,0.5,0.5,5.0,0.5,0.5,0.0,1.204387583192993,2.0,14.0,almora,NORMAL,0.0,0.0,,,,,,,,,,,,,,,,NORMAL,0.9563001536457447,95.63,EXTREME
6615,Baijnath (Gomti),Uttarakhand,46,Bageshwar,29.90822222,79.61769444,2025-06-21,6.5,5.0,4,2025,6,172,6.5,6.5,6.5,0.0,6.5,5.0,5.0,5.0,4,4.0,4.333333333333333,3.7,3.9375,5.3,13.0,18.5,31.5,79.5,6.5,6.5,6.5,18.5,5.0,13.0,2.9706901555025897,4.616739727804451,5.0,15.0,bageshwar,NORMAL,0.0,0.0,,,,,,,,,,,,,,,,NORMAL,0.7846453992195426,78.46,VERY HIGH
6620,Dharchula_1,Uttarakhand,53,Pithoragarh,29.84825,80.54047222,2025-06-21,1.0,0.5,2,2025,6,172,1.0,1.0,1.0,0.0,1.0,0.5,0.5,0.5,2,2.0,0.75,12.875,10.8,9.083333333333334,1.5,51.5,54.0,54.5,1.0,49.5,49.5,49.5,23.5,23.5,24.417804296592,19.81518777772915,4.0,6.0,pithoragarh,NORMAL,0.0,0.0,,,,,,,,,,,,,,,,NORMAL,0.9362955805450377,93.63,EXTREME
6619,Haldwani_1,Uttarakhand,51,Nainital,29.214725,79.52400278,2025-06-21,3.5,2.0,2,2025,6,172,3.5,3.5,3.5,0.0,3.5,2.0,2.0,2.0,2,2.0,3.5,5.5,5.5,6.666666666666667,7.0,22.0,22.0,80.0,3.5,14.5,14.5,22.0,7.0,13.5,6.164414002968976,7.227892102295415,4.0,12.0,nainital,NORMAL,0.0,0.0,,,,,,,,,,,,,,,,NORMAL,0.8389201440779013,83.89,EXTREME
6621,Basukedar,Uttarakhand,54,Rudraprayag,30.43919444,79.05633333,2025-06-21,4.0,1.0,5,2025,6,172,4.0,4.0,4.0,0.0,4.0,1.0,1.0,1.0,5,5.0,13.25,8.4,11.125,14.6,26.5,42.0,89.0,219.0,22.5,22.5,42.5,93.0,10.0,44.5,8.862843787408192,24.99299901972551,5.0,15.0,rudraprayag,NORMAL,0.0,1.0,,,,,,,,,,,,,,,,NORMAL,0.8860502707538067,88.61,EXTREME
6617,Danda_1,Uttarakhand,48,Champawat,29.15927778,80.10852778,2025-06-21,2.0,1.5,2,2025,6,172,2.0,2.0,2.0,0.0,2.0,1.5,1.5,1.5,2,2.0,12.25,33.166666666666664,27.3125,22.75,24.5,199.0,218.5,273.0,22.5,95.5,95.5,95.5,50.5,50.5,37.64527416113032,27.91016432641113,6.0,12.0,champawat,NORMAL,0.0,0.0,,,,,,,,,,,,,,,,NORMAL,0.7582012521882328,75.82,VERY HIGH
6624,Danda_1,Uttarakhand,48,Champawat,29.15927778,80.10852778,2025-06-22,114.0,69.5,5,2025,6,173,114.0,114.0,114.0,0.0,114.0,69.5,69.5,69.5,5,5.0,46.16666666666666,49.41666666666666,36.94444444444444,29.76923076923077,138.5,296.5,332.5,387.0,114.0,114.0,114.0,114.0,69.5,69.5,48.49269704467537,36.80444684671008,6.0,13.0,champawat,NORMAL,0.0,0.0,,,,,,,,,,,,,,,,NORMAL,0.9206851342807933,92.07,EXTREME
6632,Guptkashi_1,Uttarakhand,54,Rudraprayag,30.52863889,79.08508333,2025-06-22,0.5,0.5,1,2025,6,173,0.5,0.5,0.5,0.0,0.5,0.5,0.5,0.5,1,1.0,0.5,0.6666666666666666,0.6,28.807692307692307,0.5,2.0,3.0,374.5,0.5,1.0,1.0,366.0,0.5,366.0,0.2886751345948129,101.313979469259,3.0,13.0,rudraprayag,NORMAL,0.0,1.0,,,,,,,,,,,,,,,,NORMAL,0.9180961239037159,91.81,EXTREME
6631,Dharchula_1,Uttarakhand,53,Pithoragarh,29.84825,80.54047222,2025-06-22,18.5,11.0,3,2025,6,173,18.5,18.5,18.5,0.0,18.5,11.0,11.0,11.0,3,3.0,9.75,17.375,12.083333333333334,10.428571428571429,19.5,69.5,72.5,73.0,18.5,49.5,49.5,49.5,23.5,23.5,22.994111565065232,18.43553762761064,4.0,7.0,pithoragarh,NORMAL,0.0,0.0,,,,,,,,,,,,,,,,NORMAL,0.9628037861025976,96.28,EXTREME
6629,Mukteshwar_1,Uttarakhand,51,Nainital,29.47413889,79.65119444,2025-06-22,9.0,4.5,2,2025,6,173,9.0,9.0,9.0,0.0,9.0,4.5,4.5,4.5,2,2.0,9.0,7.666666666666667,5.166666666666667,13.958333333333334,9.0,23.0,31.0,167.5,9.0,11.0,11.0,99.5,4.5,96.0,4.163331998932264,27.584134383680944,3.0,12.0,nainital,NORMAL,0.0,0.0,,,,,,,,,,,,,,,,NORMAL,0.9508442734523529,95.08,EXTREME
6627,Roorkee_2,Uttarakhand,50,Haridwar,29.86771944,77.88415556,2025-06-22,180.0,83.0,6,2025,6,173,180.0,180.0,180.0,0.0,180.0,83.0,83.0,83.0,6,6.0,180.0,63.833333333333336,46.4,36.785714285714285,180.0,191.5,232.0,257.5,180.0,180.0,180.0,180.0,83.0,83.0,100.6060800018236,63.88978605305204,3.0,7.0,haridwar,NORMAL,0.0,0.0,,,,,,,,,,,,,,,,NORMAL,0.9551646197726992,95.52,EXTREME
6628,Haldwani_1,Uttarakhand,51,Nainital,29.214725,79.52400278,2025-06-22,38.0,14.0,4,2025,6,173,38.0,38.0,38.0,0.0,38.0,14.0,14.0,14.0,4,4.0,20.75,12.0,12.0,9.076923076923077,41.5,60.0,60.0,118.0,38.0,38.0,38.0,38.0,14.0,14.0,15.483862567202022,11.109016896659064,5.0,13.0,nainital,NORMAL,0.0,0.0,,,,,,,,,,,,,,,,NORMAL,0.9561388210474119,95.61,EXTREME
6626,Khanpur_5,Uttarakhand,50,Haridwar,29.641375,78.00678611,2025-06-22,43.5,21.5,3,2025,6,173,43.5,43.5,43.5,0.0,43.5,21.5,21.5,21.5,3,3.0,43.5,43.5,43.5,29.0,43.5,43.5,43.5,58.0,43.5,43.5,43.5,43.5,21.5,21.5,0.0,20.50609665440988,1.0,2.0,haridwar,NORMAL,0.0,0.0,,,,,,,,,,,,,,,,NORMAL,0.8634194737982736,86.34,EXTREME
6630,Srinagar_2,Uttarakhand,52,PAURI GARHWAL,30.23581944,78.81720278,2025-06-22,2.0,2.0,1,2025,6,173,2.0,2.0,2.0,0.0,2.0,2.0,2.0,2.0,1,1.0,2.0,2.0,2.0,2.0,2.0,2.0,2.0,2.0,2.0,2.0,2.0,2.0,2.0,2.0,0.0,0.0,1.0,1.0,pauri garhwal,NORMAL,0.0,0.0,,,,,,,,,,,,,,,,NORMAL,0.9058396327024608,90.58,EXTREME
6623,Kapkot (Saryu),Uttarakhand,46,Bageshwar,29.94516667,79.9025,2025-06-22,46.5,20.0,4,2025,6,173,46.5,46.5,46.5,0.0,46.5,20.0,20.0,20.0,4,4.0,17.666666666666668,9.416666666666666,19.63636363636364,21.710526315789476,53.0,56.5,216.0,412.5,46.5,46.5,61.0,81.5,20.0,35.0,18.2027928260107,26.07484728274959,6.0,19.0,bageshwar,NORMAL,0.0,0.0,,,,,,,,,,,,,,,,NORMAL,0.9319479598798259,93.19,EXTREME
6625,Bhagwanpur_1,Uttarakhand,50,Haridwar,29.93567778,77.80170611,2025-06-22,0.5,0.5,1,2025,6,173,0.5,0.5,0.5,0.0,0.5,0.5,0.5,0.5,1,1.0,0.5,0.5,0.5,0.75,0.5,0.5,0.5,1.5,0.5,0.5,0.5,1.0,0.5,0.5,0.0,0.3535533905932738,1.0,2.0,haridwar,NORMAL,0.0,0.0,,,,,,,,,,,,,,,,NORMAL,0.9315708061002177,93.16,EXTREME
6633,Jhala_1,Uttarakhand,57,Uttarkashi,31.01533333,78.71222222,2025-06-22,4.5,1.0,8,2025,6,173,4.5,4.5,4.5,0.0,4.5,1.0,1.0,1.0,8,8.0,2.5,1.9166666666666667,1.5625,1.5714285714285714,5.0,11.5,12.5,22.0,4.5,4.5,4.5,4.5,1.0,1.0,1.6857243744653712,1.3567090110481912,6.0,14.0,uttarkashi,NORMAL,0.0,0.0,,,,,,,,,,,,,,,,NORMAL,0.8758476592391627,87.58,EXTREME
6638,Roorkee_2,Uttarakhand,50,Haridwar,29.86771944,77.88415556,2025-06-23,6.0,6.0,1,2025,6,174,6.0,6.0,6.0,0.0,6.0,6.0,6.0,6.0,1,1.0,93.0,49.375,39.66666666666666,32.9375,186.0,197.5,238.0,263.5,180.0,180.0,180.0,180.0,83.0,83.0,87.0855661595728,60.14354109723077,4.0,8.0,haridwar,NORMAL,0.0,0.0,,,,,,,,,,,,,,,,LANDSLIDE,0.8477719041675568,84.78,EXTREME
6642,Basukedar,Uttarakhand,54,Rudraprayag,30.43919444,79.05633333,2025-06-23,12.5,5.0,6,2025,6,174,12.5,12.5,12.5,0.0,12.5,5.0,5.0,5.0,6,6.0,8.25,10.2,11.27777777777778,9.233333333333333,16.5,51.0,101.5,138.5,12.5,22.5,42.5,42.5,10.0,18.0,8.526429498916883,12.45257670792141,5.0,15.0,rudraprayag,NORMAL,0.0,1.0,,,,,,,,,,,,,,,,NORMAL,0.8429906910776165,84.3,EXTREME
6634,Baijnath (Gomti),Uttarakhand,46,Bageshwar,29.90822222,79.61769444,2025-06-23,9.0,6.5,3,2025,6,174,9.0,9.0,9.0,0.0,9.0,6.5,6.5,6.5,3,3.0,7.75,5.5,4.5,4.666666666666667,15.5,22.0,40.5,70.0,9.0,9.0,9.0,11.5,6.5,6.5,3.5823642100341133,3.068658773254024,4.0,15.0,bageshwar,NORMAL,0.0,0.0,,,,,,,,,,,,,,,,NORMAL,0.9610155914752285,96.1,EXTREME
6640,Nainital_1,Uttarakhand,51,Nainital,29.39530278,79.46232778,2025-06-23,28.0,19.0,3,2025,6,174,28.0,28.0,28.0,0.0,28.0,19.0,19.0,19.0,3,3.0,28.0,10.333333333333334,83.58333333333333,65.375,28.0,31.0,501.5,523.0,28.0,28.0,256.0,256.0,19.0,256.0,15.33242750947563,103.49594540022191,3.0,8.0,nainital,NORMAL,0.0,0.0,,,,,,,,,,,,,,,,NORMAL,0.9658378280621709,96.58,EXTREME
6645,Tumaria,Uttarakhand,56,UDHAM SINGH NAGAR,29.30704722,78.93133056,2025-06-23,0.5,0.5,1,2025,6,174,0.5,0.5,0.5,0.0,0.5,0.5,0.5,0.5,1,1.0,0.5,4.375,4.375,4.375,0.5,17.5,17.5,17.5,0.5,8.0,8.0,8.0,7.0,7.0,3.682729965664058,3.682729965664058,4.0,4.0,udham singh nagar,NORMAL,0.0,0.0,,,,,,,,,,,,,,,,NORMAL,0.9867253450871559,98.67,EXTREME
6637,Khanpur_5,Uttarakhand,50,Haridwar,29.641375,78.00678611,2025-06-23,2.0,1.5,2,2025,6,174,2.0,2.0,2.0,0.0,2.0,1.5,1.5,1.5,2,2.0,22.75,22.75,22.75,20.0,45.5,45.5,45.5,60.0,43.5,43.5,43.5,43.5,21.5,21.5,29.34493141924172,21.289668856043768,2.0,3.0,haridwar,NORMAL,0.0,0.0,,,,,,,,,,,,,,,,NORMAL,0.9613391318994722,96.13,EXTREME
6643,Guptkashi_1,Uttarakhand,54,Rudraprayag,30.52863889,79.08508333,2025-06-23,0.5,0.5,1,2025,6,174,0.5,0.5,0.5,0.0,0.5,0.5,0.5,0.5,1,1.0,0.5,0.5,0.5833333333333334,28.76923076923077,1.0,1.5,3.5,374.0,0.5,0.5,1.0,366.0,0.5,366.0,0.0,101.32550998815142,3.0,13.0,rudraprayag,NORMAL,0.0,1.0,,,,,,,,,,,,,,,,NORMAL,0.9808548299813468,98.09,EXTREME
6636,Danda_1,Uttarakhand,48,Champawat,29.15927778,80.10852778,2025-06-23,25.5,18.5,4,2025,6,174,25.5,25.5,25.5,0.0,25.5,18.5,18.5,18.5,4,4.0,47.16666666666666,43.41666666666666,35.8,30.307692307692307,141.5,260.5,358.0,394.0,114.0,114.0,114.0,114.0,69.5,69.5,48.92383536341634,36.67681968988182,6.0,13.0,champawat,NORMAL,0.0,0.0,,,,,,,,,,,,,,,,NORMAL,0.9378389001051228,93.78,EXTREME
6639,Haldwani_1,Uttarakhand,51,Nainital,29.214725,79.52400278,2025-06-23,3.0,1.5,3,2025,6,174,3.0,3.0,3.0,0.0,3.0,1.5,1.5,1.5,3,3.0,14.833333333333334,9.7,10.5,8.642857142857142,44.5,48.5,63.0,121.0,38.0,38.0,38.0,38.0,14.0,14.0,15.868994927215777,10.796061552943518,5.0,14.0,nainital,NORMAL,0.0,0.0,,,,,,,,,,,,,,,,LANDSLIDE,0.8477719041675568,84.78,EXTREME
6644,Gadarpur,Uttarakhand,56,UDHAM SINGH NAGAR,29.04324167,79.24461944,2025-06-23,10.0,10.0,1,2025,6,174,10.0,10.0,10.0,0.0,10.0,10.0,10.0,10.0,1,1.0,10.0,13.0,19.714285714285715,23.772727272727277,10.0,39.0,138.0,261.5,10.0,24.0,51.0,71.0,10.0,48.0,9.848857801796107,23.792187411379008,3.0,11.0,udham singh nagar,NORMAL,0.0,0.0,,,,,,,,,,,,,,,,NORMAL,0.8884088570991158,88.84,EXTREME
6641,Dharchula_1,Uttarakhand,53,Pithoragarh,29.84825,80.54047222,2025-06-23,7.5,4.5,6,2025,6,174,7.5,7.5,7.5,0.0,7.5,4.5,4.5,4.5,6,6.0,9.0,15.4,11.428571428571429,10.0625,27.0,77.0,80.0,80.5,18.5,49.5,49.5,49.5,23.5,23.5,20.397303743387265,17.099368200525504,5.0,8.0,pithoragarh,NORMAL,0.0,0.0,,,,,,,,,,,,,,,,NORMAL,0.7124620992307841,71.25,VERY HIGH
6635,Kapkot (Saryu),Uttarakhand,46,Bageshwar,29.94516667,79.9025,2025-06-23,119.0,29.0,11,2025,6,174,119.0,119.0,119.0,0.0,119.0,29.0,29.0,29.0,11,11.0,56.16666666666666,25.071428571428573,27.916666666666668,27.42105263157895,168.5,175.5,335.0,521.0,119.0,119.0,119.0,119.0,29.0,35.0,44.62755928368756,34.12243606888075,7.0,19.0,bageshwar,NORMAL,0.0,0.0,,,,,,,,,,,,,,,,NORMAL,0.6180385964367424,61.8,VERY HIGH
6652,Basukedar,Uttarakhand,54,Rudraprayag,30.43919444,79.05633333,2025-06-24,6.5,3.5,6,2025,6,175,6.5,6.5,6.5,0.0,6.5,3.5,3.5,3.5,6,6.0,9.5,11.4,10.8,9.5,19.0,57.0,108.0,142.5,12.5,22.5,42.5,42.5,10.0,18.0,7.127411872482185,12.340409810282416,5.0,15.0,rudraprayag,NORMAL,0.0,1.0,,,,,,,,,,,,,,,,NORMAL,0.6329922142707635,63.3,VERY HIGH
6646,Baijnath (Gomti),Uttarakhand,46,Bageshwar,29.90822222,79.61769444,2025-06-24,14.5,3.5,8,2025,6,175,14.5,14.5,14.5,0.0,14.5,3.5,3.5,3.5,8,8.0,11.75,7.3,5.5,5.2,23.5,36.5,55.0,78.0,14.5,14.5,14.5,14.5,6.5,6.5,5.081830378908765,3.972224997224306,5.0,15.0,bageshwar,NORMAL,0.0,0.0,,,,,,,,,,,,,,,,NORMAL,0.8972803803648132,89.73,EXTREME
6651,Dharchula_1,Uttarakhand,53,Pithoragarh,29.84825,80.54047222,2025-06-24,4.0,1.5,4,2025,6,175,4.0,4.0,4.0,0.0,4.0,1.5,1.5,1.5,4,4.0,10.0,13.5,10.5,9.38888888888889,30.0,81.0,84.0,84.5,18.5,49.5,49.5,49.5,23.5,23.5,18.82817038376273,16.122146603697384,6.0,9.0,pithoragarh,NORMAL,0.0,0.0,,,,,,,,,,,,,,,,NORMAL,0.9021817772641305,90.22,EXTREME
6648,Khati_1,Uttarakhand,46,Bageshwar,30.11019722,79.94055833,2025-06-24,0.5,0.5,1,2025,6,175,0.5,0.5,0.5,0.0,0.5,0.5,0.5,0.5,1,1.0,0.5,0.5,48.25,24.375,0.5,0.5,96.5,97.5,0.5,0.5,96.0,96.0,0.5,96.0,0.0,47.75,1.0,4.0,bageshwar,NORMAL,0.0,0.0,,,,,,,,,,,,,,,,NORMAL,0.8922322607373678,89.22,EXTREME
6649,Khanpur_5,Uttarakhand,50,Haridwar,29.641375,78.00678611,2025-06-24,0.5,0.5,1,2025,6,175,0.5,0.5,0.5,0.0,0.5,0.5,0.5,0.5,1,1.0,15.333333333333334,15.333333333333334,15.333333333333334,15.333333333333334,46.0,46.0,46.0,46.0,43.5,43.5,43.5,43.5,21.5,21.5,24.40457607362466,24.40457607362466,3.0,3.0,haridwar,NORMAL,0.0,0.0,,,,,,,,,,,,,,,,NORMAL,0.9108748304178683,91.09,EXTREME
6653,Tumaria,Uttarakhand,56,UDHAM SINGH NAGAR,29.30704722,78.93133056,2025-06-24,36.0,23.5,3,2025,6,175,36.0,36.0,36.0,0.0,36.0,23.5,23.5,23.5,3,3.0,18.25,11.375,10.7,10.7,36.5,45.5,53.5,53.5,36.0,36.0,36.0,36.0,23.5,23.5,16.650200198996608,14.498275759551548,4.0,5.0,udham singh nagar,NORMAL,0.0,0.0,,,,,,,,,,,,,,,,NORMAL,0.9223283957082727,92.23,EXTREME
6647,Kapkot (Saryu),Uttarakhand,46,Bageshwar,29.94516667,79.9025,2025-06-24,13.5,1.5,17,2025,6,175,13.5,13.5,13.5,0.0,13.5,1.5,1.5,1.5,17,17.0,59.66666666666666,26.714285714285715,27.666666666666668,24.605263157894736,179.0,187.0,332.0,467.5,119.0,119.0,119.0,119.0,29.0,35.0,43.84143506514618,32.85894895330327,7.0,19.0,bageshwar,NORMAL,0.0,0.0,,,,,,,,,,,,,,,,NORMAL,0.8757721442224522,87.58,EXTREME
6650,Roorkee_2,Uttarakhand,50,Haridwar,29.86771944,77.88415556,2025-06-24,0.5,0.5,1,2025,6,175,0.5,0.5,0.5,0.0,0.5,0.5,0.5,0.5,1,1.0,62.16666666666666,48.25,34.07142857142857,30.0625,186.5,193.0,238.5,240.5,180.0,180.0,180.0,180.0,83.0,83.0,87.87538525283023,61.1995783715635,4.0,8.0,haridwar,NORMAL,0.0,0.0,,,,,,,,,,,,,,,,NORMAL,0.8944885742907843,89.45,EXTREME
6660,Roorkee_2,Uttarakhand,50,Haridwar,29.86771944,77.88415556,2025-06-25,13.0,6.5,4,2025,6,176,13.0,13.0,13.0,0.0,13.0,6.5,6.5,6.5,4,4.0,6.5,49.875,31.4375,28.166666666666668,19.5,199.5,251.5,253.5,13.0,180.0,180.0,180.0,83.0,83.0,86.90068565130349,57.5287971367384,4.0,9.0,haridwar,NORMAL,0.0,0.0,,,,,,,,,,,,,,,,NORMAL,0.8846178262505024,88.46,EXTREME
6659,Khanpur_5,Uttarakhand,50,Haridwar,29.641375,78.00678611,2025-06-25,33.5,24.5,3,2025,6,176,33.5,33.5,33.5,0.0,33.5,24.5,24.5,24.5,3,3.0,12.0,19.875,19.875,19.875,36.0,79.5,79.5,79.5,33.5,43.5,43.5,43.5,24.5,24.5,21.89891549826155,21.89891549826155,4.0,4.0,haridwar,NORMAL,0.0,0.0,,,,,,,,,,,,,,,,NORMAL,0.9724255921187647,97.24,EXTREME
6664,Dugadda (Khoh),Uttarakhand,52,PAURI GARHWAL,29.75108333,78.52341667,2025-06-25,0.5,0.5,1,2025,6,176,0.5,0.5,0.5,0.0,0.5,0.5,0.5,0.5,1,1.0,0.5,0.5,0.6428571428571429,0.6428571428571429,0.5,1.5,4.5,4.5,0.5,0.5,1.0,1.0,0.5,0.5,0.0,0.2439750182371332,3.0,7.0,pauri garhwal,NORMAL,0.0,0.0,,,,,,,,,,,,,,,,NORMAL,0.8562290031208328,85.62,EXTREME
6656,Kapkot (Saryu),Uttarakhand,46,Bageshwar,29.94516667,79.9025,2025-06-25,18.5,2.0,15,2025,6,176,18.5,18.5,18.5,0.0,18.5,2.0,2.0,2.0,15,15.0,50.333333333333336,29.285714285714285,25.25,24.44736842105263,151.0,205.0,303.0,464.5,119.0,119.0,119.0,119.0,29.0,35.0,42.55668488700017,32.8818992493684,7.0,19.0,bageshwar,NORMAL,0.0,0.0,,,,,,,,,,,,,,,,NORMAL,0.9507385662699331,95.07,EXTREME
6667,Gadarpur,Uttarakhand,56,UDHAM SINGH NAGAR,29.04324167,79.24461944,2025-06-25,12.0,5.5,4,2025,6,176,12.0,12.0,12.0,0.0,12.0,5.5,5.5,5.5,4,4.0,11.0,9.0,18.75,18.40909090909091,22.0,27.0,150.0,202.5,12.0,12.0,51.0,51.0,10.0,48.0,3.605551275464,18.034436755577065,3.0,11.0,udham singh nagar,NORMAL,0.0,0.0,,,,,,,,,,,,,,,,NORMAL,0.919356767991428,91.94,EXTREME
6668,Tumaria,Uttarakhand,56,UDHAM SINGH NAGAR,29.30704722,78.93133056,2025-06-25,35.0,22.0,5,2025,6,176,35.0,35.0,35.0,0.0,35.0,22.0,22.0,22.0,5,5.0,23.83333333333333,19.625,14.75,14.75,71.5,78.5,88.5,88.5,36.0,36.0,36.0,36.0,23.5,23.5,18.526445062846424,16.327124670314735,4.0,6.0,udham singh nagar,NORMAL,0.0,0.0,,,,,,,,,,,,,,,,NORMAL,0.9460778258686359,94.61,EXTREME
6666,Guptkashi_1,Uttarakhand,54,Rudraprayag,30.52863889,79.08508333,2025-06-25,0.5,0.5,1,2025,6,176,0.5,0.5,0.5,0.0,0.5,0.5,0.5,0.5,1,1.0,0.5,0.5,0.5833333333333334,28.73076923076923,1.0,2.0,3.5,373.5,0.5,0.5,1.0,366.0,0.5,366.0,0.0,101.33702338085676,4.0,13.0,rudraprayag,NORMAL,0.0,1.0,,,,,,,,,,,,,,,,NORMAL,0.9411872239767066,94.12,EXTREME
6662,Mukteshwar_1,Uttarakhand,51,Nainital,29.47413889,79.65119444,2025-06-25,0.5,0.5,1,2025,6,176,0.5,0.5,0.5,0.0,0.5,0.5,0.5,0.5,1,1.0,0.5,4.75,4.5,12.818181818181818,0.5,9.5,31.5,141.0,0.5,9.0,11.0,99.5,4.5,96.0,6.010407640085654,29.023501449060824,2.0,11.0,nainital,NORMAL,0.0,0.0,,,,,,,,,,,,,,,,NORMAL,0.9238592218005279,92.39,EXTREME
6657,Danda_1,Uttarakhand,48,Champawat,29.15927778,80.10852778,2025-06-25,104.0,27.0,13,2025,6,176,104.0,104.0,104.0,0.0,104.0,27.0,27.0,27.0,13,13.0,64.75,53.6,45.95,37.53846153846154,129.5,268.0,459.5,488.0,104.0,114.0,114.0,114.0,69.5,69.5,51.496844563526416,41.31255939908062,5.0,13.0,champawat,NORMAL,0.0,0.0,,,,,,,,,,,,,,,,NORMAL,0.8430262876195603,84.3,EXTREME
6658,Chakrata,Uttarakhand,49,Dehradun,30.76115556,77.86502778,2025-06-25,11.0,6.0,6,2025,6,176,11.0,11.0,11.0,0.0,11.0,6.0,6.0,6.0,6,6.0,11.0,11.0,5.785714285714286,6.8,11.0,11.0,40.5,68.0,11.0,11.0,22.0,22.0,6.0,14.0,0.0,7.605553526499195,1.0,10.0,dehradun,NORMAL,0.0,0.0,,,,,,,,,,,,,,,,NORMAL,0.9459615256890798,94.6,EXTREME
6663,Nainital_1,Uttarakhand,51,Nainital,29.39530278,79.46232778,2025-06-25,13.5,5.0,6,2025,6,176,13.5,13.5,13.5,0.0,13.5,5.0,5.0,5.0,6,6.0,20.75,14.0,73.57142857142857,59.61111111111112,41.5,42.0,515.0,536.5,28.0,28.0,256.0,256.0,19.0,256.0,13.75681649219731,98.34371414132735,3.0,9.0,nainital,NORMAL,0.0,0.0,,,,,,,,,,,,,,,,NORMAL,0.9352916746176664,93.53,EXTREME
6654,Lamgara,Uttarakhand,45,Almora,29.53866667,79.74994444,2025-06-25,0.5,0.5,1,2025,6,176,0.5,0.5,0.5,0.0,0.5,0.5,0.5,0.5,1,1.0,0.5,0.5,0.5,1.0909090909090908,0.5,1.0,1.5,12.0,0.5,0.5,0.5,5.0,0.5,0.5,0.0,1.3382485161243791,2.0,11.0,almora,NORMAL,0.0,0.0,,,,,,,,,,,,,,,,NORMAL,0.9330332995106443,93.3,EXTREME
6655,Baijnath (Gomti),Uttarakhand,46,Bageshwar,29.90822222,79.61769444,2025-06-25,29.0,8.5,10,2025,6,176,29.0,29.0,29.0,0.0,29.0,8.5,8.5,8.5,10,10.0,17.5,10.916666666666666,8.0,6.933333333333334,52.5,65.5,80.0,104.0,29.0,29.0,29.0,29.0,8.5,8.5,9.956990843958163,7.257672459116054,6.0,15.0,bageshwar,NORMAL,0.0,0.0,,,,,,,,,,,,,,,,NORMAL,0.9384497867071616,93.84,EXTREME
6661,Haldwani_1,Uttarakhand,51,Nainital,29.214725,79.52400278,2025-06-25,88.5,34.0,8,2025,6,176,88.5,88.5,88.5,0.0,88.5,34.0,34.0,34.0,8,8.0,45.75,27.3,21.642857142857142,14.076923076923077,91.5,136.5,151.5,183.0,88.5,88.5,88.5,88.5,34.0,34.0,37.36074142733251,24.686236173427822,5.0,13.0,nainital,NORMAL,0.0,0.0,,,,,,,,,,,,,,,,NORMAL,0.9489945238984505,94.9,EXTREME
6665,Dharchula_1,Uttarakhand,53,Pithoragarh,29.84825,80.54047222,2025-06-25,10.5,3.0,7,2025,6,176,10.5,10.5,10.5,0.0,10.5,3.0,3.0,3.0,7,7.0,7.333333333333333,7.0,10.5,9.5,22.0,42.0,94.5,95.0,10.5,18.5,49.5,49.5,11.0,23.5,6.81175454637056,15.20416609573398,6.0,10.0,pithoragarh,NORMAL,0.0,0.0,,,,,,,,,,,,,,,,NORMAL,0.9523960211248912,95.24,EXTREME
6673,Haldwani_1,Uttarakhand,51,Nainital,29.214725,79.52400278,2025-06-26,1.0,1.0,1,2025,6,177,1.0,1.0,1.0,0.0,1.0,1.0,1.0,1.0,1,1.0,44.75,26.8,19.0625,14.076923076923077,89.5,134.0,152.5,183.0,88.5,88.5,88.5,88.5,34.0,34.0,37.77333715731243,24.686236173427822,5.0,13.0,nainital,NORMAL,0.0,0.0,,,,,,,,,,,,,,,,NORMAL,0.9642717831716077,96.43,EXTREME
6672,Manglaur_1,Uttarakhand,50,Haridwar,29.78567778,77.86368889,2025-06-26,0.5,0.5,1,2025,6,177,0.5,0.5,0.5,0.0,0.5,0.5,0.5,0.5,1,1.0,0.5,0.5,0.5,0.5,0.5,0.5,1.0,1.0,0.5,0.5,0.5,0.5,0.5,0.5,0.0,0.0,1.0,2.0,haridwar,NORMAL,0.0,0.0,,,,,,,,,,,,,,,,NORMAL,0.896250550057642,89.63,EXTREME
6675,Dugadda (Khoh),Uttarakhand,52,PAURI GARHWAL,29.75108333,78.52341667,2025-06-26,0.5,0.5,1,2025,6,177,0.5,0.5,0.5,0.0,0.5,0.5,0.5,0.5,1,1.0,0.5,0.5,0.625,0.625,1.0,1.5,5.0,5.0,0.5,0.5,1.0,1.0,0.5,0.5,0.0,0.2314550249431378,3.0,8.0,pauri garhwal,NORMAL,0.0,0.0,,,,,,,,,,,,,,,,NORMAL,0.9512414801293477,95.12,EXTREME
6674,Nainital_1,Uttarakhand,51,Nainital,29.39530278,79.46232778,2025-06-26,5.0,3.0,4,2025,6,177,5.0,5.0,5.0,0.0,5.0,3.0,3.0,3.0,4,4.0,9.25,15.5,65.0,54.15,18.5,46.5,520.0,541.5,13.5,28.0,256.0,256.0,19.0,256.0,11.629703349612662,94.31391142821344,3.0,10.0,nainital,NORMAL,0.0,0.0,,,,,,,,,,,,,,,,NORMAL,0.9366478749110939,93.66,EXTREME
6669,Baijnath (Gomti),Uttarakhand,46,Bageshwar,29.90822222,79.61769444,2025-06-26,53.0,17.5,7,2025,6,177,53.0,53.0,53.0,0.0,53.0,17.5,17.5,17.5,7,7.0,32.166666666666664,19.666666666666668,13.0,9.8125,96.5,118.0,130.0,157.0,53.0,53.0,53.0,53.0,17.5,17.5,18.43276069032164,13.483168519800351,6.0,16.0,bageshwar,NORMAL,0.0,0.0,,,,,,,,,,,,,,,,NORMAL,0.8666930904310408,86.67,EXTREME
6670,Kapkot (Saryu),Uttarakhand,46,Bageshwar,29.94516667,79.9025,2025-06-26,54.0,4.0,22,2025,6,177,54.0,54.0,54.0,0.0,54.0,4.0,4.0,4.0,22,22.0,28.666666666666668,36.85714285714285,27.20833333333333,25.925,86.0,258.0,326.5,518.5,54.0,119.0,119.0,119.0,29.0,35.0,41.38408942024528,32.67997737227846,7.0,20.0,bageshwar,NORMAL,0.0,0.0,,,,,,,,,,,,,,,,NORMAL,0.948876512686136,94.89,EXTREME
6671,Danda_1,Uttarakhand,48,Champawat,29.15927778,80.10852778,2025-06-26,12.5,12.5,1,2025,6,177,12.5,12.5,12.5,0.0,12.5,12.5,12.5,12.5,1,1.0,58.25,46.75,42.90909090909091,35.75,116.5,280.5,472.0,500.5,104.0,114.0,114.0,114.0,69.5,69.5,49.02116889671237,40.25197080698228,6.0,14.0,champawat,NORMAL,0.0,0.0,,,,,,,,,,,,,,,,NORMAL,0.987607142857143,98.76,EXTREME
6676,Jhala_1,Uttarakhand,57,Uttarkashi,31.01533333,78.71222222,2025-06-26,2.5,0.5,5,2025,6,177,2.5,2.5,2.5,0.0,2.5,0.5,0.5,0.5,5,5.0,2.5,2.5,1.8125,1.5357142857142858,2.5,7.5,14.5,21.5,2.5,4.5,4.5,4.5,1.0,1.0,2.0000000000000004,1.3223563716435875,3.0,14.0,uttarkashi,NORMAL,0.0,0.0,,,,,,,,,,,,,,,,NORMAL,0.9863736584085849,98.64,EXTREME
6680,Dharchula_1,Uttarakhand,53,Pithoragarh,29.84825,80.54047222,2025-06-27,5.0,2.0,5,2025,6,178,5.0,5.0,5.0,0.0,5.0,2.0,2.0,2.0,5,5.0,7.75,7.75,10.77777777777778,9.95,15.5,46.5,97.0,99.5,10.5,18.5,49.5,49.5,11.0,23.5,6.170494307589951,14.973031311884268,6.0,10.0,pithoragarh,NORMAL,0.0,0.0,,,,,,,,,,,,,,,,NORMAL,0.9943835651684918,99.44,EXTREME
6682,Jhala_1,Uttarakhand,57,Uttarkashi,31.01533333,78.71222222,2025-06-27,2.0,0.5,4,2025,6,178,2.0,2.0,2.0,0.0,2.0,0.5,0.5,0.5,4,4.0,2.25,2.375,1.8333333333333333,1.4642857142857142,4.5,9.5,16.5,20.5,2.5,4.5,4.5,4.5,1.0,1.0,1.652018966799918,1.2628460792116514,4.0,14.0,uttarkashi,NORMAL,0.0,0.0,,,,,,,,,,,,,,,,NORMAL,0.9318430008497159,93.18,EXTREME
6679,Haldwani_1,Uttarakhand,51,Nainital,29.214725,79.52400278,2025-06-27,4.0,2.0,3,2025,6,178,4.0,4.0,4.0,0.0,4.0,2.0,2.0,2.0,3,3.0,31.166666666666668,23.0,17.38888888888889,13.076923076923077,93.5,138.0,156.5,170.0,88.5,88.5,88.5,88.5,34.0,34.0,35.04425773218774,24.820896903152452,6.0,13.0,nainital,NORMAL,0.0,0.0,,,,,,,,,,,,,,,,NORMAL,0.9290054112554111,92.9,EXTREME
6678,Kapkot (Saryu),Uttarakhand,46,Bageshwar,29.94516667,79.9025,2025-06-27,6.5,0.5,13,2025,6,178,6.5,6.5,6.5,0.0,6.5,0.5,0.5,0.5,13,13.0,26.33333333333333,37.285714285714285,27.416666666666668,22.175,79.0,261.0,329.0,443.5,54.0,119.0,119.0,119.0,29.0,35.0,40.994773185998106,30.174176393940428,7.0,20.0,bageshwar,NORMAL,0.0,0.0,,,,,,,,,,,,,,,,NORMAL,0.9692928749864234,96.93,EXTREME
6677,Baijnath (Gomti),Uttarakhand,46,Bageshwar,29.90822222,79.61769444,2025-06-27,5.5,4.0,3,2025,6,178,5.5,5.5,5.5,0.0,5.5,4.0,4.0,4.0,3,3.0,29.166666666666668,19.58333333333333,12.95,9.558823529411764,87.5,117.5,129.5,162.5,53.0,53.0,53.0,53.0,17.5,17.5,18.507881204142915,13.096853573641784,6.0,17.0,bageshwar,NORMAL,0.0,0.0,,,,,,,,,,,,,,,,NORMAL,0.9614586789270525,96.15,EXTREME
6681,Guptkashi_1,Uttarakhand,54,Rudraprayag,30.52863889,79.08508333,2025-06-27,0.5,0.5,1,2025,6,178,0.5,0.5,0.5,0.0,0.5,0.5,0.5,0.5,1,1.0,0.5,0.5,0.5714285714285714,28.73076923076923,1.0,2.0,4.0,373.5,0.5,0.5,1.0,366.0,0.5,366.0,0.0,101.33702338085676,4.0,13.0,rudraprayag,NORMAL,0.0,1.0,,,,,,,,,,,,,,,,NORMAL,0.9497875586161016,94.98,EXTREME
6690,Srinagar_2,Uttarakhand,52,PAURI GARHWAL,30.23581944,78.81720278,2025-06-28,11.5,3.5,6,2025,6,179,11.5,11.5,11.5,0.0,11.5,3.5,3.5,3.5,6,6.0,11.5,6.75,6.75,6.75,11.5,13.5,13.5,13.5,11.5,11.5,11.5,11.5,3.5,3.5,6.7175144212722016,6.7175144212722016,2.0,2.0,pauri garhwal,NORMAL,0.0,0.0,,,,,,,,,,,,,,,,NORMAL,0.9405660820838411,94.06,EXTREME
6686,Roorkee_2,Uttarakhand,50,Haridwar,29.86771944,77.88415556,2025-06-28,12.5,3.5,6,2025,6,179,12.5,12.5,12.5,0.0,12.5,3.5,3.5,3.5,6,6.0,12.5,42.4,31.4375,26.6,12.5,212.0,251.5,266.0,12.5,180.0,180.0,180.0,83.0,83.0,77.09199050485076,54.46446343973084,5.0,10.0,haridwar,NORMAL,0.0,0.0,,,,,,,,,,,,,,,,NORMAL,0.8891716752710128,88.92,EXTREME
6683,Baijnath (Gomti),Uttarakhand,46,Bageshwar,29.90822222,79.61769444,2025-06-28,4.0,4.0,1,2025,6,179,4.0,4.0,4.0,0.0,4.0,4.0,4.0,4.0,1,1.0,20.83333333333333,19.166666666666668,12.136363636363637,9.588235294117649,62.5,115.0,133.5,163.0,53.0,53.0,53.0,53.0,17.5,17.5,18.885620632287058,13.082950849910668,6.0,17.0,bageshwar,NORMAL,0.0,0.0,,,,,,,,,,,,,,,,NORMAL,0.8226350670144033,82.26,EXTREME
6684,Kapkot (Saryu),Uttarakhand,46,Bageshwar,29.94516667,79.9025,2025-06-28,36.5,26.5,10,2025,6,179,36.5,36.5,36.5,0.0,36.5,26.5,26.5,26.5,10,10.0,32.333333333333336,42.07142857142857,28.115384615384617,23.525,97.0,294.5,365.5,470.5,54.0,119.0,119.0,119.0,29.0,35.0,38.18423384442478,30.18123981618557,7.0,20.0,bageshwar,NORMAL,0.0,0.0,,,,,,,,,,,,,,,,NORMAL,0.7869368876260743,78.69,VERY HIGH
6689,Dugadda (Khoh),Uttarakhand,52,PAURI GARHWAL,29.75108333,78.52341667,2025-06-28,0.5,0.5,1,2025,6,179,0.5,0.5,0.5,0.0,0.5,0.5,0.5,0.5,1,1.0,0.5,0.5,0.625,0.6111111111111112,1.0,1.5,5.0,5.5,0.5,0.5,1.0,1.0,0.5,0.5,0.0,0.2204792759220492,3.0,9.0,pauri garhwal,NORMAL,0.0,0.0,,,,,,,,,,,,,,,,NORMAL,0.8971364400262576,89.71,EXTREME
6687,Mukteshwar_1,Uttarakhand,51,Nainital,29.47413889,79.65119444,2025-06-28,0.5,0.5,1,2025,6,179,0.5,0.5,0.5,0.0,0.5,0.5,0.5,0.5,1,1.0,0.5,3.333333333333333,4.8,11.791666666666666,0.5,10.0,24.0,141.5,0.5,9.0,11.0,99.5,4.5,96.0,4.907477288111819,27.90035706299157,3.0,12.0,nainital,NORMAL,0.0,0.0,,,,,,,,,,,,,,,,NORMAL,0.9069682349569187,90.7,EXTREME
6691,Dharchula_1,Uttarakhand,53,Pithoragarh,29.84825,80.54047222,2025-06-28,30.5,12.0,7,2025,6,179,30.5,30.5,30.5,0.0,30.5,12.0,12.0,12.0,7,7.0,17.75,12.666666666666666,12.75,11.818181818181818,35.5,76.0,127.5,130.0,30.5,30.5,49.5,49.5,12.0,23.5,10.17185659880568,15.497213825834512,6.0,11.0,pithoragarh,NORMAL,0.0,0.0,,,,,,,,,,,,,,,,NORMAL,0.8940825837198385,89.41,EXTREME
6688,Nainital_1,Uttarakhand,51,Nainital,29.39530278,79.46232778,2025-06-28,4.0,4.0,1,2025,6,179,4.0,4.0,4.0,0.0,4.0,4.0,4.0,4.0,1,1.0,4.5,12.625,8.857142857142858,49.59090909090909,9.0,50.5,62.0,545.5,5.0,28.0,28.0,256.0,19.0,256.0,11.10086332978932,90.74271821524256,4.0,11.0,nainital,NORMAL,0.0,0.0,,,,,,,,,,,,,,,,NORMAL,0.9037716709868768,90.38,EXTREME
6693,Purola_1,Uttarakhand,57,Uttarkashi,30.91291667,78.10388889,2025-06-28,0.5,0.5,1,2025,6,179,0.5,0.5,0.5,0.0,0.5,0.5,0.5,0.5,1,1.0,0.5,0.5,0.5,80.25,0.5,0.5,0.5,160.5,0.5,0.5,0.5,160.0,0.5,160.0,0.0,112.78353159925432,1.0,2.0,uttarkashi,NORMAL,0.0,0.0,,,,,,,,,,,,,,,,NORMAL,0.8659331976385556,86.59,EXTREME
6685,Danda_1,Uttarakhand,48,Champawat,29.15927778,80.10852778,2025-06-28,63.0,34.0,7,2025,6,179,63.0,63.0,63.0,0.0,63.0,34.0,34.0,34.0,7,7.0,37.75,63.8,47.09090909090909,39.535714285714285,75.5,319.0,518.0,553.5,63.0,114.0,114.0,114.0,69.5,69.5,45.3742768537417,40.13604953813308,5.0,14.0,champawat,NORMAL,0.0,0.0,,,,,,,,,,,,,,,,NORMAL,0.8353874122250698,83.54,EXTREME
6692,Jhala_1,Uttarakhand,57,Uttarkashi,31.01533333,78.71222222,2025-06-28,1.0,0.5,2,2025,6,179,1.0,1.0,1.0,0.0,1.0,0.5,0.5,0.5,2,2.0,1.8333333333333333,2.5,1.75,1.4333333333333331,5.5,10.0,17.5,21.5,2.5,4.5,4.5,4.5,1.0,1.0,1.4719601443879748,1.2227992865708233,4.0,15.0,uttarkashi,NORMAL,0.0,0.0,,,,,,,,,,,,,,,,NORMAL,0.9140473828831208,91.4,EXTREME
6710,Jhala_1,Uttarakhand,57,Uttarkashi,31.01533333,78.71222222,2025-06-29,5.0,1.5,8,2025,6,180,5.0,5.0,5.0,0.0,5.0,1.5,1.5,1.5,8,8.0,2.6666666666666665,2.625,2.2,1.7333333333333334,8.0,10.5,22.0,26.0,5.0,5.0,5.0,5.0,1.5,1.5,1.7017148213885118,1.498411857680696,4.0,15.0,uttarkashi,NORMAL,0.0,0.0,,,,,,,,,,,,,,,,NORMAL,0.8122516497320418,81.23,EXTREME
6701,Yamuna Colony,Uttarakhand,49,Dehradun,30.33775278,78.03311667,2025-06-29,0.5,0.5,1,2025,6,180,0.5,0.5,0.5,0.0,0.5,0.5,0.5,0.5,1,1.0,0.5,0.5,0.5,0.5,0.5,0.5,0.5,0.5,0.5,0.5,0.5,0.5,0.5,0.5,0.0,0.0,1.0,1.0,dehradun,NORMAL,0.0,0.0,,,,,,,,,,,,,,,,NORMAL,0.8234578016048605,82.35,EXTREME
6705,Dugadda (Khoh),Uttarakhand,52,PAURI GARHWAL,29.75108333,78.52341667,2025-06-29,0.5,0.5,1,2025,6,180,0.5,0.5,0.5,0.0,0.5,0.5,0.5,0.5,1,1.0,0.5,0.5,0.625,0.6,1.0,2.0,5.0,6.0,0.5,0.5,1.0,1.0,0.5,0.5,0.0,0.2108185106778919,4.0,10.0,pauri garhwal,NORMAL,0.0,0.0,,,,,,,,,,,,,,,,NORMAL,0.8129190827271322,81.29,EXTREME
6699,Tanakpur_1,Uttarakhand,48,Champawat,29.07222222,80.1175,2025-06-29,0.5,0.5,1,2025,6,180,0.5,0.5,0.5,0.0,0.5,0.5,0.5,0.5,1,1.0,0.5,0.5,0.5,0.5,0.5,0.5,1.0,1.0,0.5,0.5,0.5,0.5,0.5,0.5,0.0,0.0,1.0,2.0,champawat,NORMAL,0.0,0.0,,,,,,,,,,,,,,,,NORMAL,0.7368264350664205,73.68,VERY HIGH
6694,Lamgara,Uttarakhand,45,Almora,29.53866667,79.74994444,2025-06-29,0.5,0.5,1,2025,6,180,0.5,0.5,0.5,0.0,0.5,0.5,0.5,0.5,1,1.0,0.5,0.5,0.5,1.125,0.5,1.0,2.0,9.0,0.5,0.5,0.5,5.0,0.5,0.5,0.0,1.5754817857223469,2.0,8.0,almora,NORMAL,0.0,0.0,,,,,,,,,,,,,,,,NORMAL,0.7745445587996366,77.45,VERY HIGH
6704,Nainital_1,Uttarakhand,51,Nainital,29.39530278,79.46232778,2025-06-29,9.0,3.0,6,2025,6,180,9.0,9.0,9.0,0.0,9.0,3.0,3.0,3.0,6,6.0,6.5,11.9,8.875,46.208333333333336,13.0,59.5,71.0,554.5,9.0,28.0,28.0,256.0,19.0,256.0,9.749358953284874,87.30965226587425,5.0,12.0,nainital,NORMAL,0.0,0.0,,,,,,,,,,,,,,,,NORMAL,0.7757454605417989,77.57,VERY HIGH
6706,Srinagar_2,Uttarakhand,52,PAURI GARHWAL,30.23581944,78.81720278,2025-06-29,26.0,10.0,8,2025,6,180,26.0,26.0,26.0,0.0,26.0,10.0,10.0,10.0,8,8.0,18.75,18.75,13.166666666666666,13.166666666666666,37.5,37.5,39.5,39.5,26.0,26.0,26.0,26.0,10.0,10.0,10.253048327204938,12.086493839543929,2.0,3.0,pauri garhwal,NORMAL,0.0,0.0,,,,,,,,,,,,,,,,NORMAL,0.9836746031746031,98.37,EXTREME
6707,Dharchula_1,Uttarakhand,53,Pithoragarh,29.84825,80.54047222,2025-06-29,21.5,8.0,6,2025,6,180,21.5,21.5,21.5,0.0,21.5,8.0,8.0,8.0,6,6.0,19.0,13.166666666666666,14.85,12.625,57.0,79.0,148.5,151.5,30.5,30.5,49.5,49.5,12.0,23.5,10.581430275093563,15.038019997810398,6.0,12.0,pithoragarh,NORMAL,0.0,0.0,,,,,,,,,,,,,,,,NORMAL,0.7340316779885824,73.4,VERY HIGH
6700,Chakrata,Uttarakhand,49,Dehradun,30.76115556,77.86502778,2025-06-29,0.5,0.5,1,2025,6,180,0.5,0.5,0.5,0.0,0.5,0.5,0.5,0.5,1,1.0,0.5,5.75,7.1,5.7,0.5,11.5,35.5,57.0,0.5,11.0,22.0,22.0,6.0,14.0,7.424621202458749,7.645623294117716,2.0,10.0,dehradun,NORMAL,0.0,0.0,,,,,,,,,,,,,,,,NORMAL,0.8775578366622395,87.76,EXTREME
6709,Gadarpur,Uttarakhand,56,UDHAM SINGH NAGAR,29.04324167,79.24461944,2025-06-29,30.5,20.0,8,2025,6,180,30.5,30.5,30.5,0.0,30.5,20.0,20.0,20.0,8,8.0,30.5,17.5,19.08333333333333,18.45,30.5,52.5,114.5,184.5,30.5,30.5,33.0,51.0,20.0,20.0,11.302654555457316,15.642623394644088,3.0,10.0,udham singh nagar,NORMAL,0.0,0.0,,,,,,,,,,,,,,,,NORMAL,0.7684106874858146,76.84,VERY HIGH
6702,Roorkee_2,Uttarakhand,50,Haridwar,29.86771944,77.88415556,2025-06-29,28.0,10.5,9,2025,6,180,28.0,28.0,28.0,0.0,28.0,10.5,10.5,10.5,9,9.0,20.25,12.0,31.4375,26.727272727272727,40.5,60.0,251.5,294.0,28.0,28.0,180.0,180.0,10.5,83.0,10.31382567236809,51.67125101851301,5.0,11.0,haridwar,NORMAL,0.0,0.0,,,,,,,,,,,,,,,,NORMAL,0.9491602305616389,94.92,EXTREME
6703,Haldwani_1,Uttarakhand,51,Nainital,29.214725,79.52400278,2025-06-29,42.0,13.5,12,2025,6,180,42.0,42.0,42.0,0.0,42.0,13.5,13.5,13.5,12,12.0,23.0,27.7,19.85,17.125,46.0,138.5,198.5,205.5,42.0,88.5,88.5,88.5,34.0,34.0,38.03222317982476,26.67065547819108,5.0,12.0,nainital,NORMAL,0.0,0.0,,,,,,,,,,,,,,,,NORMAL,0.9851176552492342,98.51,EXTREME
6708,Guptkashi_1,Uttarakhand,54,Rudraprayag,30.52863889,79.08508333,2025-06-29,0.5,0.5,1,2025,6,180,0.5,0.5,0.5,0.0,0.5,0.5,0.5,0.5,1,1.0,0.5,0.5,0.5714285714285714,28.73076923076923,1.0,2.0,4.0,373.5,0.5,0.5,1.0,366.0,0.5,366.0,0.0,101.33702338085676,4.0,13.0,rudraprayag,NORMAL,0.0,1.0,,,,,,,,,,,,,,,,NORMAL,0.9746785018100806,97.47,EXTREME
6698,Danda_1,Uttarakhand,48,Champawat,29.15927778,80.10852778,2025-06-29,77.5,42.5,13,2025,6,180,77.5,77.5,77.5,0.0,77.5,42.5,42.5,42.5,13,13.0,70.25,56.5,52.63636363636363,43.92857142857143,140.5,282.5,579.0,615.0,77.5,104.0,114.0,114.0,42.5,69.5,37.538313760743165,40.72320126020449,5.0,14.0,champawat,NORMAL,0.0,0.0,,,,,,,,,,,,,,,,NORMAL,0.9833333333333333,98.33,EXTREME
6695,Baijnath (Gomti),Uttarakhand,46,Bageshwar,29.90822222,79.61769444,2025-06-29,72.5,28.5,15,2025,6,180,72.5,72.5,72.5,0.0,72.5,28.5,28.5,28.5,15,15.0,27.33333333333333,26.785714285714285,18.272727272727277,13.794117647058824,82.0,187.5,201.0,234.5,72.5,72.5,72.5,72.5,28.5,28.5,26.5249208966102,19.877797620342545,7.0,17.0,bageshwar,NORMAL,0.0,0.0,,,,,,,,,,,,,,,,NORMAL,0.9641564271701271,96.42,EXTREME
6697,Nandprayag (Nandakini),Uttarakhand,47,Chamoli,30.33122222,79.31063889,2025-06-29,0.5,0.5,1,2025,6,180,0.5,0.5,0.5,0.0,0.5,0.5,0.5,0.5,1,1.0,0.5,0.5,0.5,0.5,0.5,0.5,1.5,1.5,0.5,0.5,0.5,0.5,0.5,0.5,0.0,0.0,1.0,3.0,chamoli,NORMAL,0.0,0.0,,,,,,,,,,,,,,,,NORMAL,0.9418068783068784,94.18,EXTREME
6696,Kapkot (Saryu),Uttarakhand,46,Bageshwar,29.94516667,79.9025,2025-06-29,47.0,14.0,13,2025,6,180,47.0,47.0,47.0,0.0,47.0,14.0,14.0,14.0,13,13.0,30.0,42.142857142857146,27.03846153846154,25.8,90.0,295.0,351.5,516.0,47.0,119.0,119.0,119.0,29.0,35.0,38.19436507928263,30.148492150476923,7.0,20.0,bageshwar,NORMAL,0.0,0.0,,,,,,,,,,,,,,,,NORMAL,0.9039330159547296,90.39,EXTREME
6716,Roorkee_2,Uttarakhand,50,Haridwar,29.86771944,77.88415556,2025-06-30,48.5,15.0,9,2025,6,181,48.5,48.5,48.5,0.0,48.5,15.0,15.0,15.0,9,9.0,29.666666666666668,20.5,33.333333333333336,28.541666666666668,89.0,102.5,300.0,342.5,48.5,48.5,180.0,180.0,15.0,83.0,18.44247814150797,49.66591035625091,5.0,12.0,haridwar,NORMAL,0.0,0.0,,,,,,,,,,,,,,,,NORMAL,0.7648195646945646,76.48,VERY HIGH
6713,Danda_1,Uttarakhand,48,Champawat,29.15927778,80.10852778,2025-06-30,104.0,32.0,14,2025,6,181,104.0,104.0,104.0,0.0,104.0,32.0,32.0,32.0,14,14.0,81.5,72.2,56.5,47.93333333333333,244.5,361.0,621.5,719.0,104.0,104.0,114.0,114.0,42.5,69.5,37.746854173559946,42.195914945587305,5.0,15.0,champawat,NORMAL,0.0,0.0,,,,,,,,,,,,,,,,NORMAL,0.9504490608504693,95.04,EXTREME
6719,Dharchula_1,Uttarakhand,53,Pithoragarh,29.84825,80.54047222,2025-06-30,2.5,2.5,1,2025,6,181,2.5,2.5,2.5,0.0,2.5,2.5,2.5,2.5,1,1.0,18.166666666666668,12.333333333333334,13.727272727272728,11.846153846153848,54.5,74.0,151.0,154.0,30.5,30.5,49.5,49.5,12.0,23.5,11.290113669342158,14.669106731757468,6.0,13.0,pithoragarh,NORMAL,0.0,0.0,,,,,,,,,,,,,,,,NORMAL,0.9174158787119313,91.74,EXTREME
6720,Gadarpur,Uttarakhand,56,UDHAM SINGH NAGAR,29.04324167,79.24461944,2025-06-30,8.5,2.0,6,2025,6,181,8.5,8.5,8.5,0.0,8.5,2.0,2.0,2.0,6,6.0,19.5,17.0,15.0,17.545454545454547,39.0,51.0,90.0,193.0,30.5,30.5,30.5,51.0,20.0,20.0,11.82159041753689,15.14010327813939,3.0,11.0,udham singh nagar,NORMAL,0.0,0.0,,,,,,,,,,,,,,,,NORMAL,0.9801563251563251,98.02,EXTREME
6721,Jhala_1,Uttarakhand,57,Uttarkashi,31.01533333,78.71222222,2025-06-30,1.0,0.5,2,2025,6,181,1.0,1.0,1.0,0.0,1.0,0.5,0.5,0.5,2,2.0,2.333333333333333,2.3,2.25,1.6875,7.0,11.5,22.5,27.0,5.0,5.0,5.0,5.0,1.5,1.5,1.6431676725154984,1.459166428707392,5.0,16.0,uttarkashi,NORMAL,0.0,0.0,,,,,,,,,,,,,,,,NORMAL,0.983095719095719,98.31,EXTREME
6712,Kapkot (Saryu),Uttarakhand,46,Bageshwar,29.94516667,79.9025,2025-06-30,3.0,1.0,5,2025,6,181,3.0,3.0,3.0,0.0,3.0,1.0,1.0,1.0,5,5.0,28.83333333333333,25.571428571428573,25.321428571428573,24.714285714285715,86.5,179.0,354.5,519.0,47.0,54.0,119.0,119.0,26.5,35.0,20.23081101403784,29.803343532467725,7.0,21.0,bageshwar,NORMAL,0.0,0.0,,,,,,,,,,,,,,,,NORMAL,0.9740264550264551,97.4,EXTREME
6718,Srinagar_2,Uttarakhand,52,PAURI GARHWAL,30.23581944,78.81720278,2025-06-30,46.5,14.5,9,2025,6,181,46.5,46.5,46.5,0.0,46.5,14.5,14.5,14.5,9,9.0,28.0,28.0,21.5,21.5,84.0,84.0,86.0,86.0,46.5,46.5,46.5,46.5,14.5,14.5,17.585505395068974,19.369219567826335,3.0,4.0,pauri garhwal,NORMAL,0.0,0.0,,,,,,,,,,,,,,,,NORMAL,0.9442581770081769,94.43,EXTREME
6715,Khanpur_5,Uttarakhand,50,Haridwar,29.641375,78.00678611,2025-06-30,4.5,3.5,3,2025,6,181,4.5,4.5,4.5,0.0,4.5,3.5,3.5,3.5,3,3.0,4.5,12.833333333333334,16.8,16.8,4.5,38.5,84.0,84.0,4.5,33.5,43.5,43.5,24.5,24.5,18.009256878986797,20.173001759777843,3.0,5.0,haridwar,NORMAL,0.0,0.0,,,,,,,,,,,,,,,,NORMAL,0.9298161263242095,92.98,EXTREME
6717,Haldwani_1,Uttarakhand,51,Nainital,29.214725,79.52400278,2025-06-30,21.0,15.0,7,2025,6,181,21.0,21.0,21.0,0.0,21.0,15.0,15.0,15.0,7,7.0,31.5,31.3,20.5,17.423076923076923,63.0,156.5,205.0,226.5,42.0,88.5,88.5,88.5,34.0,34.0,35.90194980777507,25.557815303286844,5.0,13.0,nainital,NORMAL,0.0,0.0,,,,,,,,,,,,,,,,NORMAL,0.8669732266337888,86.7,EXTREME
6711,Baijnath (Gomti),Uttarakhand,46,Bageshwar,29.90822222,79.61769444,2025-06-30,5.0,3.5,2,2025,6,181,5.0,5.0,5.0,0.0,5.0,3.5,3.5,3.5,2,2.0,27.166666666666668,26.214285714285715,18.681818181818183,13.305555555555555,81.5,183.5,205.5,239.5,72.5,72.5,72.5,72.5,28.5,28.5,27.01057993771012,19.39537459178237,7.0,18.0,bageshwar,NORMAL,0.0,0.0,,,,,,,,,,,,,,,,NORMAL,0.7759027804641228,77.59,VERY HIGH
6714,Tanakpur_1,Uttarakhand,48,Champawat,29.07222222,80.1175,2025-06-30,2.5,1.0,4,2025,6,181,2.5,2.5,2.5,0.0,2.5,1.0,1.0,1.0,4,4.0,1.5,1.5,1.1666666666666667,1.1666666666666667,3.0,3.0,3.5,3.5,2.5,2.5,2.5,2.5,1.0,1.0,1.4142135623730951,1.1547005383792517,2.0,3.0,champawat,NORMAL,0.0,0.0,,,,,,,,,,,,,,,,NORMAL,0.9388527488247598,93.89,EXTREME
6725,Tanakpur_1,Uttarakhand,48,Champawat,29.07222222,80.1175,2025-07-02,1.0,1.0,1,2025,7,183,1.0,1.0,1.0,0.0,1.0,1.0,1.0,1.0,1,1.0,1.75,1.3333333333333333,1.125,1.125,3.5,4.0,4.5,4.5,2.5,2.5,2.5,2.5,1.0,1.0,1.0408329997330663,0.9464847243000456,3.0,4.0,champawat,NORMAL,0.0,0.0,,,,,,,,,,,,,,,,NORMAL,0.908185016718313,90.82,EXTREME
6727,Dugadda (Khoh),Uttarakhand,52,PAURI GARHWAL,29.75108333,78.52341667,2025-07-02,0.5,0.5,1,2025,7,183,0.5,0.5,0.5,0.0,0.5,0.5,0.5,0.5,1,1.0,0.5,0.5,0.5,0.5909090909090909,0.5,2.0,3.5,6.5,0.5,0.5,0.5,1.0,0.5,0.5,0.0,0.2022599587389726,4.0,11.0,pauri garhwal,NORMAL,0.0,0.0,,,,,,,,,,,,,,,,NORMAL,0.9268065205090894,92.68,EXTREME
6728,Dharchula_1,Uttarakhand,53,Pithoragarh,29.84825,80.54047222,2025-07-02,7.5,5.5,4,2025,7,183,7.5,7.5,7.5,0.0,7.5,5.5,5.5,5.5,4,4.0,5.0,13.4,9.909090909090908,11.535714285714286,10.0,67.0,109.0,161.5,7.5,30.5,30.5,49.5,12.0,23.5,12.064410470470571,14.141407129575034,5.0,14.0,pithoragarh,NORMAL,0.0,0.0,,,,,,,,,,,,,,,,NORMAL,0.8853944720919905,88.54,EXTREME
6723,Kapkot (Saryu),Uttarakhand,46,Bageshwar,29.94516667,79.9025,2025-07-02,29.0,15.0,6,2025,7,183,29.0,29.0,29.0,0.0,29.0,15.0,15.0,15.0,6,6.0,16.0,29.33333333333333,29.307692307692307,24.90909090909091,32.0,176.0,381.0,548.0,29.0,54.0,119.0,119.0,26.5,35.0,20.91331314418324,29.0994339511451,6.0,22.0,bageshwar,NORMAL,0.0,0.0,,,,,,,,,,,,,,,,NORMAL,0.8862209899651122,88.62,EXTREME
6726,Nainital_1,Uttarakhand,51,Nainital,29.39530278,79.46232778,2025-07-02,5.5,3.0,3,2025,7,183,5.5,5.5,5.5,0.0,5.5,3.0,3.0,3.0,3,3.0,5.5,5.875,9.357142857142858,46.375,5.5,23.5,65.5,556.5,5.5,9.0,28.0,256.0,4.0,256.0,2.174664725115377,87.22257969752391,4.0,12.0,nainital,NORMAL,0.0,0.0,,,,,,,,,,,,,,,,NORMAL,0.8754252150127108,87.54,EXTREME
6730,Tumaria,Uttarakhand,56,UDHAM SINGH NAGAR,29.30704722,78.93133056,2025-07-02,7.5,5.5,2,2025,7,183,7.5,7.5,7.5,0.0,7.5,5.5,5.5,5.5,2,2.0,7.5,7.5,17.2,13.714285714285714,7.5,7.5,86.0,96.0,7.5,7.5,36.0,36.0,5.5,23.5,0.0,15.154364450704024,1.0,7.0,udham singh nagar,NORMAL,0.0,0.0,,,,,,,,,,,,,,,,NORMAL,0.8801263932668727,88.01,EXTREME
6724,Danda_1,Uttarakhand,48,Champawat,29.15927778,80.10852778,2025-07-02,59.0,25.5,5,2025,7,183,59.0,59.0,59.0,0.0,59.0,25.5,25.5,25.5,5,5.0,81.5,63.2,58.4,48.625,163.0,316.0,584.0,778.0,104.0,104.0,114.0,114.0,42.5,69.5,33.38150685634188,40.85890355846568,5.0,16.0,champawat,NORMAL,0.0,0.0,,,,,,,,,,,,,,,,NORMAL,0.8489195250940058,84.89,EXTREME
6729,Gadarpur,Uttarakhand,56,UDHAM SINGH NAGAR,29.04324167,79.24461944,2025-07-02,4.5,4.0,2,2025,7,183,4.5,4.5,4.5,0.0,4.5,4.0,4.0,4.0,2,2.0,6.5,14.5,11.75,16.458333333333332,13.0,43.5,70.5,197.5,8.5,30.5,30.5,51.0,20.0,20.0,14.000000000000002,14.918655699451868,3.0,12.0,udham singh nagar,NORMAL,0.0,0.0,,,,,,,,,,,,,,,,NORMAL,0.7647763285989416,76.48,VERY HIGH
6731,Jhala_1,Uttarakhand,57,Uttarkashi,31.01533333,78.71222222,2025-07-02,1.0,0.5,2,2025,7,183,1.0,1.0,1.0,0.0,1.0,0.5,0.5,0.5,2,2.0,1.0,2.083333333333333,2.055555555555556,1.71875,2.0,12.5,18.5,27.5,1.0,5.0,5.0,5.0,1.5,1.5,1.5625833311112298,1.437228235180487,6.0,16.0,uttarkashi,NORMAL,0.0,0.0,,,,,,,,,,,,,,,,NORMAL,0.7739975637211408,77.4,VERY HIGH
6722,Baijnath (Gomti),Uttarakhand,46,Bageshwar,29.90822222,79.61769444,2025-07-02,1.5,1.5,1,2025,7,183,1.5,1.5,1.5,0.0,1.5,1.5,1.5,1.5,1,1.0,3.25,23.58333333333333,17.25,13.166666666666666,6.5,141.5,207.0,237.0,5.0,72.5,72.5,72.5,28.5,28.5,30.989379901293063,19.474719661200638,6.0,18.0,bageshwar,NORMAL,0.0,0.0,,,,,,,,,,,,,,,,NORMAL,0.7471180500241142,74.71,VERY HIGH
6734,Kapkot (Saryu),Uttarakhand,46,Bageshwar,29.94516667,79.9025,2025-07-03,43.0,15.0,13,2025,7,184,43.0,43.0,43.0,0.0,43.0,15.0,15.0,15.0,13,13.0,36.0,27.5,32.53846153846154,26.772727272727277,72.0,165.0,423.0,589.0,43.0,47.0,119.0,119.0,26.5,35.0,18.68154169226942,28.87441084648485,6.0,22.0,bageshwar,NORMAL,0.0,0.0,,,,,,,,,,,,,,,,NORMAL,0.6306925049744707,63.07,VERY HIGH
6737,Tanakpur_1,Uttarakhand,48,Champawat,29.07222222,80.1175,2025-07-03,0.5,0.5,1,2025,7,184,0.5,0.5,0.5,0.0,0.5,0.5,0.5,0.5,1,1.0,0.75,1.125,1.0,1.0,1.5,4.5,5.0,5.0,1.0,2.5,2.5,2.5,1.0,1.0,0.9464847243000456,0.8660254037844387,4.0,5.0,champawat,NORMAL,0.0,0.0,,,,,,,,,,,,,,,,NORMAL,0.8105518647444923,81.06,EXTREME
6732,Almora_1,Uttarakhand,45,Almora,29.59631389,79.65005556,2025-07-03,0.5,0.5,1,2025,7,184,0.5,0.5,0.5,0.0,0.5,0.5,0.5,0.5,1,1.0,0.5,0.5,0.5,0.5,0.5,0.5,0.5,0.5,0.5,0.5,0.5,0.5,0.5,0.5,0.0,0.0,1.0,1.0,almora,NORMAL,0.0,0.0,,,,,,,,,,,,,,,,NORMAL,0.6668219200238016,66.68,VERY HIGH
6740,Guptkashi_1,Uttarakhand,54,Rudraprayag,30.52863889,79.08508333,2025-07-03,0.5,0.5,1,2025,7,184,0.5,0.5,0.5,0.0,0.5,0.5,0.5,0.5,1,1.0,0.5,0.5,0.5,0.5909090909090909,0.5,1.5,3.0,6.5,0.5,0.5,0.5,1.0,0.5,0.5,0.0,0.2022599587353774,3.0,11.0,rudraprayag,NORMAL,0.0,1.0,,,,,,,,,,,,,,,,NORMAL,0.6435526443822548,64.36,VERY HIGH
6735,Khati_1,Uttarakhand,46,Bageshwar,30.11019722,79.94055833,2025-07-03,0.5,0.5,1,2025,7,184,0.5,0.5,0.5,0.0,0.5,0.5,0.5,0.5,1,1.0,0.5,0.5,0.5,19.6,0.5,0.5,1.0,98.0,0.5,0.5,0.5,96.0,0.5,96.0,0.0,42.70889837024598,1.0,5.0,bageshwar,NORMAL,0.0,0.0,,,,,,,,,,,,,,,,NORMAL,0.9178634648511047,91.79,EXTREME
6738,Haldwani_1,Uttarakhand,51,Nainital,29.214725,79.52400278,2025-07-03,12.0,10.5,2,2025,7,184,12.0,12.0,12.0,0.0,12.0,10.5,10.5,10.5,2,2.0,12.0,19.75,23.666666666666668,19.291666666666668,12.0,79.0,213.0,231.5,12.0,42.0,88.5,88.5,15.0,34.0,16.378339354159202,25.97241397865797,4.0,12.0,nainital,NORMAL,0.0,0.0,,,,,,,,,,,,,,,,NORMAL,0.8464287727642069,84.64,EXTREME
6741,Gadarpur,Uttarakhand,56,UDHAM SINGH NAGAR,29.04324167,79.24461944,2025-07-03,21.0,9.0,4,2025,7,184,21.0,21.0,21.0,0.0,21.0,9.0,9.0,9.0,4,4.0,12.75,16.125,14.416666666666666,17.875,25.5,64.5,86.5,214.5,21.0,30.5,30.5,51.0,20.0,20.0,11.883987826763653,14.427128801481787,4.0,12.0,udham singh nagar,NORMAL,0.0,0.0,,,,,,,,,,,,,,,,NORMAL,0.7589961630817301,75.9,VERY HIGH
6739,Dharchula_1,Uttarakhand,53,Pithoragarh,29.84825,80.54047222,2025-07-03,68.0,15.5,14,2025,7,184,68.0,68.0,68.0,0.0,68.0,15.5,15.5,15.5,14,14.0,37.75,22.5,16.045454545454547,15.3,75.5,135.0,176.5,229.5,68.0,68.0,68.0,68.0,15.5,23.5,24.764894508154075,19.956023079332645,6.0,15.0,pithoragarh,NORMAL,0.0,0.0,,,,,,,,,,,,,,,,NORMAL,0.8896862664901255,88.97,EXTREME
6733,Baijnath (Gomti),Uttarakhand,46,Bageshwar,29.90822222,79.61769444,2025-07-03,31.5,18.5,8,2025,7,184,31.5,31.5,31.5,0.0,31.5,18.5,18.5,18.5,8,8.0,16.5,20.0,19.83333333333333,14.27777777777778,33.0,120.0,238.0,257.0,31.5,72.5,72.5,72.5,28.5,28.5,28.00714194629648,19.939041087201904,6.0,18.0,bageshwar,NORMAL,0.0,0.0,,,,,,,,,,,,,,,,NORMAL,0.8992280291200482,89.92,EXTREME
6742,Jhala_1,Uttarakhand,57,Uttarkashi,31.01533333,78.71222222,2025-07-03,7.0,3.5,7,2025,7,184,7.0,7.0,7.0,0.0,7.0,3.5,3.5,3.5,7,7.0,4.0,2.833333333333333,2.7222222222222223,2.0625,8.0,17.0,24.5,33.0,7.0,7.0,7.0,7.0,3.5,3.5,2.562550812504343,1.9482898483884143,6.0,16.0,uttarkashi,NORMAL,0.0,0.0,,,,,,,,,,,,,,,,NORMAL,0.8100326656910932,81.0,EXTREME
6736,Danda_1,Uttarakhand,48,Champawat,29.15927778,80.10852778,2025-07-03,8.0,5.0,5,2025,7,184,8.0,8.0,8.0,0.0,8.0,5.0,5.0,5.0,5,5.0,33.5,62.3,53.81818181818182,46.23529411764706,67.0,311.5,592.0,786.0,59.0,104.0,114.0,114.0,42.5,69.5,35.1062672467467,40.76997886276848,5.0,17.0,champawat,NORMAL,0.0,0.0,,,,,,,,,,,,,,,,NORMAL,0.9346081703959127,93.46,EXTREME
6744,Kapkot (Saryu),Uttarakhand,46,Bageshwar,29.94516667,79.9025,2025-07-04,7.5,2.0,5,2025,7,185,7.5,7.5,7.5,0.0,7.5,2.0,2.0,2.0,5,5.0,26.5,27.666666666666668,32.84615384615385,25.93478260869565,79.5,166.0,427.0,596.5,43.0,47.0,119.0,119.0,26.5,35.0,18.459866377270107,28.49533628022874,6.0,23.0,bageshwar,NORMAL,0.0,0.0,,,,,,,,,,,,,,,,NORMAL,0.9269553926181349,92.7,EXTREME
6743,Baijnath (Gomti),Uttarakhand,46,Bageshwar,29.90822222,79.61769444,2025-07-04,41.5,13.5,5,2025,7,185,41.5,41.5,41.5,0.0,41.5,13.5,13.5,13.5,5,5.0,24.83333333333333,26.0,22.791666666666668,15.710526315789474,74.5,156.0,273.5,298.5,41.5,72.5,72.5,72.5,28.5,28.5,28.135386970859308,20.358806304694,6.0,19.0,bageshwar,NORMAL,0.0,0.0,,,,,,,,,,,,,,,,NORMAL,0.9084961471200986,90.85,EXTREME
6747,Jhala_1,Uttarakhand,57,Uttarkashi,31.01533333,78.71222222,2025-07-04,3.0,1.5,4,2025,7,185,3.0,3.0,3.0,0.0,3.0,1.5,1.5,1.5,4,4.0,3.6666666666666665,3.0,2.75,2.1875,11.0,18.0,27.5,35.0,7.0,7.0,7.0,7.0,3.5,3.5,2.5298221281347035,1.9397164741270867,6.0,16.0,uttarkashi,NORMAL,0.0,0.0,,,,,,,,,,,,,,,,NORMAL,0.9636572884867004,96.37,EXTREME
6746,Dharchula_1,Uttarakhand,53,Pithoragarh,29.84825,80.54047222,2025-07-04,15.0,4.5,4,2025,7,185,15.0,15.0,15.0,0.0,15.0,4.5,4.5,4.5,4,4.0,30.166666666666668,24.166666666666668,15.958333333333334,15.28125,90.5,145.0,191.5,244.5,68.0,68.0,68.0,68.0,15.5,23.5,23.66361482670529,19.279495800806963,6.0,16.0,pithoragarh,NORMAL,0.0,0.0,,,,,,,,,,,,,,,,NORMAL,0.9712637917637919,97.13,EXTREME
6745,Danda_1,Uttarakhand,48,Champawat,29.15927778,80.10852778,2025-07-04,1.5,1.0,2,2025,7,185,1.5,1.5,1.5,0.0,1.5,1.0,1.0,1.0,2,2.0,22.83333333333333,52.16666666666666,51.90909090909091,43.75,68.5,313.0,571.0,787.5,59.0,104.0,114.0,114.0,42.5,69.5,40.025824996702646,40.93403948103942,6.0,18.0,champawat,NORMAL,0.0,0.0,,,,,,,,,,,,,,,,NORMAL,0.8769877135122617,87.7,EXTREME
6749,Gadarpur,Uttarakhand,56,UDHAM SINGH NAGAR,29.04324167,79.24461944,2025-07-05,2.5,2.5,1,2025,7,186,2.5,2.5,2.5,0.0,2.5,2.5,2.5,2.5,1,1.0,11.75,13.4,12.714285714285714,16.692307692307693,23.5,67.0,89.0,217.0,21.0,30.5,30.5,51.0,20.0,20.0,11.960351165413163,14.456167169439109,5.0,13.0,udham singh nagar,NORMAL,0.0,0.0,,,,,,,,,,,,,,,,NORMAL,0.7617698349782954,76.18,VERY HIGH
6748,Kapkot (Saryu),Uttarakhand,46,Bageshwar,29.94516667,79.9025,2025-07-05,5.5,5.5,1,2025,7,186,5.5,5.5,5.5,0.0,5.5,5.5,5.5,5.5,1,1.0,18.666666666666668,22.5,33.03846153846154,26.043478260869566,56.0,135.0,429.5,599.0,43.0,47.0,119.0,119.0,15.0,35.0,19.783831782544063,28.40851066601116,6.0,23.0,bageshwar,NORMAL,0.0,0.0,,,,,,,,,,,,,,,,NORMAL,0.8831103247965058,88.31,EXTREME
6752,Dugadda (Khoh),Uttarakhand,52,PAURI GARHWAL,29.75108333,78.52341667,2025-07-07,0.5,0.5,1,2025,7,188,0.5,0.5,0.5,0.0,0.5,0.5,0.5,0.5,1,1.0,0.5,0.5,0.5,0.5833333333333334,0.5,1.0,3.0,7.0,0.5,0.5,0.5,1.0,0.5,0.5,0.0,0.1946247360403807,2.0,12.0,pauri garhwal,NORMAL,0.0,0.0,,,,,,,,,,,,,,,,NORMAL,0.5630527541407847,56.31,HIGH
6754,Gadarpur,Uttarakhand,56,UDHAM SINGH NAGAR,29.04324167,79.24461944,2025-07-07,3.0,1.0,4,2025,7,188,3.0,3.0,3.0,0.0,3.0,1.0,1.0,1.0,4,4.0,2.75,7.75,11.714285714285714,15.714285714285714,5.5,31.0,82.0,220.0,3.0,21.0,30.5,51.0,9.0,20.0,8.87411967464943,14.363032524390634,4.0,14.0,udham singh nagar,NORMAL,0.0,0.0,,,,,,,,,,,,,,,,NORMAL,0.5649282240805539,56.49,HIGH
6753,Dharchula_1,Uttarakhand,53,Pithoragarh,29.84825,80.54047222,2025-07-07,31.0,12.0,8,2025,7,188,31.0,31.0,31.0,0.0,31.0,12.0,12.0,12.0,8,8.0,31.0,30.375,19.55,16.205882352941178,31.0,121.5,195.5,275.5,31.0,68.0,68.0,68.0,15.5,23.5,26.93007921760845,19.05260712436212,4.0,17.0,pithoragarh,NORMAL,0.0,0.0,,,,,,,,,,,,,,,,LANDSLIDE,0.5284716575042153,52.85,HIGH
6751,Kapkot (Saryu),Uttarakhand,46,Bageshwar,29.94516667,79.9025,2025-07-07,26.0,8.5,10,2025,7,188,26.0,26.0,26.0,0.0,26.0,8.5,8.5,8.5,10,10.0,15.75,22.2,24.166666666666668,26.041666666666668,31.5,111.0,290.0,625.0,26.0,43.0,54.0,119.0,15.0,35.0,15.718619532261757,27.784072958170256,5.0,24.0,bageshwar,NORMAL,0.0,0.0,,,,,,,,,,,,,,,,NORMAL,0.8493457352533138,84.93,EXTREME
6750,Baijnath (Gomti),Uttarakhand,46,Bageshwar,29.90822222,79.61769444,2025-07-07,1.0,0.5,2,2025,7,188,1.0,1.0,1.0,0.0,1.0,0.5,0.5,0.5,2,2.0,1.0,18.875,23.545454545454547,14.975,1.0,75.5,259.0,299.5,1.0,41.5,72.5,72.5,18.5,28.5,20.758030574535077,20.086965530177217,4.0,20.0,bageshwar,NORMAL,0.0,0.0,,,,,,,,,,,,,,,,NORMAL,0.9187019102548497,91.87,EXTREME
6760,Dugadda (Khoh),Uttarakhand,52,PAURI GARHWAL,29.75108333,78.52341667,2025-07-08,0.5,0.5,1,2025,7,189,0.5,0.5,0.5,0.0,0.5,0.5,0.5,0.5,1,1.0,0.5,0.5,0.5,0.5769230769230769,1.0,1.5,3.5,7.5,0.5,0.5,0.5,1.0,0.5,0.5,0.0,0.1877669040497027,3.0,13.0,pauri garhwal,NORMAL,0.0,0.0,,,,,,,,,,,,,,,,NORMAL,0.9823229892520334,98.23,EXTREME
6756,Kapkot (Saryu),Uttarakhand,46,Bageshwar,29.94516667,79.9025,2025-07-08,20.0,9.0,6,2025,7,189,20.0,20.0,20.0,0.0,20.0,9.0,9.0,9.0,6,6.0,23.0,21.83333333333333,24.70833333333333,25.8,46.0,131.0,296.5,645.0,26.0,43.0,54.0,119.0,15.0,35.0,14.087819798203954,27.225906780123964,6.0,25.0,bageshwar,NORMAL,0.0,0.0,,,,,,,,,,,,,,,,NORMAL,0.8852887369933573,88.53,EXTREME
6763,Guptkashi_1,Uttarakhand,54,Rudraprayag,30.52863889,79.08508333,2025-07-08,0.5,0.5,1,2025,7,189,0.5,0.5,0.5,0.0,0.5,0.5,0.5,0.5,1,1.0,0.5,0.5,0.5,0.5454545454545454,0.5,1.0,2.5,6.0,0.5,0.5,0.5,1.0,0.5,0.5,0.0,0.1507556722840622,2.0,11.0,rudraprayag,NORMAL,0.0,1.0,,,,,,,,,,,,,,,,NORMAL,0.7906828457102275,79.07,VERY HIGH
6755,Almora_1,Uttarakhand,45,Almora,29.59631389,79.65005556,2025-07-08,6.5,3.0,3,2025,7,189,6.5,6.5,6.5,0.0,6.5,3.0,3.0,3.0,3,3.0,6.5,3.5,3.5,3.5,6.5,7.0,7.0,7.0,6.5,6.5,6.5,6.5,3.0,3.0,4.242640687119285,4.242640687119285,2.0,2.0,almora,NORMAL,0.0,0.0,,,,,,,,,,,,,,,,NORMAL,0.8555560429813742,85.56,EXTREME
6761,Dharchula_1,Uttarakhand,53,Pithoragarh,29.84825,80.54047222,2025-07-08,2.0,0.5,4,2025,7,189,2.0,2.0,2.0,0.0,2.0,0.5,0.5,0.5,4,4.0,16.5,24.7,19.35,15.416666666666666,33.0,123.5,193.5,277.5,31.0,68.0,68.0,68.0,15.5,23.5,26.550894523537245,18.78457596321107,5.0,18.0,pithoragarh,NORMAL,0.0,0.0,,,,,,,,,,,,,,,,NORMAL,0.890375104391678,89.04,EXTREME
6762,Nachni,Uttarakhand,53,Pithoragarh,29.90594444,80.16097222,2025-07-08,2.5,1.0,4,2025,7,189,2.5,2.5,2.5,0.0,2.5,1.0,1.0,1.0,4,4.0,2.5,2.5,2.5,2.5,2.5,2.5,2.5,2.5,2.5,2.5,2.5,2.5,1.0,1.0,0.0,0.0,1.0,1.0,pithoragarh,NORMAL,0.0,0.0,,,,,,,,,,,,,,,,NORMAL,0.9237761274876508,92.38,EXTREME
6757,Nandprayag (Nandakini),Uttarakhand,47,Chamoli,30.33122222,79.31063889,2025-07-08,0.5,0.5,1,2025,7,189,0.5,0.5,0.5,0.0,0.5,0.5,0.5,0.5,1,1.0,0.5,0.5,0.5,0.5,0.5,0.5,1.0,2.0,0.5,0.5,0.5,0.5,0.5,0.5,0.0,0.0,1.0,4.0,chamoli,NORMAL,0.0,0.0,,,,,,,,,,,,,,,,NORMAL,0.8843470684693802,88.43,EXTREME
6759,Haldwani_1,Uttarakhand,51,Nainital,29.214725,79.52400278,2025-07-08,40.5,25.0,3,2025,7,189,40.5,40.5,40.5,0.0,40.5,25.0,25.0,25.0,3,3.0,40.5,26.25,29.857142857142858,20.923076923076923,40.5,52.5,209.0,272.0,40.5,40.5,88.5,88.5,25.0,34.0,20.152543263816604,25.552923963353454,2.0,13.0,nainital,NORMAL,0.0,0.0,,,,,,,,,,,,,,,,NORMAL,0.8129881657450622,81.3,EXTREME
6764,Jhala_1,Uttarakhand,57,Uttarkashi,31.01533333,78.71222222,2025-07-08,3.0,2.0,2,2025,7,189,3.0,3.0,3.0,0.0,3.0,2.0,2.0,2.0,2,2.0,3.0,3.5,2.833333333333333,2.235294117647059,3.0,14.0,25.5,38.0,3.0,7.0,7.0,7.0,3.5,3.5,2.516611478423584,1.888432278528476,4.0,17.0,uttarkashi,NORMAL,0.0,0.0,,,,,,,,,,,,,,,,NORMAL,0.9821398601398602,98.21,EXTREME
6758,Danda_1,Uttarakhand,48,Champawat,29.15927778,80.10852778,2025-07-08,10.0,5.0,4,2025,7,189,10.0,10.0,10.0,0.0,10.0,5.0,5.0,5.0,4,4.0,10.0,19.625,48.833333333333336,41.97368421052632,10.0,78.5,439.5,797.5,10.0,59.0,104.0,114.0,25.5,69.5,26.4996069153236,40.52724518566715,4.0,19.0,champawat,NORMAL,0.0,0.0,,,,,,,,,,,,,,,,NORMAL,0.8677477236335303,86.77,EXTREME
6777,Jhala_1,Uttarakhand,57,Uttarkashi,31.01533333,78.71222222,2025-07-09,5.5,1.5,8,2025,7,190,5.5,5.5,5.5,0.0,5.5,1.5,1.5,1.5,8,8.0,4.25,4.625,3.1,2.4166666666666665,8.5,18.5,31.0,43.5,5.5,7.0,7.0,7.0,3.5,3.5,1.9737865470545028,1.987090690372415,4.0,18.0,uttarkashi,NORMAL,0.0,0.0,,,,,,,,,,,,,,,,NORMAL,0.9128822045578661,91.29,EXTREME
6773,Dharchula_1,Uttarakhand,53,Pithoragarh,29.84825,80.54047222,2025-07-09,12.5,2.5,12,2025,7,190,12.5,12.5,12.5,0.0,12.5,2.5,2.5,2.5,12,12.0,15.166666666666666,25.7,19.55,15.263157894736842,45.5,128.5,195.5,290.0,31.0,68.0,68.0,68.0,15.5,23.5,25.82537511828241,18.26758545518737,5.0,19.0,pithoragarh,NORMAL,0.0,0.0,,,,,,,,,,,,,,,,NORMAL,0.9490456142385341,94.9,EXTREME
6766,Kapkot (Saryu),Uttarakhand,46,Bageshwar,29.94516667,79.9025,2025-07-09,137.5,74.5,10,2025,7,190,137.5,137.5,137.5,0.0,137.5,74.5,74.5,74.5,10,10.0,61.16666666666666,39.91666666666666,34.625,30.096153846153847,183.5,239.5,415.5,782.5,137.5,137.5,137.5,137.5,74.5,74.5,49.714602147323546,34.51782705523893,6.0,26.0,bageshwar,NORMAL,0.0,0.0,,,,,,,,,,,,,,,,LANDSLIDE,0.5267767196380688,52.68,HIGH
6776,Gadarpur,Uttarakhand,56,UDHAM SINGH NAGAR,29.04324167,79.24461944,2025-07-09,10.0,4.5,4,2025,7,190,10.0,10.0,10.0,0.0,10.0,4.5,4.5,4.5,4,4.0,6.5,9.125,11.428571428571429,15.333333333333334,13.0,36.5,80.0,230.0,10.0,21.0,30.5,51.0,9.0,20.0,8.62530192708252,13.918983268834516,4.0,15.0,udham singh nagar,NORMAL,0.0,0.0,,,,,,,,,,,,,,,,NORMAL,0.9261192236263515,92.61,EXTREME
6770,Roorkee_2,Uttarakhand,50,Haridwar,29.86771944,77.88415556,2025-07-09,1.5,0.5,3,2025,7,190,1.5,1.5,1.5,0.0,1.5,0.5,0.5,0.5,3,3.0,1.5,1.5,22.625,28.5,1.5,1.5,90.5,342.0,1.5,1.5,48.5,180.0,0.5,83.0,0.0,49.69040514663131,1.0,12.0,haridwar,NORMAL,0.0,0.0,,,,,,,,,,,,,,,,NORMAL,0.6545756281708852,65.46,VERY HIGH
6768,Danda_1,Uttarakhand,48,Champawat,29.15927778,80.10852778,2025-07-09,52.0,32.5,11,2025,7,190,52.0,52.0,52.0,0.0,52.0,32.5,32.5,32.5,11,11.0,31.0,17.875,43.05555555555556,42.475,62.0,71.5,387.5,849.5,52.0,52.0,104.0,114.0,32.5,69.5,23.037559911298462,39.50998374828156,4.0,20.0,champawat,NORMAL,0.0,0.0,,,,,,,,,,,,,,,,NORMAL,0.6774137314333644,67.74,VERY HIGH
6767,Nandprayag (Nandakini),Uttarakhand,47,Chamoli,30.33122222,79.31063889,2025-07-09,0.5,0.5,1,2025,7,190,0.5,0.5,0.5,0.0,0.5,0.5,0.5,0.5,1,1.0,0.5,0.5,0.5,0.5,1.0,1.0,1.5,2.5,0.5,0.5,0.5,0.5,0.5,0.5,0.0,0.0,2.0,5.0,chamoli,NORMAL,0.0,0.0,,,,,,,,,,,,,,,,NORMAL,0.9298451985508432,92.98,EXTREME
6769,Khanpur_5,Uttarakhand,50,Haridwar,29.641375,78.00678611,2025-07-09,7.5,7.5,1,2025,7,190,7.5,7.5,7.5,0.0,7.5,7.5,7.5,7.5,1,1.0,7.5,7.5,6.0,15.25,7.5,7.5,12.0,91.5,7.5,7.5,7.5,43.5,7.5,24.5,0.0,18.438410994443093,1.0,6.0,haridwar,NORMAL,0.0,0.0,,,,,,,,,,,,,,,,NORMAL,0.8471424379417858,84.71,EXTREME
6765,Baijnath (Gomti),Uttarakhand,46,Bageshwar,29.90822222,79.61769444,2025-07-09,1.5,0.5,3,2025,7,190,1.5,1.5,1.5,0.0,1.5,0.5,0.5,0.5,3,3.0,1.25,18.875,21.7,14.333333333333334,2.5,75.5,217.0,301.0,1.5,41.5,72.5,72.5,18.5,28.5,20.758030574535077,19.7979376030266,4.0,21.0,bageshwar,NORMAL,0.0,0.0,,,,,,,,,,,,,,,,NORMAL,0.8255221953811493,82.55,EXTREME
6775,Basukedar,Uttarakhand,54,Rudraprayag,30.43919444,79.05633333,2025-07-09,18.0,18.0,1,2025,7,190,18.0,18.0,18.0,0.0,18.0,18.0,18.0,18.0,1,1.0,18.0,18.0,18.0,11.454545454545457,18.0,18.0,18.0,126.0,18.0,18.0,18.0,42.5,18.0,18.0,0.0,12.50490812732055,1.0,11.0,rudraprayag,NORMAL,0.0,1.0,,,,,,,,,,,,,,,,NORMAL,0.7566170631940321,75.66,VERY HIGH
6772,Srinagar_2,Uttarakhand,52,PAURI GARHWAL,30.23581944,78.81720278,2025-07-09,1.0,0.5,2,2025,7,190,1.0,1.0,1.0,0.0,1.0,0.5,0.5,0.5,2,2.0,1.0,1.0,21.25,17.4,1.0,1.0,85.0,87.0,1.0,1.0,46.5,46.5,0.5,14.5,0.0,19.11609269699224,1.0,5.0,pauri garhwal,NORMAL,0.0,0.0,,,,,,,,,,,,,,,,NORMAL,0.9670786943885535,96.71,EXTREME
6771,Haldwani_1,Uttarakhand,51,Nainital,29.214725,79.52400278,2025-07-09,8.5,3.0,7,2025,7,190,8.5,8.5,8.5,0.0,8.5,3.0,3.0,3.0,7,7.0,24.5,20.33333333333333,18.428571428571427,20.035714285714285,49.0,61.0,129.0,280.5,40.5,40.5,42.0,88.5,25.0,34.0,17.552302792891116,24.77395056049048,3.0,14.0,nainital,NORMAL,0.0,0.0,,,,,,,,,,,,,,,,NORMAL,0.9761445692397676,97.61,EXTREME
6774,Nachni,Uttarakhand,53,Pithoragarh,29.90594444,80.16097222,2025-07-09,30.5,10.0,8,2025,7,190,30.5,30.5,30.5,0.0,30.5,10.0,10.0,10.0,8,8.0,16.5,16.5,16.5,16.5,33.0,33.0,33.0,33.0,30.5,30.5,30.5,30.5,10.0,10.0,19.79898987322333,19.79898987322333,2.0,2.0,pithoragarh,NORMAL,0.0,0.0,,,,,,,,,,,,,,,,NORMAL,0.9480156170309763,94.8,EXTREME
6785,Dugadda (Khoh),Uttarakhand,52,PAURI GARHWAL,29.75108333,78.52341667,2025-07-10,0.5,0.5,1,2025,7,191,0.5,0.5,0.5,0.0,0.5,0.5,0.5,0.5,1,1.0,0.5,0.5,0.5,0.5714285714285714,1.0,1.5,3.0,8.0,0.5,0.5,0.5,1.0,0.5,0.5,0.0,0.1815682598006407,3.0,14.0,pauri garhwal,NORMAL,0.0,0.0,,,,,,,,,,,,,,,,NORMAL,0.7143828950369551,71.44,VERY HIGH
6779,Baijnath (Gomti),Uttarakhand,46,Bageshwar,29.90822222,79.61769444,2025-07-10,2.5,1.0,4,2025,7,191,2.5,2.5,2.5,0.0,2.5,1.0,1.0,1.0,4,4.0,2.0,11.625,16.65,13.795454545454543,4.0,46.5,166.5,303.5,2.5,41.5,72.5,72.5,13.5,28.5,19.926427175989165,19.48482870808853,4.0,22.0,bageshwar,NORMAL,0.0,0.0,,,,,,,,,,,,,,,,NORMAL,0.9005716091852961,90.06,EXTREME
6787,Dharchula_1,Uttarakhand,53,Pithoragarh,29.84825,80.54047222,2025-07-10,5.5,2.0,4,2025,7,191,5.5,5.5,5.5,0.0,5.5,2.0,2.0,2.0,4,4.0,6.666666666666667,13.2,18.272727272727277,14.775,20.0,66.0,201.0,295.5,12.5,31.0,68.0,68.0,12.0,23.5,11.23943948780366,17.913883912823184,5.0,20.0,pithoragarh,NORMAL,0.0,0.0,,,,,,,,,,,,,,,,NORMAL,0.8980404782860535,89.8,EXTREME
6782,Chakrata,Uttarakhand,49,Dehradun,30.76115556,77.86502778,2025-07-10,0.5,0.5,1,2025,7,191,0.5,0.5,0.5,0.0,0.5,0.5,0.5,0.5,1,1.0,0.5,0.5,0.5,4.611111111111111,0.5,0.5,1.0,41.5,0.5,0.5,0.5,22.0,0.5,14.0,0.0,7.36451703176189,1.0,9.0,dehradun,NORMAL,0.0,0.0,,,,,,,,,,,,,,,,NORMAL,0.9179710567210567,91.8,EXTREME
6789,Kempty,Uttarakhand,55,Tehri Garhwal,30.49075,78.04738889,2025-07-10,0.5,0.5,1,2025,7,191,0.5,0.5,0.5,0.0,0.5,0.5,0.5,0.5,1,1.0,0.5,0.5,0.5,0.5,0.5,0.5,0.5,0.5,0.5,0.5,0.5,0.5,0.5,0.5,0.0,0.0,1.0,1.0,tehri garhwal,NORMAL,0.0,0.0,,,,,,,,,,,,,,,,NORMAL,0.9352167277167278,93.52,EXTREME
6788,Nachni,Uttarakhand,53,Pithoragarh,29.90594444,80.16097222,2025-07-10,88.5,43.0,4,2025,7,191,88.5,88.5,88.5,0.0,88.5,43.0,43.0,43.0,4,4.0,40.5,40.5,40.5,40.5,121.5,121.5,121.5,121.5,88.5,88.5,88.5,88.5,43.0,43.0,43.86342439892262,43.86342439892262,3.0,3.0,pithoragarh,NORMAL,0.0,0.0,,,,,,,,,,,,,,,,NORMAL,0.932983390326764,93.3,EXTREME
6784,Haldwani_1,Uttarakhand,51,Nainital,29.214725,79.52400278,2025-07-10,12.5,12.0,2,2025,7,191,12.5,12.5,12.5,0.0,12.5,12.0,12.0,12.0,2,2.0,20.5,20.5,20.071428571428573,19.53333333333333,61.5,61.5,140.5,293.0,40.5,40.5,42.0,88.5,25.0,34.0,17.435595774162696,23.951935998896587,3.0,15.0,nainital,NORMAL,0.0,0.0,,,,,,,,,,,,,,,,NORMAL,0.942989691626091,94.3,EXTREME
6783,Roorkee_2,Uttarakhand,50,Haridwar,29.86771944,77.88415556,2025-07-10,2.5,1.0,4,2025,7,191,2.5,2.5,2.5,0.0,2.5,1.0,1.0,1.0,4,4.0,2.0,2.0,18.6,26.5,4.0,4.0,93.0,344.5,2.5,2.5,48.5,180.0,1.0,83.0,0.7071067811865476,48.11834369551804,2.0,13.0,haridwar,NORMAL,0.0,0.0,,,,,,,,,,,,,,,,NORMAL,0.990290827740492,99.03,EXTREME
6780,Kapkot (Saryu),Uttarakhand,46,Bageshwar,29.94516667,79.9025,2025-07-10,13.5,8.5,5,2025,7,191,13.5,13.5,13.5,0.0,13.5,8.5,8.5,8.5,5,5.0,57.0,35.0,31.25,29.98076923076923,171.0,210.0,375.0,779.5,137.5,137.5,137.5,137.5,74.5,74.5,50.79566910672602,34.57006820046232,6.0,26.0,bageshwar,NORMAL,0.0,0.0,,,,,,,,,,,,,,,,NORMAL,0.9938581856100105,99.39,EXTREME
6778,Almora_1,Uttarakhand,45,Almora,29.59631389,79.65005556,2025-07-10,2.5,1.5,2,2025,7,191,2.5,2.5,2.5,0.0,2.5,1.5,1.5,1.5,2,2.0,4.5,4.5,3.1666666666666665,3.1666666666666665,9.0,9.0,9.5,9.5,6.5,6.5,6.5,6.5,3.0,3.0,2.8284271247461903,3.055050463303893,2.0,3.0,almora,NORMAL,0.0,0.0,,,,,,,,,,,,,,,,NORMAL,0.9679177332329505,96.79,EXTREME
6790,Gadarpur,Uttarakhand,56,UDHAM SINGH NAGAR,29.04324167,79.24461944,2025-07-10,38.0,7.0,14,2025,7,191,38.0,38.0,38.0,0.0,38.0,7.0,7.0,7.0,14,14.0,24.0,13.375,14.75,16.75,48.0,53.5,118.0,268.0,38.0,38.0,38.0,51.0,7.0,20.0,16.76988868975184,14.592235378218556,4.0,16.0,udham singh nagar,NORMAL,0.0,0.0,,,,,,,,,,,,,,,,NORMAL,0.9427874506042987,94.28,EXTREME
6786,Srinagar_2,Uttarakhand,52,PAURI GARHWAL,30.23581944,78.81720278,2025-07-10,2.5,1.0,4,2025,7,191,2.5,2.5,2.5,0.0,2.5,1.0,1.0,1.0,4,4.0,1.75,1.75,17.5,14.916666666666666,3.5,3.5,87.5,89.5,2.5,2.5,46.5,46.5,1.0,14.5,1.0606601717798212,18.147773049789517,2.0,6.0,pauri garhwal,NORMAL,0.0,0.0,,,,,,,,,,,,,,,,NORMAL,0.9370919652386006,93.71,EXTREME
6791,Jhala_1,Uttarakhand,57,Uttarkashi,31.01533333,78.71222222,2025-07-10,3.5,0.5,7,2025,7,191,3.5,3.5,3.5,0.0,3.5,0.5,0.5,0.5,7,7.0,4.0,3.75,3.2,2.473684210526316,12.0,15.0,32.0,47.0,5.5,5.5,7.0,7.0,2.0,3.5,1.1902380714238092,1.947032529906636,4.0,19.0,uttarkashi,NORMAL,0.0,0.0,,,,,,,,,,,,,,,,NORMAL,0.8133632959848603,81.34,EXTREME
6781,Danda_1,Uttarakhand,48,Champawat,29.15927778,80.10852778,2025-07-10,0.5,0.5,1,2025,7,191,0.5,0.5,0.5,0.0,0.5,0.5,0.5,0.5,1,1.0,20.83333333333333,16.0,41.72222222222222,40.47619047619048,62.5,64.0,375.5,850.0,52.0,52.0,104.0,114.0,32.5,69.5,24.375534182180832,39.58392230138272,4.0,21.0,champawat,NORMAL,0.0,0.0,,,,,,,,,,,,,,,,NORMAL,0.7782019152325982,77.82,VERY HIGH
6796,Dharchula_1,Uttarakhand,53,Pithoragarh,29.84825,80.54047222,2025-07-11,1.0,0.5,2,2025,7,192,1.0,1.0,1.0,0.0,1.0,0.5,0.5,0.5,2,2.0,6.333333333333333,10.4,17.90909090909091,14.11904761904762,19.0,52.0,197.0,296.5,12.5,31.0,68.0,68.0,12.0,23.5,12.36628480991766,17.71715606545303,5.0,21.0,pithoragarh,NORMAL,0.0,0.0,,,,,,,,,,,,,,,,NORMAL,0.9494431216931218,94.94,EXTREME
6797,Gadarpur,Uttarakhand,56,UDHAM SINGH NAGAR,29.04324167,79.24461944,2025-07-11,0.5,0.5,1,2025,7,192,0.5,0.5,0.5,0.0,0.5,0.5,0.5,0.5,1,1.0,16.166666666666668,10.8,13.166666666666666,15.794117647058824,48.5,54.0,118.5,268.5,38.0,38.0,38.0,51.0,7.0,20.0,15.622899858861032,14.668268072110424,5.0,17.0,udham singh nagar,NORMAL,0.0,0.0,,,,,,,,,,,,,,,,NORMAL,0.9598412698412698,95.98,EXTREME
6795,Mukteshwar_1,Uttarakhand,51,Nainital,29.47413889,79.65119444,2025-07-11,1.0,0.5,2,2025,7,192,1.0,1.0,1.0,0.0,1.0,0.5,0.5,0.5,2,2.0,1.0,1.0,0.75,3.6666666666666665,1.0,1.0,1.5,33.0,1.0,1.0,1.0,11.0,0.5,4.5,0.0,4.023369234857681,1.0,9.0,nainital,NORMAL,0.0,0.0,,,,,,,,,,,,,,,,NORMAL,0.9654667277167277,96.55,EXTREME
6794,Khanpur_5,Uttarakhand,50,Haridwar,29.641375,78.00678611,2025-07-11,3.0,3.0,1,2025,7,192,3.0,3.0,3.0,0.0,3.0,3.0,3.0,3.0,1,1.0,5.25,5.25,5.0,13.5,10.5,10.5,15.0,94.5,7.5,7.5,7.5,43.5,7.5,24.5,3.181980515339464,17.45709025009609,2.0,7.0,haridwar,NORMAL,0.0,0.0,,,,,,,,,,,,,,,,NORMAL,0.9607752895252895,96.08,EXTREME
6792,Kapkot (Saryu),Uttarakhand,46,Bageshwar,29.94516667,79.9025,2025-07-11,2.0,2.0,1,2025,7,192,2.0,2.0,2.0,0.0,2.0,2.0,2.0,2.0,1,1.0,51.0,34.083333333333336,30.875,28.23076923076923,153.0,204.5,370.5,734.0,137.5,137.5,137.5,137.5,74.5,74.5,51.436773486161314,34.79862950440169,6.0,26.0,bageshwar,NORMAL,0.0,0.0,,,,,,,,,,,,,,,,NORMAL,0.9586492673992676,95.86,EXTREME
6793,Chakrata,Uttarakhand,49,Dehradun,30.76115556,77.86502778,2025-07-11,0.5,0.5,1,2025,7,192,0.5,0.5,0.5,0.0,0.5,0.5,0.5,0.5,1,1.0,0.5,0.5,0.5,4.2,1.0,1.0,1.5,42.0,0.5,0.5,0.5,22.0,0.5,14.0,0.0,7.063993204979735,2.0,10.0,dehradun,NORMAL,0.0,0.0,,,,,,,,,,,,,,,,NORMAL,0.953311965811966,95.33,EXTREME
6803,Roorkee_2,Uttarakhand,50,Haridwar,29.86771944,77.88415556,2025-07-12,2.5,2.0,2,2025,7,193,2.5,2.5,2.5,0.0,2.5,2.0,2.0,2.0,2,2.0,2.5,2.1666666666666665,16.6,24.785714285714285,5.0,6.5,83.0,347.0,2.5,2.5,48.5,180.0,2.0,83.0,0.5773502691896258,46.673462351877085,3.0,14.0,haridwar,NORMAL,0.0,0.0,,,,,,,,,,,,,,,,NORMAL,0.9384468864468865,93.84,EXTREME
6801,Chakrata,Uttarakhand,49,Dehradun,30.76115556,77.86502778,2025-07-12,1.0,0.5,2,2025,7,193,1.0,1.0,1.0,0.0,1.0,0.5,0.5,0.5,2,2.0,0.6666666666666666,0.6666666666666666,0.625,3.9,2.0,2.0,2.5,39.0,1.0,1.0,1.0,22.0,0.5,14.0,0.2886751345948129,7.136759301905396,3.0,10.0,dehradun,NORMAL,0.0,0.0,,,,,,,,,,,,,,,,NORMAL,0.9341046176046175,93.41,EXTREME
6800,Khati_1,Uttarakhand,46,Bageshwar,30.11019722,79.94055833,2025-07-12,0.5,0.5,1,2025,7,193,0.5,0.5,0.5,0.0,0.5,0.5,0.5,0.5,1,1.0,0.5,0.5,0.5,24.375,0.5,0.5,1.0,97.5,0.5,0.5,0.5,96.0,0.5,96.0,0.0,47.75,1.0,4.0,bageshwar,NORMAL,0.0,0.0,,,,,,,,,,,,,,,,NORMAL,0.9155266955266955,91.55,EXTREME
6799,Kapkot (Saryu),Uttarakhand,46,Bageshwar,29.94516667,79.9025,2025-07-12,3.5,3.5,1,2025,7,193,3.5,3.5,3.5,0.0,3.5,3.5,3.5,3.5,1,1.0,6.333333333333333,33.75,28.125,27.192307692307693,19.0,202.5,337.5,707.0,13.5,137.5,137.5,137.5,74.5,74.5,51.66502685569805,35.129496700942624,6.0,26.0,bageshwar,NORMAL,0.0,0.0,,,,,,,,,,,,,,,,NORMAL,0.9447711640211641,94.48,EXTREME
6804,Gadarpur,Uttarakhand,56,UDHAM SINGH NAGAR,29.04324167,79.24461944,2025-07-12,10.5,6.0,3,2025,7,193,10.5,10.5,10.5,0.0,10.5,6.0,6.0,6.0,3,3.0,16.333333333333332,12.4,12.9,16.11764705882353,49.0,62.0,129.0,274.0,38.0,38.0,38.0,51.0,7.0,20.0,14.955768118020554,14.474686321908568,5.0,17.0,udham singh nagar,NORMAL,0.0,0.0,,,,,,,,,,,,,,,,NORMAL,0.9569378306878307,95.69,EXTREME
6802,Bahadarabad,Uttarakhand,50,Haridwar,29.92380278,78.03671389,2025-07-12,3.0,1.0,4,2025,7,193,3.0,3.0,3.0,0.0,3.0,1.0,1.0,1.0,4,4.0,3.0,3.0,3.0,3.0,3.0,3.0,3.0,3.0,3.0,3.0,3.0,3.0,1.0,1.0,0.0,0.0,1.0,1.0,haridwar,NORMAL,0.0,0.0,,,,,,,,,,,,,,,,NORMAL,0.9501031746031748,95.01,EXTREME
6798,Lamgara,Uttarakhand,45,Almora,29.53866667,79.74994444,2025-07-12,0.5,0.5,1,2025,7,193,0.5,0.5,0.5,0.0,0.5,0.5,0.5,0.5,1,1.0,0.5,0.5,0.5,0.5,0.5,0.5,1.0,2.5,0.5,0.5,0.5,0.5,0.5,0.5,0.0,1.838271288793583e-07,1.0,5.0,almora,NORMAL,0.0,0.0,,,,,,,,,,,,,,,,NORMAL,0.9857222222222223,98.57,EXTREME
6807,Nandprayag (Nandakini),Uttarakhand,47,Chamoli,30.33122222,79.31063889,2025-07-13,1.0,0.5,2,2025,7,194,1.0,1.0,1.0,0.0,1.0,0.5,0.5,0.5,2,2.0,1.0,0.6666666666666666,0.6666666666666666,0.5833333333333334,1.0,2.0,2.0,3.5,1.0,1.0,1.0,1.0,0.5,0.5,0.2886751345948129,0.2041241452319315,3.0,6.0,chamoli,NORMAL,0.0,0.0,,,,,,,,,,,,,,,,NORMAL,0.9678981481481482,96.79,EXTREME
6809,Haldwani_1,Uttarakhand,51,Nainital,29.214725,79.52400278,2025-07-13,11.0,10.0,2,2025,7,194,11.0,11.0,11.0,0.0,11.0,10.0,10.0,10.0,2,2.0,11.0,18.125,17.583333333333332,19.0,11.0,72.5,105.5,304.0,11.0,40.5,40.5,88.5,25.0,34.0,15.007636944791363,23.237900077244504,4.0,16.0,nainital,NORMAL,0.0,0.0,,,,,,,,,,,,,,,,NORMAL,0.9294898989898989,92.95,EXTREME
6806,Kapkot (Saryu),Uttarakhand,46,Bageshwar,29.94516667,79.9025,2025-07-13,10.5,10.0,2,2025,7,194,10.5,10.5,10.5,0.0,10.5,10.0,10.0,10.0,2,2.0,5.333333333333333,30.428571428571427,25.08333333333333,27.442307692307693,16.0,213.0,301.0,713.5,10.5,137.5,137.5,137.5,74.5,74.5,47.97519200189874,34.980659491518146,7.0,26.0,bageshwar,NORMAL,0.0,0.0,,,,,,,,,,,,,,,,NORMAL,0.918420634920635,91.84,EXTREME
6810,Dharchula_1,Uttarakhand,53,Pithoragarh,29.84825,80.54047222,2025-07-13,11.5,4.5,5,2025,7,194,11.5,11.5,11.5,0.0,11.5,4.5,4.5,4.5,5,5.0,6.25,10.583333333333334,15.65,14.547619047619047,12.5,63.5,156.5,305.5,11.5,31.0,68.0,68.0,12.0,23.5,11.069853958687393,17.529906418678312,6.0,21.0,pithoragarh,NORMAL,0.0,0.0,,,,,,,,,,,,,,,,NORMAL,0.9072643467643466,90.73,EXTREME
6812,Gadarpur,Uttarakhand,56,UDHAM SINGH NAGAR,29.04324167,79.24461944,2025-07-13,12.0,12.0,1,2025,7,194,12.0,12.0,12.0,0.0,12.0,12.0,12.0,12.0,1,1.0,7.666666666666667,12.333333333333334,11.05,13.823529411764708,23.0,74.0,110.5,235.0,12.0,38.0,38.0,38.0,12.0,20.0,13.377842377105011,11.354984005479963,6.0,17.0,udham singh nagar,NORMAL,0.0,0.0,,,,,,,,,,,,,,,,NORMAL,0.9169393939393938,91.69,EXTREME
6805,Baijnath (Gomti),Uttarakhand,46,Bageshwar,29.90822222,79.61769444,2025-07-13,16.5,14.0,4,2025,7,194,16.5,16.5,16.5,0.0,16.5,14.0,14.0,14.0,4,4.0,16.5,5.375,12.625,15.35,16.5,21.5,101.0,307.0,16.5,16.5,41.5,72.5,14.0,28.5,7.442837720475492,20.076891665478744,4.0,20.0,bageshwar,NORMAL,0.0,0.0,,,,,,,,,,,,,,,,NORMAL,0.8581374063892311,85.81,EXTREME
6811,Kempty,Uttarakhand,55,Tehri Garhwal,30.49075,78.04738889,2025-07-13,0.5,0.5,1,2025,7,194,0.5,0.5,0.5,0.0,0.5,0.5,0.5,0.5,1,1.0,0.5,0.5,0.5,0.5,0.5,1.0,1.0,1.0,0.5,0.5,0.5,0.5,0.5,0.5,0.0,0.0,2.0,2.0,tehri garhwal,NORMAL,0.0,0.0,,,,,,,,,,,,,,,,NORMAL,0.8376221616074556,83.76,EXTREME
6808,Danda_1,Uttarakhand,48,Champawat,29.15927778,80.10852778,2025-07-13,3.0,2.5,2,2025,7,194,3.0,3.0,3.0,0.0,3.0,2.5,2.5,2.5,2,2.0,3.0,16.375,29.75,41.675,3.0,65.5,238.0,833.5,3.0,52.0,104.0,114.0,32.5,69.5,24.08794650165651,40.21006518404644,4.0,20.0,champawat,NORMAL,0.0,0.0,,,,,,,,,,,,,,,,NORMAL,0.828354414104414,82.84,EXTREME
6815,Danda_1,Uttarakhand,48,Champawat,29.15927778,80.10852778,2025-07-14,10.0,7.5,3,2025,7,195,10.0,10.0,10.0,0.0,10.0,7.5,7.5,7.5,3,3.0,6.5,15.1,18.0,40.16666666666666,13.0,75.5,144.0,843.5,10.0,52.0,59.0,114.0,32.5,69.5,21.05469068877526,39.79677541376102,5.0,21.0,champawat,NORMAL,0.0,0.0,,,,,,,,,,,,,,,,NORMAL,0.8349444444444443,83.49,EXTREME
6814,Kapkot (Saryu),Uttarakhand,46,Bageshwar,29.94516667,79.9025,2025-07-14,19.5,6.5,6,2025,7,195,19.5,19.5,19.5,0.0,19.5,6.5,6.5,6.5,6,6.0,11.166666666666666,29.5,26.45833333333333,27.14814814814815,33.5,206.5,317.5,733.0,19.5,137.5,137.5,137.5,74.5,74.5,48.13782296697682,34.33539741534261,7.0,27.0,bageshwar,NORMAL,0.0,0.0,,,,,,,,,,,,,,,,NORMAL,0.7146183237861341,71.46,VERY HIGH
6819,Dharchula_1,Uttarakhand,53,Pithoragarh,29.84825,80.54047222,2025-07-14,7.5,2.0,7,2025,7,195,7.5,7.5,7.5,0.0,7.5,2.0,2.0,2.0,7,7.0,9.5,6.666666666666667,16.15,14.227272727272728,19.0,40.0,161.5,313.0,11.5,12.5,68.0,68.0,4.5,23.5,4.760952285695258,17.173295488114036,6.0,22.0,pithoragarh,NORMAL,0.0,0.0,,,,,,,,,,,,,,,,NORMAL,0.7805091692683119,78.05,VERY HIGH
6816,Chakrata,Uttarakhand,49,Dehradun,30.76115556,77.86502778,2025-07-14,0.5,0.5,1,2025,7,195,0.5,0.5,0.5,0.0,0.5,0.5,0.5,0.5,1,1.0,0.75,0.625,0.625,3.9,1.5,2.5,2.5,39.0,1.0,1.0,1.0,22.0,0.5,14.0,0.25,7.136759301905396,4.0,10.0,dehradun,NORMAL,0.0,0.0,,,,,,,,,,,,,,,,NORMAL,0.790213978771948,79.02,VERY HIGH
6817,Roorkee_2,Uttarakhand,50,Haridwar,29.86771944,77.88415556,2025-07-14,9.0,7.5,2,2025,7,195,9.0,9.0,9.0,0.0,9.0,7.5,7.5,7.5,2,2.0,5.75,3.875,3.875,24.535714285714285,11.5,15.5,15.5,343.5,9.0,9.0,9.0,180.0,7.5,83.0,3.449033681095813,46.753635928422426,4.0,14.0,haridwar,NORMAL,0.0,0.0,,,,,,,,,,,,,,,,NORMAL,0.7589447908990659,75.89,VERY HIGH
6820,Gadarpur,Uttarakhand,56,UDHAM SINGH NAGAR,29.04324167,79.24461944,2025-07-14,20.0,16.0,5,2025,7,195,20.0,20.0,20.0,0.0,20.0,16.0,16.0,16.0,5,5.0,14.166666666666666,15.166666666666666,12.2,14.166666666666666,42.5,91.0,122.0,255.0,20.0,38.0,38.0,38.0,16.0,20.0,12.793227374930328,11.11173200879566,6.0,18.0,udham singh nagar,NORMAL,0.0,0.0,,,,,,,,,,,,,,,,NORMAL,0.6591777773486586,65.92,VERY HIGH
6813,Baijnath (Gomti),Uttarakhand,46,Bageshwar,29.90822222,79.61769444,2025-07-14,1.0,0.5,2,2025,7,195,1.0,1.0,1.0,0.0,1.0,0.5,0.5,0.5,2,2.0,8.75,5.375,12.125,14.666666666666666,17.5,21.5,97.0,308.0,16.5,16.5,41.5,72.5,14.0,28.5,7.442837720475492,19.817500683318634,4.0,21.0,bageshwar,NORMAL,0.0,0.0,,,,,,,,,,,,,,,,NORMAL,0.7852803312482816,78.53,VERY HIGH
6818,Srinagar_2,Uttarakhand,52,PAURI GARHWAL,30.23581944,78.81720278,2025-07-14,8.5,7.5,2,2025,7,195,8.5,8.5,8.5,0.0,8.5,7.5,7.5,7.5,2,2.0,8.5,4.0,4.0,14.0,8.5,12.0,12.0,98.0,8.5,8.5,8.5,46.5,7.5,14.5,3.968626966596886,16.743157806499145,3.0,7.0,pauri garhwal,NORMAL,0.0,0.0,,,,,,,,,,,,,,,,LANDSLIDE,0.5087379079427206,50.87,HIGH
6822,Kapkot (Saryu),Uttarakhand,46,Bageshwar,29.94516667,79.9025,2025-07-15,12.0,8.0,2,2025,7,196,12.0,12.0,12.0,0.0,12.0,8.0,8.0,8.0,2,2.0,14.0,28.357142857142858,25.346153846153847,25.33333333333333,42.0,198.5,329.5,684.0,19.5,137.5,137.5,137.5,74.5,74.5,48.49459960115344,33.76758800980609,7.0,27.0,bageshwar,NORMAL,0.0,0.0,,,,,,,,,,,,,,,,NORMAL,0.5048109297610918,50.48,HIGH
6825,Haldwani_1,Uttarakhand,51,Nainital,29.214725,79.52400278,2025-07-15,1.5,1.0,2,2025,7,196,1.5,1.5,1.5,0.0,1.5,1.0,1.0,1.0,2,2.0,6.25,8.375,14.333333333333334,17.970588235294116,12.5,33.5,86.0,305.5,11.0,12.5,40.5,88.5,12.0,34.0,4.871259248558498,22.896827419587044,4.0,17.0,nainital,NORMAL,0.0,0.0,,,,,,,,,,,,,,,,NORMAL,0.5288132338986461,52.88,HIGH
6823,Nandprayag (Nandakini),Uttarakhand,47,Chamoli,30.33122222,79.31063889,2025-07-15,1.0,0.5,2,2025,7,196,1.0,1.0,1.0,0.0,1.0,0.5,0.5,0.5,2,2.0,1.0,0.8333333333333334,0.75,0.6428571428571429,2.0,2.5,3.0,4.5,1.0,1.0,1.0,1.0,0.5,0.5,0.2886751345948129,0.2439750182371332,3.0,7.0,chamoli,NORMAL,0.0,0.0,,,,,,,,,,,,,,,,NORMAL,0.6294695674512679,62.95,VERY HIGH
6821,Baijnath (Gomti),Uttarakhand,46,Bageshwar,29.90822222,79.61769444,2025-07-15,0.5,0.5,1,2025,7,196,0.5,0.5,0.5,0.0,0.5,0.5,0.5,0.5,1,1.0,6.0,4.4,10.833333333333334,14.452380952380953,18.0,22.0,97.5,303.5,16.5,16.5,41.5,72.5,14.0,28.5,6.804410334481573,19.951130771152304,5.0,21.0,bageshwar,NORMAL,0.0,0.0,,,,,,,,,,,,,,,,NORMAL,0.684882924468703,68.49,VERY HIGH
6826,Dharchula_1,Uttarakhand,53,Pithoragarh,29.84825,80.54047222,2025-07-15,1.5,1.0,2,2025,7,196,1.5,1.5,1.5,0.0,1.5,1.0,1.0,1.0,2,2.0,6.833333333333333,6.583333333333333,14.818181818181818,14.272727272727272,20.5,39.5,163.0,314.0,11.5,12.5,68.0,68.0,4.5,23.5,4.862269703201059,17.136515782392088,6.0,22.0,pithoragarh,NORMAL,0.0,0.0,,,,,,,,,,,,,,,,NORMAL,0.5964005732182995,59.64,HIGH
6824,Chakrata,Uttarakhand,49,Dehradun,30.76115556,77.86502778,2025-07-15,0.5,0.5,1,2025,7,196,0.5,0.5,0.5,0.0,0.5,0.5,0.5,0.5,1,1.0,0.5,0.6,0.6,3.85,1.0,3.0,3.0,38.5,0.5,1.0,1.0,22.0,0.5,14.0,0.2236067977499789,7.161044306213683,5.0,10.0,dehradun,NORMAL,0.0,0.0,,,,,,,,,,,,,,,,NORMAL,0.6555451161729497,65.55,VERY HIGH
6836,Dharchula_1,Uttarakhand,53,Pithoragarh,29.84825,80.54047222,2025-07-16,17.0,7.5,6,2025,7,197,17.0,17.0,17.0,0.0,17.0,7.5,7.5,7.5,6,6.0,8.666666666666666,7.333333333333333,15.681818181818182,14.391304347826088,26.0,44.0,172.5,331.0,17.0,17.0,68.0,68.0,7.5,23.5,6.137317546507342,16.752175246638007,6.0,23.0,pithoragarh,NORMAL,0.0,0.0,,,,,,,,,,,,,,,,NORMAL,0.6365234179584035,63.65,VERY HIGH
6833,Roorkee_2,Uttarakhand,50,Haridwar,29.86771944,77.88415556,2025-07-16,34.0,30.0,4,2025,7,197,34.0,34.0,34.0,0.0,34.0,30.0,30.0,30.0,4,4.0,21.5,12.0,9.9,24.964285714285715,43.0,48.0,49.5,349.5,34.0,34.0,34.0,180.0,30.0,83.0,14.983324063771695,46.81529347656279,4.0,14.0,haridwar,NORMAL,0.0,0.0,,,,,,,,,,,,,,,,NORMAL,0.5378434707538675,53.78,HIGH
6829,Badrinath_1,Uttarakhand,47,Chamoli,30.74513889,79.49436111,2025-07-16,11.5,7.5,2,2025,7,197,11.5,11.5,11.5,0.0,11.5,7.5,7.5,7.5,2,2.0,11.5,11.5,11.5,11.5,11.5,11.5,11.5,11.5,11.5,11.5,11.5,11.5,7.5,7.5,0.0,0.0,1.0,1.0,chamoli,NORMAL,0.0,0.0,,,,,,,,,,,,,,,,NORMAL,0.637425394632372,63.74,VERY HIGH
6837,Guptkashi_1,Uttarakhand,54,Rudraprayag,30.52863889,79.08508333,2025-07-16,0.5,0.5,1,2025,7,197,0.5,0.5,0.5,0.0,0.5,0.5,0.5,0.5,1,1.0,0.5,0.5,0.5,0.5,0.5,0.5,1.5,4.5,0.5,0.5,0.5,0.5,0.5,0.5,0.0,0.0,1.0,9.0,rudraprayag,NORMAL,0.0,1.0,,,,,,,,,,,,,,,,NORMAL,0.5654643330662205,56.55,HIGH
6831,Danda_1,Uttarakhand,48,Champawat,29.15927778,80.10852778,2025-07-16,1.0,1.0,1,2025,7,197,1.0,1.0,1.0,0.0,1.0,1.0,1.0,1.0,1,1.0,5.5,3.625,10.75,38.325,11.0,14.5,86.0,766.5,10.0,10.0,52.0,114.0,7.5,69.5,4.385107372307571,41.120258485261694,4.0,20.0,champawat,NORMAL,0.0,0.0,,,,,,,,,,,,,,,,NORMAL,0.6366575387816614,63.67,VERY HIGH
6835,Srinagar_2,Uttarakhand,52,PAURI GARHWAL,30.23581944,78.81720278,2025-07-16,30.5,29.0,2,2025,7,197,30.5,30.5,30.5,0.0,30.5,29.0,29.0,29.0,2,2.0,19.5,13.833333333333334,10.625,16.0625,39.0,41.5,42.5,128.5,30.5,30.5,30.5,46.5,29.0,29.0,14.742229591663987,16.56251684635262,3.0,8.0,pauri garhwal,NORMAL,0.0,0.0,,,,,,,,,,,,,,,,NORMAL,0.610160498301107,61.02,VERY HIGH
6827,Baijnath (Gomti),Uttarakhand,46,Bageshwar,29.90822222,79.61769444,2025-07-16,0.5,0.5,1,2025,7,197,0.5,0.5,0.5,0.0,0.5,0.5,0.5,0.5,1,1.0,0.6666666666666666,4.2,10.72222222222222,14.452380952380953,2.0,21.0,96.5,303.5,1.0,16.5,41.5,72.5,14.0,28.5,6.924593850905599,19.951130771152304,5.0,21.0,bageshwar,NORMAL,0.0,0.0,,,,,,,,,,,,,,,,NORMAL,0.8768014645660874,87.68,EXTREME
6828,Kapkot (Saryu),Uttarakhand,46,Bageshwar,29.94516667,79.9025,2025-07-16,5.0,3.0,3,2025,7,197,5.0,5.0,5.0,0.0,5.0,3.0,3.0,3.0,3,3.0,12.166666666666666,9.428571428571429,23.5,24.607142857142858,36.5,66.0,305.5,689.0,19.5,19.5,137.5,137.5,10.0,74.5,6.267831705280168,33.35842309723875,7.0,28.0,bageshwar,NORMAL,0.0,0.0,,,,,,,,,,,,,,,,NORMAL,0.9032973383175292,90.33,EXTREME
6830,Nandprayag (Nandakini),Uttarakhand,47,Chamoli,30.33122222,79.31063889,2025-07-16,0.5,0.5,1,2025,7,197,0.5,0.5,0.5,0.0,0.5,0.5,0.5,0.5,1,1.0,0.75,0.8333333333333334,0.7,0.625,1.5,2.5,3.5,5.0,1.0,1.0,1.0,1.0,0.5,0.5,0.2886751345948129,0.2314550249431378,3.0,8.0,chamoli,NORMAL,0.0,0.0,,,,,,,,,,,,,,,,NORMAL,0.8402528887047664,84.03,EXTREME
6834,Haldwani_1,Uttarakhand,51,Nainital,29.214725,79.52400278,2025-07-16,46.5,24.5,4,2025,7,197,46.5,46.5,46.5,0.0,46.5,24.5,24.5,24.5,4,4.0,24.0,17.875,18.928571428571427,19.852941176470587,48.0,71.5,132.5,337.5,46.5,46.5,46.5,88.5,24.5,34.0,19.695071295462053,23.88760446463445,4.0,17.0,nainital,NORMAL,0.0,0.0,,,,,,,,,,,,,,,,NORMAL,0.9066359440187961,90.66,EXTREME
6832,Chakrata,Uttarakhand,49,Dehradun,30.76115556,77.86502778,2025-07-16,0.5,0.5,1,2025,7,197,0.5,0.5,0.5,0.0,0.5,0.5,0.5,0.5,1,1.0,0.5,0.5833333333333334,0.5833333333333334,3.85,1.5,3.5,3.5,38.5,0.5,1.0,1.0,22.0,0.5,14.0,0.2041241452319315,7.161044306213683,6.0,10.0,dehradun,NORMAL,0.0,0.0,,,,,,,,,,,,,,,,NORMAL,0.8868976539800063,88.69,EXTREME
6845,Srinagar_2,Uttarakhand,52,PAURI GARHWAL,30.23581944,78.81720278,2025-07-20,4.5,4.5,1,2025,7,201,4.5,4.5,4.5,0.0,4.5,4.5,4.5,4.5,1,1.0,4.5,14.5,9.4,14.77777777777778,4.5,43.5,47.0,133.0,4.5,30.5,30.5,46.5,29.0,29.0,13.999999999999998,15.96502253191158,3.0,9.0,pauri garhwal,NORMAL,0.0,0.0,,,,,,,,,,,,,,,,NORMAL,0.855156978441231,85.52,EXTREME
6847,Kempty,Uttarakhand,55,Tehri Garhwal,30.49075,78.04738889,2025-07-20,0.5,0.5,1,2025,7,201,0.5,0.5,0.5,0.0,0.5,0.5,0.5,0.5,1,1.0,0.5,0.5,0.5,0.5,0.5,0.5,1.5,1.5,0.5,0.5,0.5,0.5,0.5,0.5,0.0,0.0,1.0,3.0,tehri garhwal,NORMAL,0.0,0.0,,,,,,,,,,,,,,,,NORMAL,0.9384578460461201,93.85,EXTREME
6840,Khati_1,Uttarakhand,46,Bageshwar,30.11019722,79.94055833,2025-07-20,0.5,0.5,1,2025,7,201,0.5,0.5,0.5,0.0,0.5,0.5,0.5,0.5,1,1.0,0.5,0.5,0.5,0.5,0.5,0.5,1.0,2.0,0.5,0.5,0.5,0.5,0.5,0.5,0.0,0.0,1.0,4.0,bageshwar,NORMAL,0.0,0.0,,,,,,,,,,,,,,,,NORMAL,0.9429185386327352,94.29,EXTREME
6839,Kapkot (Saryu),Uttarakhand,46,Bageshwar,29.94516667,79.9025,2025-07-20,9.0,6.0,3,2025,7,201,9.0,9.0,9.0,0.0,9.0,6.0,6.0,6.0,3,3.0,9.0,11.375,23.5,27.64,9.0,45.5,258.5,691.0,9.0,19.5,137.5,137.5,8.0,74.5,6.128825336065797,34.134391259647025,4.0,25.0,bageshwar,NORMAL,0.0,0.0,,,,,,,,,,,,,,,,NORMAL,0.9173369407567353,91.73,EXTREME
6844,Dugadda (Khoh),Uttarakhand,52,PAURI GARHWAL,29.75108333,78.52341667,2025-07-20,0.5,0.5,1,2025,7,201,0.5,0.5,0.5,0.0,0.5,0.5,0.5,0.5,1,1.0,0.5,0.5,0.5,0.5,0.5,0.5,2.0,4.5,0.5,0.5,0.5,0.5,0.5,0.5,0.0,0.0,1.0,9.0,pauri garhwal,NORMAL,0.0,0.0,,,,,,,,,,,,,,,,NORMAL,0.9477906927311163,94.78,EXTREME
6838,Baijnath (Gomti),Uttarakhand,46,Bageshwar,29.90822222,79.61769444,2025-07-20,1.5,0.5,3,2025,7,201,1.5,1.5,1.5,0.0,1.5,0.5,0.5,0.5,3,3.0,1.5,0.875,3.125,14.925,1.5,3.5,25.0,298.5,1.5,1.5,16.5,72.5,0.5,28.5,0.4787135538776512,20.336818438746207,4.0,20.0,bageshwar,NORMAL,0.0,0.0,,,,,,,,,,,,,,,,NORMAL,0.8515874771292439,85.16,EXTREME
6843,Haldwani_1,Uttarakhand,51,Nainital,29.214725,79.52400278,2025-07-20,13.0,9.0,3,2025,7,201,13.0,13.0,13.0,0.0,13.0,9.0,9.0,9.0,3,3.0,13.0,20.33333333333333,19.071428571428573,21.65625,13.0,61.0,133.5,346.5,13.0,46.5,46.5,88.5,24.5,34.0,23.37912173999129,23.780747640335733,3.0,16.0,nainital,NORMAL,0.0,0.0,,,,,,,,,,,,,,,,NORMAL,0.8280107851870994,82.8,EXTREME
6846,Dharchula_1,Uttarakhand,53,Pithoragarh,29.84825,80.54047222,2025-07-20,8.0,1.5,8,2025,7,201,8.0,8.0,8.0,0.0,8.0,1.5,1.5,1.5,8,8.0,8.0,8.5,9.75,13.136363636363637,8.0,34.0,97.5,289.0,8.0,17.0,31.0,68.0,7.5,15.5,6.390096504226968,15.046896387929667,4.0,22.0,pithoragarh,NORMAL,0.0,0.0,,,,,,,,,,,,,,,,NORMAL,0.86087910086066,86.09,EXTREME
6841,Nandprayag (Nandakini),Uttarakhand,47,Chamoli,30.33122222,79.31063889,2025-07-20,1.0,0.5,2,2025,7,201,1.0,1.0,1.0,0.0,1.0,0.5,0.5,0.5,2,2.0,1.0,0.8333333333333334,0.75,0.7142857142857143,1.0,2.5,4.5,5.0,1.0,1.0,1.0,1.0,0.5,0.5,0.2886751345948129,0.2672612419124243,3.0,7.0,chamoli,NORMAL,0.0,0.0,,,,,,,,,,,,,,,,NORMAL,0.9165655112809157,91.66,EXTREME
6842,Danda_1,Uttarakhand,48,Champawat,29.15927778,80.10852778,2025-07-20,23.0,9.0,7,2025,7,201,23.0,23.0,23.0,0.0,23.0,9.0,9.0,9.0,7,7.0,23.0,11.333333333333334,14.214285714285714,37.25,23.0,34.0,99.5,670.5,23.0,23.0,52.0,114.0,9.0,69.5,11.060440015358008,40.16738873323805,3.0,18.0,champawat,NORMAL,0.0,0.0,,,,,,,,,,,,,,,,NORMAL,0.9486933214035544,94.87,EXTREME
6856,Haldwani_1,Uttarakhand,51,Nainital,29.214725,79.52400278,2025-07-21,79.0,34.5,5,2025,7,202,79.0,79.0,79.0,0.0,79.0,34.5,34.5,34.5,5,5.0,46.0,35.0,26.5625,26.375,92.0,140.0,212.5,422.0,79.0,79.0,79.0,88.5,34.5,34.5,34.997618966628764,27.18486098303,4.0,16.0,nainital,NORMAL,0.0,0.0,,,,,,,,,,,,,,,,NORMAL,0.8792676367291218,87.93,EXTREME
6851,Nandprayag (Nandakini),Uttarakhand,47,Chamoli,30.33122222,79.31063889,2025-07-21,29.0,5.0,12,2025,7,202,29.0,29.0,29.0,0.0,29.0,5.0,5.0,5.0,12,12.0,15.0,7.875,4.785714285714286,4.25,30.0,31.5,33.5,34.0,29.0,29.0,29.0,29.0,5.0,5.0,14.08530558182297,10.003570791043996,4.0,8.0,chamoli,NORMAL,0.0,0.0,,,,,,,,,,,,,,,,NORMAL,0.9101874552553797,91.02,EXTREME
6849,Baijnath (Gomti),Uttarakhand,46,Bageshwar,29.90822222,79.61769444,2025-07-21,55.5,12.5,9,2025,7,202,55.5,55.5,55.5,0.0,55.5,12.5,12.5,12.5,9,9.0,28.5,14.5,9.9375,17.375,57.0,58.0,79.5,347.5,55.5,55.5,55.5,72.5,12.5,28.5,27.337398071750226,22.1400298340502,4.0,20.0,bageshwar,NORMAL,0.0,0.0,,,,,,,,,,,,,,,,NORMAL,0.7181085706403991,71.81,VERY HIGH
6860,Gadarpur,Uttarakhand,56,UDHAM SINGH NAGAR,29.04324167,79.24461944,2025-07-21,16.5,7.0,5,2025,7,202,16.5,16.5,16.5,0.0,16.5,7.0,7.0,7.0,5,5.0,16.5,16.5,15.357142857142858,13.3,16.5,16.5,107.5,199.5,16.5,16.5,38.0,38.0,7.0,20.0,0.0,10.48945048267884,1.0,15.0,udham singh nagar,NORMAL,0.0,0.0,,,,,,,,,,,,,,,,NORMAL,0.6481741034250207,64.82,VERY HIGH
6850,Kapkot (Saryu),Uttarakhand,46,Bageshwar,29.94516667,79.9025,2025-07-21,33.5,8.0,11,2025,7,202,33.5,33.5,33.5,0.0,33.5,8.0,8.0,8.0,11,11.0,21.25,14.875,24.181818181818183,28.86,42.5,59.5,266.0,721.5,33.5,33.5,137.5,137.5,8.0,74.5,12.74346237618864,33.76003554500499,4.0,25.0,bageshwar,NORMAL,0.0,0.0,,,,,,,,,,,,,,,,NORMAL,0.9167681661776724,91.68,EXTREME
6848,Almora_1,Uttarakhand,45,Almora,29.59631389,79.65005556,2025-07-21,11.0,10.5,2,2025,7,202,11.0,11.0,11.0,0.0,11.0,10.5,10.5,10.5,2,2.0,11.0,11.0,6.666666666666667,5.125,11.0,11.0,20.0,20.5,11.0,11.0,11.0,11.0,10.5,10.5,0.0,4.643543905251677,1.0,4.0,almora,NORMAL,0.0,0.0,,,,,,,,,,,,,,,,NORMAL,0.9827103503651491,98.27,EXTREME
6852,Danda_1,Uttarakhand,48,Champawat,29.15927778,80.10852778,2025-07-21,26.0,6.5,7,2025,7,202,26.0,26.0,26.0,0.0,26.0,6.5,6.5,6.5,7,7.0,24.5,16.666666666666668,15.6875,38.583333333333336,49.0,50.0,125.5,694.5,26.0,26.0,52.0,114.0,9.0,69.5,13.650396819628822,39.31780393005633,3.0,18.0,champawat,NORMAL,0.0,0.0,,,,,,,,,,,,,,,,NORMAL,0.9817979030580172,98.18,EXTREME
6855,Roorkee_2,Uttarakhand,50,Haridwar,29.86771944,77.88415556,2025-07-21,44.0,21.5,8,2025,7,202,44.0,44.0,44.0,0.0,44.0,21.5,21.5,21.5,8,8.0,44.0,39.0,15.583333333333334,29.384615384615383,44.0,78.0,93.5,382.0,44.0,44.0,44.0,180.0,30.0,83.0,7.071067811865476,48.18417524031872,2.0,13.0,haridwar,NORMAL,0.0,0.0,,,,,,,,,,,,,,,,NORMAL,0.8271842060255361,82.72,EXTREME
6857,Dugadda (Khoh),Uttarakhand,52,PAURI GARHWAL,29.75108333,78.52341667,2025-07-21,0.5,0.5,1,2025,7,202,0.5,0.5,0.5,0.0,0.5,0.5,0.5,0.5,1,1.0,0.5,0.5,0.5,0.5,1.0,1.0,2.0,5.0,0.5,0.5,0.5,0.5,0.5,0.5,0.0,0.0,2.0,10.0,pauri garhwal,NORMAL,0.0,0.0,,,,,,,,,,,,,,,,NORMAL,0.8562675766018746,85.63,EXTREME
6859,Dharchula_1,Uttarakhand,53,Pithoragarh,29.84825,80.54047222,2025-07-21,6.0,1.0,10,2025,7,202,6.0,6.0,6.0,0.0,6.0,1.0,1.0,1.0,10,10.0,7.0,8.125,7.25,13.363636363636363,14.0,32.5,72.5,294.0,8.0,17.0,17.0,68.0,7.5,15.5,6.511208285205882,14.891817678384118,4.0,22.0,pithoragarh,NORMAL,0.0,0.0,,,,,,,,,,,,,,,,NORMAL,0.964862339237752,96.49,EXTREME
6853,Chakrata,Uttarakhand,49,Dehradun,30.76115556,77.86502778,2025-07-21,0.5,0.5,1,2025,7,202,0.5,0.5,0.5,0.0,0.5,0.5,0.5,0.5,1,1.0,0.5,0.5,0.5714285714285714,1.7222222222222223,0.5,1.5,4.0,15.5,0.5,0.5,1.0,11.0,0.5,6.0,0.0,3.483094090667701,3.0,9.0,dehradun,NORMAL,0.0,0.0,,,,,,,,,,,,,,,,NORMAL,0.9653704416019838,96.54,EXTREME
6854,Khanpur_5,Uttarakhand,50,Haridwar,29.641375,78.00678611,2025-07-21,0.5,0.5,1,2025,7,202,0.5,0.5,0.5,0.0,0.5,0.5,0.5,0.5,1,1.0,0.5,0.5,3.6666666666666665,11.875,0.5,0.5,11.0,95.0,0.5,0.5,7.5,43.5,0.5,24.5,0.0,16.802954672148754,1.0,8.0,haridwar,NORMAL,0.0,0.0,,,,,,,,,,,,,,,,NORMAL,0.7416672827816164,74.17,VERY HIGH
6858,Srinagar_2,Uttarakhand,52,PAURI GARHWAL,30.23581944,78.81720278,2025-07-21,42.5,21.0,8,2025,7,202,42.5,42.5,42.5,0.0,42.5,21.0,21.0,21.0,8,8.0,23.5,25.83333333333333,14.916666666666666,17.55,47.0,77.5,89.5,175.5,42.5,42.5,42.5,46.5,29.0,29.0,19.425069712444618,17.418779776117756,3.0,10.0,pauri garhwal,NORMAL,0.0,0.0,,,,,,,,,,,,,,,,NORMAL,0.926650929868954,92.67,EXTREME
6862,Danda_1,Uttarakhand,48,Champawat,29.15927778,80.10852778,2025-07-22,0.5,0.5,1,2025,7,203,0.5,0.5,0.5,0.0,0.5,0.5,0.5,0.5,1,1.0,16.5,12.625,14.5,32.27777777777778,49.5,50.5,116.0,581.0,26.0,26.0,52.0,104.0,9.0,42.5,13.768169813014348,35.41942895802272,4.0,18.0,champawat,NORMAL,0.0,0.0,,,,,,,,,,,,,,,,NORMAL,0.9506641509407772,95.07,EXTREME
6865,Tumaria,Uttarakhand,56,UDHAM SINGH NAGAR,29.30704722,78.93133056,2025-07-22,1.0,1.0,1,2025,7,203,1.0,1.0,1.0,0.0,1.0,1.0,1.0,1.0,1,1.0,1.0,1.0,1.0,16.0,1.0,1.0,1.0,80.0,1.0,1.0,1.0,36.0,1.0,23.5,0.0,18.01735274672725,1.0,5.0,udham singh nagar,NORMAL,0.0,0.0,,,,,,,,,,,,,,,,NORMAL,0.8231088266338192,82.31,EXTREME
6863,Dharchula_1,Uttarakhand,53,Pithoragarh,29.84825,80.54047222,2025-07-22,18.0,18.0,1,2025,7,203,18.0,18.0,18.0,0.0,18.0,18.0,18.0,18.0,1,1.0,10.666666666666666,12.25,8.85,13.340909090909092,32.0,49.0,88.5,293.5,18.0,18.0,18.0,68.0,18.0,18.0,6.13052471924987,14.88398497237916,4.0,22.0,pithoragarh,NORMAL,0.0,0.0,,,,,,,,,,,,,,,,NORMAL,0.9932671957671958,99.33,EXTREME
6861,Champawat_1,Uttarakhand,48,Champawat,29.33341667,80.08469444,2025-07-22,0.5,0.5,1,2025,7,203,0.5,0.5,0.5,0.0,0.5,0.5,0.5,0.5,1,1.0,0.5,0.5,0.5,0.5,0.5,0.5,0.5,0.5,0.5,0.5,0.5,0.5,0.5,0.5,0.0,0.0,1.0,1.0,champawat,NORMAL,0.0,0.0,,,,,,,,,,,,,,,,NORMAL,0.6481741034250207,64.82,VERY HIGH
6864,Guptkashi_1,Uttarakhand,54,Rudraprayag,30.52863889,79.08508333,2025-07-22,1.0,0.5,2,2025,7,203,1.0,1.0,1.0,0.0,1.0,0.5,0.5,0.5,2,2.0,1.0,0.75,0.75,0.5625,1.0,1.5,1.5,4.5,1.0,1.0,1.0,1.0,0.5,0.5,0.3535533905932738,0.1767766952966369,2.0,8.0,rudraprayag,NORMAL,0.0,1.0,,,,,,,,,,,,,,,,NORMAL,0.6481741034250207,64.82,VERY HIGH
6871,Roorkee_2,Uttarakhand,50,Haridwar,29.86771944,77.88415556,2025-07-23,7.5,2.5,5,2025,7,204,7.5,7.5,7.5,0.0,7.5,2.5,2.5,2.5,5,5.0,25.75,25.75,16.583333333333332,16.958333333333332,51.5,51.5,99.5,203.5,44.0,44.0,44.0,48.5,21.5,30.0,25.809397513308983,17.201292675173285,2.0,12.0,haridwar,NORMAL,0.0,0.0,,,,,,,,,,,,,,,,NORMAL,0.9640235687245929,96.4,EXTREME
6870,Rithakhal,Uttarakhand,48,Champawat,29.44911111,79.882,2025-07-23,16.5,6.5,5,2025,7,204,16.5,16.5,16.5,0.0,16.5,6.5,6.5,6.5,5,5.0,16.5,16.5,16.5,16.5,16.5,16.5,16.5,16.5,16.5,16.5,16.5,16.5,6.5,6.5,0.0,0.0,1.0,1.0,champawat,NORMAL,0.0,0.0,,,,,,,,,,,,,,,,NORMAL,0.9832693565763293,98.33,EXTREME
6866,Baijnath (Gomti),Uttarakhand,46,Bageshwar,29.90822222,79.61769444,2025-07-23,13.5,4.0,7,2025,7,204,13.5,13.5,13.5,0.0,13.5,4.0,4.0,4.0,7,7.0,34.5,23.5,11.4375,17.6,69.0,70.5,91.5,352.0,55.5,55.5,55.5,72.5,12.5,28.5,28.354893757515637,22.073203568795243,3.0,20.0,bageshwar,NORMAL,0.0,0.0,,,,,,,,,,,,,,,,NORMAL,0.9969127859477124,99.69,EXTREME
6872,Dugadda (Khoh),Uttarakhand,52,PAURI GARHWAL,29.75108333,78.52341667,2025-07-23,1.0,0.5,2,2025,7,204,1.0,1.0,1.0,0.0,1.0,0.5,0.5,0.5,2,2.0,0.75,0.6666666666666666,0.625,0.5454545454545454,1.5,2.0,2.5,6.0,1.0,1.0,1.0,1.0,0.5,0.5,0.2886751345948129,0.1507556722888818,3.0,11.0,pauri garhwal,NORMAL,0.0,0.0,,,,,,,,,,,,,,,,NORMAL,0.8721757495957153,87.22,EXTREME
6867,Kapkot (Saryu),Uttarakhand,46,Bageshwar,29.94516667,79.9025,2025-07-23,60.5,28.0,7,2025,7,204,60.5,60.5,60.5,0.0,60.5,28.0,28.0,28.0,7,7.0,47.0,34.333333333333336,16.9,25.6875,94.0,103.0,169.0,616.5,60.5,60.5,60.5,137.5,28.0,74.5,25.760111283403585,29.249233546256875,3.0,24.0,bageshwar,NORMAL,0.0,0.0,,,,,,,,,,,,,,,,NORMAL,0.6841659598863423,68.42,VERY HIGH
6868,Nandprayag (Nandakini),Uttarakhand,47,Chamoli,30.33122222,79.31063889,2025-07-23,16.0,7.0,4,2025,7,204,16.0,16.0,16.0,0.0,16.0,7.0,7.0,7.0,4,4.0,22.5,15.333333333333334,8.083333333333334,5.555555555555555,45.0,46.0,48.5,50.0,29.0,29.0,29.0,29.0,7.0,7.0,14.011899704655802,10.144100639178308,3.0,9.0,chamoli,NORMAL,0.0,0.0,,,,,,,,,,,,,,,,NORMAL,0.7412182389578172,74.12,VERY HIGH
6873,Srinagar_2,Uttarakhand,52,PAURI GARHWAL,30.23581944,78.81720278,2025-07-23,3.0,2.5,2,2025,7,204,3.0,3.0,3.0,0.0,3.0,2.5,2.5,2.5,2,2.0,22.75,16.666666666666668,15.25,17.65,45.5,50.0,91.5,176.5,42.5,42.5,42.5,46.5,21.0,29.0,22.384890737578623,17.322191932123754,3.0,10.0,pauri garhwal,NORMAL,0.0,0.0,,,,,,,,,,,,,,,,NORMAL,0.8092098237820654,80.92,EXTREME
6876,Gadarpur,Uttarakhand,56,UDHAM SINGH NAGAR,29.04324167,79.24461944,2025-07-23,1.0,0.5,2,2025,7,204,1.0,1.0,1.0,0.0,1.0,0.5,0.5,0.5,2,2.0,8.75,8.75,14.071428571428571,12.7,17.5,17.5,98.5,190.5,16.5,16.5,38.0,38.0,7.0,20.0,10.960155108391486,10.93944370484297,2.0,15.0,udham singh nagar,NORMAL,0.0,0.0,,,,,,,,,,,,,,,,NORMAL,0.7735323251986417,77.35,VERY HIGH
6869,Danda_1,Uttarakhand,48,Champawat,29.15927778,80.10852778,2025-07-23,37.0,28.5,4,2025,7,204,37.0,37.0,37.0,0.0,37.0,28.5,28.5,28.5,4,4.0,21.166666666666668,21.625,12.625,32.916666666666664,63.5,86.5,101.0,592.5,37.0,37.0,37.0,104.0,28.5,42.5,15.31543339249659,35.39368920152458,4.0,18.0,champawat,NORMAL,0.0,0.0,,,,,,,,,,,,,,,,NORMAL,0.8440930786076192,84.41,EXTREME
6875,Basukedar,Uttarakhand,54,Rudraprayag,30.43919444,79.05633333,2025-07-23,0.5,0.5,1,2025,7,204,0.5,0.5,0.5,0.0,0.5,0.5,0.5,0.5,1,1.0,0.5,0.5,0.5,8.333333333333334,0.5,0.5,0.5,25.0,0.5,0.5,0.5,18.0,0.5,18.0,0.0,8.892881047969468,1.0,3.0,rudraprayag,NORMAL,0.0,1.0,,,,,,,,,,,,,,,,NORMAL,0.917972140419432,91.8,EXTREME
6874,Dharchula_1,Uttarakhand,53,Pithoragarh,29.84825,80.54047222,2025-07-23,4.5,0.5,9,2025,7,204,4.5,4.5,4.5,0.0,4.5,0.5,0.5,0.5,9,9.0,9.5,9.125,8.05,13.204545454545457,28.5,36.5,80.5,290.5,18.0,18.0,18.0,68.0,18.0,18.0,6.0878978309429925,14.95362600628793,4.0,22.0,pithoragarh,NORMAL,0.0,0.0,,,,,,,,,,,,,,,,NORMAL,0.9086412636243136,90.86,EXTREME
6877,Lamgara,Uttarakhand,45,Almora,29.53866667,79.74994444,2025-07-24,0.5,0.5,1,2025,7,205,0.5,0.5,0.5,0.0,0.5,0.5,0.5,0.5,1,1.0,0.5,0.5,0.5,0.5,0.5,0.5,1.0,2.0,0.5,0.5,0.5,0.5,0.5,0.5,0.0,2.122652846857071e-07,1.0,4.0,almora,NORMAL,0.0,0.0,,,,,,,,,,,,,,,,NORMAL,0.8979007936507934,89.79,EXTREME
6878,Nandprayag (Nandakini),Uttarakhand,47,Chamoli,30.33122222,79.31063889,2025-07-24,3.5,3.0,2,2025,7,205,3.5,3.5,3.5,0.0,3.5,3.0,3.0,3.0,2,2.0,9.75,12.375,7.428571428571429,5.35,19.5,49.5,52.0,53.5,16.0,29.0,29.0,29.0,7.0,7.0,12.88005564170176,9.5860141178003,4.0,10.0,chamoli,NORMAL,0.0,0.0,,,,,,,,,,,,,,,,NORMAL,0.909261065904951,90.93,EXTREME
6880,Dharchula_1,Uttarakhand,53,Pithoragarh,29.84825,80.54047222,2025-07-24,2.5,1.0,4,2025,7,205,2.5,2.5,2.5,0.0,2.5,1.0,1.0,1.0,4,4.0,8.333333333333334,7.8,7.75,13.136363636363637,25.0,39.0,77.5,289.0,18.0,18.0,18.0,68.0,18.0,18.0,6.047726845683451,15.00093792161472,5.0,22.0,pithoragarh,NORMAL,0.0,0.0,,,,,,,,,,,,,,,,NORMAL,0.9392740839873466,93.93,EXTREME
6879,Manglaur_1,Uttarakhand,50,Haridwar,29.78567778,77.86368889,2025-07-24,0.5,0.5,1,2025,7,205,0.5,0.5,0.5,0.0,0.5,0.5,0.5,0.5,1,1.0,0.5,0.5,0.5,0.5,0.5,0.5,0.5,1.0,0.5,0.5,0.5,0.5,0.5,0.5,0.0,0.0,1.0,2.0,haridwar,NORMAL,0.0,0.0,,,,,,,,,,,,,,,,NORMAL,0.9051231604652656,90.51,EXTREME
6881,Basukedar,Uttarakhand,54,Rudraprayag,30.43919444,79.05633333,2025-07-24,1.0,1.0,1,2025,7,205,1.0,1.0,1.0,0.0,1.0,1.0,1.0,1.0,1,1.0,0.75,0.75,0.75,6.5,1.5,1.5,1.5,19.5,1.0,1.0,1.0,18.0,1.0,18.0,0.3535533905932738,9.962429422585696,2.0,3.0,rudraprayag,NORMAL,0.0,1.0,,,,,,,,,,,,,,,,NORMAL,0.9219571150097468,92.2,EXTREME
6882,Guptkashi_1,Uttarakhand,54,Rudraprayag,30.52863889,79.08508333,2025-07-24,0.5,0.5,1,2025,7,205,0.5,0.5,0.5,0.0,0.5,0.5,0.5,0.5,1,1.0,0.75,0.75,0.6666666666666666,0.5625,1.5,1.5,2.0,4.5,1.0,1.0,1.0,1.0,0.5,0.5,0.3535533905932738,0.1767766952966369,2.0,8.0,rudraprayag,NORMAL,0.0,1.0,,,,,,,,,,,,,,,,NORMAL,0.9567248677248676,95.67,EXTREME
6883,Baijnath (Gomti),Uttarakhand,46,Bageshwar,29.90822222,79.61769444,2025-07-27,9.0,3.0,4,2025,7,208,9.0,9.0,9.0,0.0,9.0,3.0,3.0,3.0,4,4.0,9.0,26.0,11.642857142857142,15.235294117647058,9.0,78.0,81.5,259.0,9.0,55.5,55.5,72.5,12.5,28.5,25.646637206464305,21.933220841239663,3.0,17.0,bageshwar,NORMAL,0.0,0.0,,,,,,,,,,,,,,,,NORMAL,0.9495775520775521,94.96,EXTREME
6895,Sitarganj_1,Uttarakhand,56,UDHAM SINGH NAGAR,28.92971389,79.703,2025-07-27,18.5,9.0,4,2025,7,208,18.5,18.5,18.5,0.0,18.5,9.0,9.0,9.0,4,4.0,18.5,18.5,18.5,18.5,18.5,18.5,18.5,18.5,18.5,18.5,18.5,18.5,9.0,9.0,0.0,0.0,1.0,1.0,udham singh nagar,NORMAL,0.0,0.0,,,,,,,,,,,,,,,,NORMAL,0.8898315670450739,88.98,EXTREME
6888,Danda_1,Uttarakhand,48,Champawat,29.15927778,80.10852778,2025-07-27,68.5,47.0,6,2025,7,208,68.5,68.5,68.5,0.0,68.5,47.0,47.0,47.0,6,6.0,68.5,33.0,23.714285714285715,32.029411764705884,68.5,132.0,166.0,544.5,68.5,68.5,68.5,104.0,47.0,47.0,28.17504806266234,32.67188708786735,4.0,17.0,champawat,NORMAL,0.0,0.0,,,,,,,,,,,,,,,,NORMAL,0.8890629906003956,88.91,EXTREME
6893,Guptkashi_1,Uttarakhand,54,Rudraprayag,30.52863889,79.08508333,2025-07-27,0.5,0.5,1,2025,7,208,0.5,0.5,0.5,0.0,0.5,0.5,0.5,0.5,1,1.0,0.5,0.6666666666666666,0.625,0.5714285714285714,0.5,2.0,2.5,4.0,0.5,1.0,1.0,1.0,0.5,0.5,0.2886751345948128,0.1889822365046136,3.0,7.0,rudraprayag,NORMAL,0.0,1.0,,,,,,,,,,,,,,,,NORMAL,0.9202639423098359,92.03,EXTREME
6894,Gadarpur,Uttarakhand,56,UDHAM SINGH NAGAR,29.04324167,79.24461944,2025-07-27,15.5,11.0,3,2025,7,208,15.5,15.5,15.5,0.0,15.5,11.0,11.0,11.0,3,3.0,15.5,11.0,13.25,12.933333333333334,15.5,33.0,53.0,194.0,15.5,16.5,20.0,38.0,11.0,20.0,8.674675786448736,10.960752494153637,3.0,15.0,udham singh nagar,NORMAL,0.0,0.0,,,,,,,,,,,,,,,,NORMAL,0.9786936698818461,97.87,EXTREME
6884,Kapkot (Saryu),Uttarakhand,46,Bageshwar,29.94516667,79.9025,2025-07-27,93.5,32.5,10,2025,7,208,93.5,93.5,93.5,0.0,93.5,32.5,32.5,32.5,10,10.0,93.5,62.5,33.285714285714285,29.404761904761905,93.5,187.5,233.0,617.5,93.5,93.5,93.5,137.5,32.5,74.5,30.0499584026335,33.626856472029566,3.0,21.0,bageshwar,NORMAL,0.0,0.0,,,,,,,,,,,,,,,,NORMAL,0.9231677254995166,92.32,EXTREME
6896,Tumaria,Uttarakhand,56,UDHAM SINGH NAGAR,29.30704722,78.93133056,2025-07-27,1.0,1.0,1,2025,7,208,1.0,1.0,1.0,0.0,1.0,1.0,1.0,1.0,1,1.0,1.0,1.0,1.0,3.1666666666666665,1.0,2.0,2.0,9.5,1.0,1.0,1.0,7.5,1.0,5.5,0.0,3.752776749732568,2.0,3.0,udham singh nagar,NORMAL,0.0,0.0,,,,,,,,,,,,,,,,NORMAL,0.9175351599595255,91.75,EXTREME
6892,Basukedar,Uttarakhand,54,Rudraprayag,30.43919444,79.05633333,2025-07-27,1.0,1.0,1,2025,7,208,1.0,1.0,1.0,0.0,1.0,1.0,1.0,1.0,1,1.0,1.0,0.8333333333333334,0.8333333333333334,5.125,1.0,2.5,2.5,20.5,1.0,1.0,1.0,18.0,1.0,18.0,0.2886751345948128,8.586568969423551,3.0,4.0,rudraprayag,NORMAL,0.0,1.0,,,,,,,,,,,,,,,,NORMAL,0.8782195251845927,87.82,EXTREME
6886,Nandprayag (Nandakini),Uttarakhand,47,Chamoli,30.33122222,79.31063889,2025-07-27,0.5,0.5,1,2025,7,208,0.5,0.5,0.5,0.0,0.5,0.5,0.5,0.5,1,1.0,0.5,12.25,7.357142857142857,4.909090909090909,0.5,49.0,51.5,54.0,0.5,29.0,29.0,29.0,7.0,7.0,13.028814220795384,9.210912500447993,4.0,11.0,chamoli,NORMAL,0.0,0.0,,,,,,,,,,,,,,,,NORMAL,0.8651346695670948,86.51,EXTREME
6887,Champawat_1,Uttarakhand,48,Champawat,29.33341667,80.08469444,2025-07-27,38.5,20.0,3,2025,7,208,38.5,38.5,38.5,0.0,38.5,20.0,20.0,20.0,3,3.0,38.5,19.5,19.5,19.5,38.5,39.0,39.0,39.0,38.5,38.5,38.5,38.5,20.0,20.0,26.87005768508881,26.87005768508881,2.0,2.0,champawat,NORMAL,0.0,0.0,,,,,,,,,,,,,,,,NORMAL,0.8705831486763962,87.06,EXTREME
6890,Haldwani_1,Uttarakhand,51,Nainital,29.214725,79.52400278,2025-07-27,57.5,47.5,4,2025,7,208,57.5,57.5,57.5,0.0,57.5,47.5,47.5,47.5,4,4.0,57.5,68.25,39.5,28.75,57.5,136.5,197.5,345.0,57.5,79.0,79.0,79.0,47.5,47.5,15.202795795510772,23.933145521336197,2.0,12.0,nainital,NORMAL,0.0,0.0,,,,,,,,,,,,,,,,NORMAL,0.9173976539102608,91.74,EXTREME
6885,Khati_1,Uttarakhand,46,Bageshwar,30.11019722,79.94055833,2025-07-27,1.0,0.5,2,2025,7,208,1.0,1.0,1.0,0.0,1.0,0.5,0.5,0.5,2,2.0,1.0,1.0,0.75,0.625,1.0,1.0,1.5,2.5,1.0,1.0,1.0,1.0,0.5,0.5,0.0,0.25,1.0,4.0,bageshwar,NORMAL,0.0,0.0,,,,,,,,,,,,,,,,NORMAL,0.9069552826395589,90.7,EXTREME
6889,Yamuna Colony,Uttarakhand,49,Dehradun,30.33775278,78.03311667,2025-07-27,4.0,1.0,6,2025,7,208,4.0,4.0,4.0,0.0,4.0,1.0,1.0,1.0,6,6.0,4.0,4.0,4.0,2.25,4.0,4.0,4.0,4.5,4.0,4.0,4.0,4.0,1.0,1.0,0.0,2.4748737341529163,1.0,2.0,dehradun,NORMAL,0.0,0.0,,,,,,,,,,,,,,,,NORMAL,0.8951770613453535,89.52,EXTREME
6891,Dharchula_1,Uttarakhand,53,Pithoragarh,29.84825,80.54047222,2025-07-27,9.0,1.5,11,2025,7,208,9.0,9.0,9.0,0.0,9.0,1.5,1.5,1.5,11,11.0,9.0,8.0,8.222222222222221,13.452380952380953,9.0,40.0,74.0,282.5,9.0,18.0,18.0,68.0,18.0,18.0,6.072478900745584,15.276538189250177,5.0,21.0,pithoragarh,NORMAL,0.0,0.0,,,,,,,,,,,,,,,,NORMAL,0.9279165041237913,92.79,EXTREME
6902,Yamuna Colony,Uttarakhand,49,Dehradun,30.33775278,78.03311667,2025-07-28,0.5,0.5,1,2025,7,209,0.5,0.5,0.5,0.0,0.5,0.5,0.5,0.5,1,1.0,2.25,2.25,2.25,1.6666666666666667,4.5,4.5,4.5,5.0,4.0,4.0,4.0,4.0,1.0,1.0,2.4748737341529163,2.0207259421636903,2.0,3.0,dehradun,NORMAL,0.0,0.0,,,,,,,,,,,,,,,,NORMAL,0.8937421718656329,89.37,EXTREME
6904,Haldwani_1,Uttarakhand,51,Nainital,29.214725,79.52400278,2025-07-28,0.5,0.5,1,2025,7,209,0.5,0.5,0.5,0.0,0.5,0.5,0.5,0.5,1,1.0,29.0,29.0,33.0,26.57692307692308,58.0,58.0,198.0,345.5,57.5,57.5,79.0,79.0,47.5,47.5,40.30508652763321,24.216769459961483,2.0,13.0,nainital,NORMAL,0.0,0.0,,,,,,,,,,,,,,,,NORMAL,0.9409340466261356,94.09,EXTREME
6906,Srinagar_2,Uttarakhand,52,PAURI GARHWAL,30.23581944,78.81720278,2025-07-28,2.5,2.5,1,2025,7,209,2.5,2.5,2.5,0.0,2.5,2.5,2.5,2.5,1,1.0,2.5,2.75,16.6,16.75,2.5,5.5,83.0,167.5,2.5,3.0,42.5,46.5,2.5,29.0,0.3535533905932738,17.901350042198864,2.0,10.0,pauri garhwal,NORMAL,0.0,0.0,,,,,,,,,,,,,,,,NORMAL,0.9409645744766137,94.1,EXTREME
6910,Kempty,Uttarakhand,55,Tehri Garhwal,30.49075,78.04738889,2025-07-28,0.5,0.5,1,2025,7,209,0.5,0.5,0.5,0.0,0.5,0.5,0.5,0.5,1,1.0,0.5,0.5,0.5,0.5,0.5,0.5,1.0,2.0,0.5,0.5,0.5,0.5,0.5,0.5,0.0,0.0,1.0,4.0,tehri garhwal,NORMAL,0.0,0.0,,,,,,,,,,,,,,,,NORMAL,0.839861470197799,83.99,EXTREME
6907,Yamkeshwar,Uttarakhand,52,PAURI GARHWAL,29.96130556,78.44086111,2025-07-28,1.0,0.5,2,2025,7,209,1.0,1.0,1.0,0.0,1.0,0.5,0.5,0.5,2,2.0,1.0,1.0,1.0,1.0,1.0,1.0,1.0,1.0,1.0,1.0,1.0,1.0,0.5,0.5,0.0,0.0,1.0,1.0,pauri garhwal,NORMAL,0.0,0.0,,,,,,,,,,,,,,,,NORMAL,0.8852387807215399,88.52,EXTREME
6900,Rithakhal,Uttarakhand,48,Champawat,29.44911111,79.882,2025-07-28,3.5,1.5,4,2025,7,209,3.5,3.5,3.5,0.0,3.5,1.5,1.5,1.5,4,4.0,3.5,10.0,10.0,10.0,3.5,20.0,20.0,20.0,3.5,16.5,16.5,16.5,6.5,6.5,9.192388155425116,9.192388155425116,2.0,2.0,champawat,NORMAL,0.0,0.0,,,,,,,,,,,,,,,,NORMAL,0.9401576162056041,94.02,EXTREME
6909,Basukedar,Uttarakhand,54,Rudraprayag,30.43919444,79.05633333,2025-07-28,5.0,4.5,2,2025,7,209,5.0,5.0,5.0,0.0,5.0,4.5,4.5,4.5,2,2.0,3.0,1.875,1.875,5.1,6.0,7.5,7.5,25.5,5.0,5.0,5.0,18.0,4.5,18.0,2.0966242709015206,7.436396977031321,4.0,5.0,rudraprayag,NORMAL,0.0,1.0,,,,,,,,,,,,,,,,NORMAL,0.5954141112535584,59.54,HIGH
6898,Nandprayag (Nandakini),Uttarakhand,47,Chamoli,30.33122222,79.31063889,2025-07-28,1.0,0.5,2,2025,7,209,1.0,1.0,1.0,0.0,1.0,0.5,0.5,0.5,2,2.0,0.75,5.25,6.5625,4.583333333333333,1.5,21.0,52.5,55.0,1.0,16.0,29.0,29.0,7.0,7.0,7.285830998131465,8.85446300751859,4.0,12.0,chamoli,NORMAL,0.0,0.0,,,,,,,,,,,,,,,,NORMAL,0.9210411655940433,92.1,EXTREME
6897,Kapkot (Saryu),Uttarakhand,46,Bageshwar,29.94516667,79.9025,2025-07-28,2.5,1.5,2,2025,7,209,2.5,2.5,2.5,0.0,2.5,1.5,1.5,1.5,2,2.0,48.0,52.16666666666666,30.857142857142858,27.785714285714285,96.0,156.5,216.0,583.5,93.5,93.5,93.5,137.5,32.5,74.5,46.06878914550866,34.08356327783652,3.0,21.0,bageshwar,NORMAL,0.0,0.0,,,,,,,,,,,,,,,,NORMAL,0.9063787948327928,90.64,EXTREME
6908,Dharchula_1,Uttarakhand,53,Pithoragarh,29.84825,80.54047222,2025-07-28,2.5,1.5,3,2025,7,209,2.5,2.5,2.5,0.0,2.5,1.5,1.5,1.5,3,3.0,5.75,7.3,7.666666666666667,12.11904761904762,11.5,36.5,69.0,254.5,9.0,18.0,18.0,68.0,18.0,18.0,6.544081295338582,14.932267712829791,5.0,21.0,pithoragarh,NORMAL,0.0,0.0,,,,,,,,,,,,,,,,NORMAL,0.9220974462739959,92.21,EXTREME
6905,Dugadda (Khoh),Uttarakhand,52,PAURI GARHWAL,29.75108333,78.52341667,2025-07-28,3.0,0.5,6,2025,7,209,3.0,3.0,3.0,0.0,3.0,0.5,0.5,0.5,6,6.0,3.0,2.0,1.25,0.8333333333333334,3.0,4.0,5.0,7.5,3.0,3.0,3.0,3.0,0.5,0.5,1.4142135623730951,0.8291561975888501,2.0,9.0,pauri garhwal,NORMAL,0.0,0.0,,,,,,,,,,,,,,,,NORMAL,0.8720628552494191,87.21,EXTREME
6903,Roorkee_2,Uttarakhand,50,Haridwar,29.86771944,77.88415556,2025-07-28,3.0,2.5,2,2025,7,209,3.0,3.0,3.0,0.0,3.0,2.5,2.5,2.5,2,2.0,3.0,5.25,22.125,18.05,3.0,10.5,88.5,180.5,3.0,7.5,44.0,48.5,2.5,30.0,3.181980515339464,18.65244994334228,2.0,10.0,haridwar,NORMAL,0.0,0.0,,,,,,,,,,,,,,,,NORMAL,0.9575692269955175,95.76,EXTREME
6911,Gadarpur,Uttarakhand,56,UDHAM SINGH NAGAR,29.04324167,79.24461944,2025-07-28,3.0,1.5,2,2025,7,209,3.0,3.0,3.0,0.0,3.0,1.5,1.5,1.5,2,2.0,9.25,6.5,9.0,12.3125,18.5,19.5,36.0,197.0,15.5,15.5,16.5,38.0,11.0,20.0,7.858116822750856,10.876388800209988,3.0,16.0,udham singh nagar,NORMAL,0.0,0.0,,,,,,,,,,,,,,,,NORMAL,0.9023626952709601,90.24,EXTREME
6899,Danda_1,Uttarakhand,48,Champawat,29.15927778,80.10852778,2025-07-28,34.0,11.0,12,2025,7,209,34.0,34.0,34.0,0.0,34.0,11.0,11.0,11.0,12,12.0,51.25,35.0,27.142857142857142,30.323529411764707,102.5,140.0,190.0,515.5,68.5,68.5,68.5,104.0,47.0,47.0,27.793884219374583,31.696283879418832,4.0,17.0,champawat,NORMAL,0.0,0.0,,,,,,,,,,,,,,,,NORMAL,0.8228971473301578,82.29,EXTREME
6901,Doiwala (Bhogpur),Uttarakhand,49,Dehradun,30.22270833,78.23418611,2025-07-28,54.0,54.0,1,2025,7,209,54.0,54.0,54.0,0.0,54.0,54.0,54.0,54.0,1,1.0,54.0,54.0,54.0,54.0,54.0,54.0,54.0,54.0,54.0,54.0,54.0,54.0,54.0,54.0,0.0,0.0,1.0,1.0,dehradun,NORMAL,0.0,0.0,,,,,,,,,,,,,,,,NORMAL,0.913157821239665,91.32,EXTREME
6921,Khanpur_5,Uttarakhand,50,Haridwar,29.641375,78.00678611,2025-07-29,2.0,1.0,2,2025,7,210,2.0,2.0,2.0,0.0,2.0,1.0,1.0,1.0,2,2.0,2.0,2.0,1.25,3.5,2.0,2.0,2.5,17.5,2.0,2.0,2.0,7.5,1.0,7.5,0.0,2.6692695630078065,1.0,5.0,haridwar,NORMAL,0.0,0.0,,,,,,,,,,,,,,,,NORMAL,0.9439345117845115,94.39,EXTREME
6929,Gadarpur,Uttarakhand,56,UDHAM SINGH NAGAR,29.04324167,79.24461944,2025-07-29,0.5,0.5,1,2025,7,210,0.5,0.5,0.5,0.0,0.5,0.5,0.5,0.5,1,1.0,6.333333333333333,5.0,7.3,10.4375,19.0,20.0,36.5,167.0,15.5,15.5,16.5,38.0,11.0,16.0,7.082843120291926,10.08939211911864,4.0,16.0,udham singh nagar,NORMAL,0.0,0.0,,,,,,,,,,,,,,,,NORMAL,0.8694654858058688,86.95,EXTREME
6926,Srinagar_2,Uttarakhand,52,PAURI GARHWAL,30.23581944,78.81720278,2025-07-29,31.0,21.5,5,2025,7,210,31.0,31.0,31.0,0.0,31.0,21.5,21.5,21.5,5,5.0,16.75,12.166666666666666,19.0,17.25,33.5,36.5,114.0,172.5,31.0,31.0,42.5,46.5,21.5,29.0,16.312060977489427,18.25475584912357,3.0,10.0,pauri garhwal,NORMAL,0.0,0.0,,,,,,,,,,,,,,,,NORMAL,0.9459775973788508,94.6,EXTREME
6917,Danda_1,Uttarakhand,48,Champawat,29.15927778,80.10852778,2025-07-29,32.5,8.5,9,2025,7,210,32.5,32.5,32.5,0.0,32.5,8.5,8.5,8.5,9,9.0,45.0,43.0,27.8125,27.676470588235293,135.0,172.0,222.5,470.5,68.5,68.5,68.5,104.0,47.0,47.0,17.10263137648706,29.298539413505004,4.0,17.0,champawat,NORMAL,0.0,0.0,,,,,,,,,,,,,,,,NORMAL,0.9103350066697936,91.03,EXTREME
6930,Sitarganj_1,Uttarakhand,56,UDHAM SINGH NAGAR,28.92971389,79.703,2025-07-29,1.0,0.5,2,2025,7,210,1.0,1.0,1.0,0.0,1.0,0.5,0.5,0.5,2,2.0,9.75,9.75,9.75,9.75,19.5,19.5,19.5,19.5,18.5,18.5,18.5,18.5,9.0,9.0,12.374368670764582,12.374368670764582,2.0,2.0,udham singh nagar,NORMAL,0.0,0.0,,,,,,,,,,,,,,,,NORMAL,0.8487676618660647,84.88,EXTREME
6928,Basukedar,Uttarakhand,54,Rudraprayag,30.43919444,79.05633333,2025-07-29,16.0,5.5,13,2025,7,210,16.0,16.0,16.0,0.0,16.0,5.5,5.5,5.5,13,13.0,7.333333333333333,4.7,4.7,6.916666666666667,22.0,23.5,23.5,41.5,16.0,16.0,16.0,18.0,5.5,18.0,6.572670690061994,8.002603742949361,5.0,6.0,rudraprayag,NORMAL,0.0,1.0,,,,,,,,,,,,,,,,NORMAL,0.9484265696976293,94.84,EXTREME
6915,Nandprayag (Nandakini),Uttarakhand,47,Chamoli,30.33122222,79.31063889,2025-07-29,10.0,1.5,14,2025,7,210,10.0,10.0,10.0,0.0,10.0,1.5,1.5,1.5,14,14.0,3.8333333333333335,6.2,7.6875,5.375,11.5,31.0,61.5,64.5,10.0,16.0,29.0,29.0,7.0,7.0,6.657702306351645,8.880839947990179,5.0,12.0,chamoli,NORMAL,0.0,0.0,,,,,,,,,,,,,,,,NORMAL,0.9311566045077602,93.12,EXTREME
6925,Mukteshwar_1,Uttarakhand,51,Nainital,29.47413889,79.65119444,2025-07-29,0.5,0.5,1,2025,7,210,0.5,0.5,0.5,0.0,0.5,0.5,0.5,0.5,1,1.0,0.5,0.5,0.5,0.75,0.5,0.5,0.5,1.5,0.5,0.5,0.5,1.0,0.5,0.5,0.0,0.3535533905932738,1.0,2.0,nainital,NORMAL,0.0,0.0,,,,,,,,,,,,,,,,NORMAL,0.951966658072944,95.2,EXTREME
6927,Dharchula_1,Uttarakhand,53,Pithoragarh,29.84825,80.54047222,2025-07-29,8.0,1.0,13,2025,7,210,8.0,8.0,8.0,0.0,8.0,1.0,1.0,1.0,13,13.0,6.5,5.3,8.38888888888889,11.476190476190476,19.5,26.5,75.5,241.0,9.0,9.0,18.0,68.0,1.5,18.0,3.053686296920546,14.798206133241449,5.0,21.0,pithoragarh,NORMAL,0.0,0.0,,,,,,,,,,,,,,,,NORMAL,0.6140792314175464,61.41,VERY HIGH
6914,Kapkot (Saryu),Uttarakhand,46,Bageshwar,29.94516667,79.9025,2025-07-29,14.5,2.0,12,2025,7,210,14.5,14.5,14.5,0.0,14.5,2.0,2.0,2.0,12,12.0,36.833333333333336,42.75,31.214285714285715,26.23809523809524,110.5,171.0,218.5,551.0,93.5,93.5,93.5,137.5,32.5,74.5,42.066415741459785,33.904873929723976,4.0,21.0,bageshwar,NORMAL,0.0,0.0,,,,,,,,,,,,,,,,NORMAL,0.6207617395140168,62.08,VERY HIGH
6922,Manglaur_1,Uttarakhand,50,Haridwar,29.78567778,77.86368889,2025-07-29,1.0,0.5,2,2025,7,210,1.0,1.0,1.0,0.0,1.0,0.5,0.5,0.5,2,2.0,1.0,0.75,0.75,0.75,1.0,1.5,1.5,1.5,1.0,1.0,1.0,1.0,0.5,0.5,0.3535533905932738,0.3535533905932738,2.0,2.0,haridwar,NORMAL,0.0,0.0,,,,,,,,,,,,,,,,NORMAL,0.8324970696622433,83.25,EXTREME
6916,Champawat_1,Uttarakhand,48,Champawat,29.33341667,80.08469444,2025-07-29,29.5,5.5,13,2025,7,210,29.5,29.5,29.5,0.0,29.5,5.5,5.5,5.5,13,13.0,34.0,34.0,22.83333333333333,22.83333333333333,68.0,68.0,68.5,68.5,38.5,38.5,38.5,38.5,20.0,20.0,6.363961030678928,19.85782801147531,2.0,3.0,champawat,NORMAL,0.0,0.0,,,,,,,,,,,,,,,,NORMAL,0.8369040500207683,83.69,EXTREME
6918,Rithakhal,Uttarakhand,48,Champawat,29.44911111,79.882,2025-07-29,27.5,4.5,14,2025,7,210,27.5,27.5,27.5,0.0,27.5,4.5,4.5,4.5,14,14.0,15.5,15.833333333333334,15.833333333333334,15.833333333333334,31.0,47.5,47.5,47.5,27.5,27.5,27.5,27.5,6.5,6.5,12.013880860626733,12.013880860626733,3.0,3.0,champawat,NORMAL,0.0,0.0,,,,,,,,,,,,,,,,NORMAL,0.8919556872884459,89.2,EXTREME
6913,Baijnath (Gomti),Uttarakhand,46,Bageshwar,29.90822222,79.61769444,2025-07-29,21.5,4.5,11,2025,7,210,21.5,21.5,21.5,0.0,21.5,4.5,4.5,4.5,11,11.0,15.25,14.666666666666666,16.916666666666668,12.75,30.5,44.0,101.5,204.0,21.5,21.5,55.5,55.5,4.5,18.5,6.331139971074112,16.79682509682515,3.0,16.0,bageshwar,NORMAL,0.0,0.0,,,,,,,,,,,,,,,,NORMAL,0.8596250684786643,85.96,EXTREME
6912,Lamgara,Uttarakhand,45,Almora,29.53866667,79.74994444,2025-07-29,0.5,0.5,1,2025,7,210,0.5,0.5,0.5,0.0,0.5,0.5,0.5,0.5,1,1.0,0.5,0.5,0.5,0.5,0.5,1.0,1.0,1.5,0.5,0.5,0.5,0.5,0.5,0.5,0.0,2.5997081879329534e-07,2.0,3.0,almora,NORMAL,0.0,0.0,,,,,,,,,,,,,,,,NORMAL,0.953063240426888,95.31,EXTREME
6924,Haldwani_1,Uttarakhand,51,Nainital,29.214725,79.52400278,2025-07-29,4.5,1.5,5,2025,7,210,4.5,4.5,4.5,0.0,4.5,1.5,1.5,1.5,5,5.0,20.83333333333333,20.83333333333333,33.5,23.692307692307693,62.5,62.5,201.0,308.0,57.5,57.5,79.0,79.0,47.5,47.5,31.817186131607134,24.458756493958752,3.0,13.0,nainital,NORMAL,0.0,0.0,,,,,,,,,,,,,,,,NORMAL,0.9858816258405729,98.59,EXTREME
6920,Bhagwanpur_1,Uttarakhand,50,Haridwar,29.93567778,77.80170611,2025-07-29,4.0,4.0,1,2025,7,210,4.0,4.0,4.0,0.0,4.0,4.0,4.0,4.0,1,1.0,4.0,4.0,4.0,4.0,4.0,4.0,4.0,4.0,4.0,4.0,4.0,4.0,4.0,4.0,0.0,0.0,1.0,1.0,haridwar,NORMAL,0.0,0.0,,,,,,,,,,,,,,,,NORMAL,0.9117881756873705,91.18,EXTREME
6923,Roorkee_2,Uttarakhand,50,Haridwar,29.86771944,77.88415556,2025-07-29,37.5,21.0,8,2025,7,210,37.5,37.5,37.5,0.0,37.5,21.0,21.0,21.0,8,8.0,20.25,16.0,25.2,19.0,40.5,48.0,126.0,190.0,37.5,37.5,44.0,48.5,21.0,30.0,18.75499933351105,19.440793308001734,3.0,10.0,haridwar,NORMAL,0.0,0.0,,,,,,,,,,,,,,,,NORMAL,0.9185939777195931,91.86,EXTREME
6919,Yamuna Colony,Uttarakhand,49,Dehradun,30.33775278,78.03311667,2025-07-29,86.0,18.5,13,2025,7,210,86.0,86.0,86.0,0.0,86.0,18.5,18.5,18.5,13,13.0,30.166666666666668,30.166666666666668,30.166666666666668,30.166666666666668,90.5,90.5,90.5,90.5,86.0,86.0,86.0,86.0,18.5,18.5,48.38474277428095,48.38474277428095,3.0,3.0,dehradun,NORMAL,0.0,0.0,,,,,,,,,,,,,,,,NORMAL,0.9821398601398602,98.21,EXTREME
6940,Manglaur_1,Uttarakhand,50,Haridwar,29.78567778,77.86368889,2025-07-30,17.0,9.5,11,2025,7,211,17.0,17.0,17.0,0.0,17.0,9.5,9.5,9.5,11,11.0,9.0,6.166666666666667,6.166666666666667,6.166666666666667,18.0,18.5,18.5,18.5,17.0,17.0,17.0,17.0,9.5,9.5,9.385272150200723,9.385272150200723,3.0,3.0,haridwar,NORMAL,0.0,0.0,,,,,,,,,,,,,,,,NORMAL,0.8576989690019874,85.77,EXTREME
6944,Basukedar,Uttarakhand,54,Rudraprayag,30.43919444,79.05633333,2025-07-30,1.5,0.5,3,2025,7,211,1.5,1.5,1.5,0.0,1.5,0.5,0.5,0.5,3,3.0,7.5,4.9,4.166666666666667,6.142857142857143,22.5,24.5,25.0,43.0,16.0,16.0,16.0,18.0,5.5,18.0,6.4265076052238514,7.586799312590534,5.0,7.0,rudraprayag,NORMAL,0.0,1.0,,,,,,,,,,,,,,,,NORMAL,0.9674250808548028,96.74,EXTREME
6931,Baijnath (Gomti),Uttarakhand,46,Bageshwar,29.90822222,79.61769444,2025-07-30,13.0,5.5,6,2025,7,211,13.0,13.0,13.0,0.0,13.0,5.5,5.5,5.5,6,6.0,17.25,14.5,19.0,13.25,34.5,43.5,114.0,212.0,21.5,21.5,55.5,55.5,5.5,18.5,6.383572667401772,16.66933312003418,3.0,16.0,bageshwar,NORMAL,0.0,0.0,,,,,,,,,,,,,,,,NORMAL,0.9041439719604712,90.41,EXTREME
6933,Nandprayag (Nandakini),Uttarakhand,47,Chamoli,30.33122222,79.31063889,2025-07-30,1.0,0.5,2,2025,7,211,1.0,1.0,1.0,0.0,1.0,0.5,0.5,0.5,2,2.0,4.0,3.2,7.75,5.038461538461538,12.0,16.0,62.0,65.5,10.0,10.0,29.0,29.0,3.0,7.0,3.978064856183218,8.588901604351442,5.0,13.0,chamoli,NORMAL,0.0,0.0,,,,,,,,,,,,,,,,NORMAL,0.9292656061969766,92.93,EXTREME
6939,Bhagwanpur_1,Uttarakhand,50,Haridwar,29.93567778,77.80170611,2025-07-30,0.5,0.5,1,2025,7,211,0.5,0.5,0.5,0.0,0.5,0.5,0.5,0.5,1,1.0,2.25,2.25,2.25,2.25,4.5,4.5,4.5,4.5,4.0,4.0,4.0,4.0,4.0,4.0,2.4748737341529163,2.4748737341529163,2.0,2.0,haridwar,NORMAL,0.0,0.0,,,,,,,,,,,,,,,,NORMAL,0.9271716095161984,92.72,EXTREME
6943,Dharchula_1,Uttarakhand,53,Pithoragarh,29.84825,80.54047222,2025-07-30,2.0,0.5,4,2025,7,211,2.0,2.0,2.0,0.0,2.0,0.5,0.5,0.5,4,4.0,4.166666666666667,4.8,6.722222222222222,11.452380952380953,12.5,24.0,60.5,240.5,8.0,9.0,18.0,68.0,1.5,18.0,3.402205167240847,14.813764513033783,5.0,21.0,pithoragarh,NORMAL,0.0,0.0,,,,,,,,,,,,,,,,NORMAL,0.9520363983625998,95.2,EXTREME
6932,Kapkot (Saryu),Uttarakhand,46,Bageshwar,29.94516667,79.9025,2025-07-30,7.0,2.0,5,2025,7,211,7.0,7.0,7.0,0.0,7.0,2.0,2.0,2.0,5,5.0,8.0,29.375,31.5,26.428571428571427,24.0,117.5,220.5,555.0,14.5,93.5,93.5,137.5,32.5,74.5,43.03559573190549,33.77879723816618,4.0,21.0,bageshwar,NORMAL,0.0,0.0,,,,,,,,,,,,,,,,NORMAL,0.855676268837738,85.57,EXTREME
6938,Yamuna Colony,Uttarakhand,49,Dehradun,30.33775278,78.03311667,2025-07-30,32.5,29.5,5,2025,7,211,32.5,32.5,32.5,0.0,32.5,29.5,29.5,29.5,5,5.0,39.66666666666666,30.75,30.75,30.75,119.0,123.0,123.0,123.0,86.0,86.0,86.0,86.0,29.5,29.5,39.52319993792675,39.52319993792675,4.0,4.0,dehradun,NORMAL,0.0,0.0,,,,,,,,,,,,,,,,NORMAL,0.8409891895018973,84.1,EXTREME
6936,Rithakhal,Uttarakhand,48,Champawat,29.44911111,79.882,2025-07-30,6.0,4.0,4,2025,7,211,6.0,6.0,6.0,0.0,6.0,4.0,4.0,4.0,4,4.0,12.333333333333334,12.333333333333334,13.375,13.375,37.0,37.0,53.5,53.5,27.5,27.5,27.5,27.5,4.5,6.5,13.194064322009853,10.97250351256874,3.0,4.0,champawat,NORMAL,0.0,0.0,,,,,,,,,,,,,,,,NORMAL,0.8317651360834737,83.18,EXTREME
6937,Chakrata,Uttarakhand,49,Dehradun,30.76115556,77.86502778,2025-07-30,1.0,0.5,2,2025,7,211,1.0,1.0,1.0,0.0,1.0,0.5,0.5,0.5,2,2.0,1.0,1.0,0.75,0.625,1.0,1.0,1.5,5.0,1.0,1.0,1.0,1.0,0.5,0.5,0.0,0.2314550249426483,1.0,8.0,dehradun,NORMAL,0.0,0.0,,,,,,,,,,,,,,,,NORMAL,0.9185197220132904,91.85,EXTREME
6934,Champawat_1,Uttarakhand,48,Champawat,29.33341667,80.08469444,2025-07-30,11.0,9.5,3,2025,7,211,11.0,11.0,11.0,0.0,11.0,9.5,9.5,9.5,3,3.0,20.25,26.33333333333333,19.875,19.875,40.5,79.0,79.5,79.5,29.5,38.5,38.5,38.5,20.0,20.0,14.020817855365404,17.259659131435168,3.0,4.0,champawat,NORMAL,0.0,0.0,,,,,,,,,,,,,,,,NORMAL,0.7904616630280427,79.05,VERY HIGH
6941,Roorkee_2,Uttarakhand,50,Haridwar,29.86771944,77.88415556,2025-07-30,15.0,10.5,3,2025,7,211,15.0,15.0,15.0,0.0,15.0,10.5,10.5,10.5,3,3.0,18.5,18.5,21.4,15.65,55.5,55.5,107.0,156.5,37.5,37.5,44.0,44.0,21.0,30.0,17.514279888136993,16.44865749334376,3.0,10.0,haridwar,NORMAL,0.0,0.0,,,,,,,,,,,,,,,,NORMAL,0.8967852724772045,89.68,EXTREME
6946,Tumaria,Uttarakhand,56,UDHAM SINGH NAGAR,29.30704722,78.93133056,2025-07-30,1.5,1.0,2,2025,7,211,1.5,1.5,1.5,0.0,1.5,1.0,1.0,1.0,2,2.0,1.5,1.25,1.1666666666666667,2.75,1.5,2.5,3.5,11.0,1.5,1.5,1.5,7.5,1.0,5.5,0.3535533905932738,3.1754264805429417,2.0,4.0,udham singh nagar,NORMAL,0.0,0.0,,,,,,,,,,,,,,,,NORMAL,0.8703156203898303,87.03,EXTREME
6945,Gadarpur,Uttarakhand,56,UDHAM SINGH NAGAR,29.04324167,79.24461944,2025-07-30,0.5,0.5,1,2025,7,211,0.5,0.5,0.5,0.0,0.5,0.5,0.5,0.5,1,1.0,1.3333333333333333,4.875,6.166666666666667,9.9375,4.0,19.5,37.0,159.0,3.0,15.5,16.5,38.0,11.0,16.0,7.180703308172536,10.385687266618415,4.0,16.0,udham singh nagar,NORMAL,0.0,0.0,,,,,,,,,,,,,,,,NORMAL,0.8958469638450868,89.58,EXTREME
6935,Danda_1,Uttarakhand,48,Champawat,29.15927778,80.10852778,2025-07-30,10.0,4.5,6,2025,7,211,10.0,10.0,10.0,0.0,10.0,4.5,4.5,4.5,6,6.0,25.5,36.25,28.9375,22.147058823529413,76.5,145.0,231.5,376.5,34.0,68.5,68.5,68.5,47.0,47.0,24.140215409146613,21.94009222995254,4.0,17.0,champawat,NORMAL,0.0,0.0,,,,,,,,,,,,,,,,NORMAL,0.7430923080483355,74.31,VERY HIGH
6942,Srinagar_2,Uttarakhand,52,PAURI GARHWAL,30.23581944,78.81720278,2025-07-30,14.5,10.5,3,2025,7,211,14.5,14.5,14.5,0.0,14.5,10.5,10.5,10.5,3,3.0,16.0,16.0,16.333333333333332,14.05,48.0,48.0,98.0,140.5,31.0,31.0,42.5,42.5,21.5,29.0,14.309088021254189,15.087614493720045,3.0,10.0,pauri garhwal,NORMAL,0.0,0.0,,,,,,,,,,,,,,,,NORMAL,0.9423196514625982,94.23,EXTREME
6954,Bahadarabad,Uttarakhand,50,Haridwar,29.92380278,78.03671389,2025-07-31,0.5,0.5,1,2025,7,212,0.5,0.5,0.5,0.0,0.5,0.5,0.5,0.5,1,1.0,0.5,0.5,0.5,1.75,0.5,0.5,0.5,3.5,0.5,0.5,0.5,3.0,0.5,1.0,0.0,1.7677669529663689,1.0,2.0,haridwar,NORMAL,0.0,0.0,,,,,,,,,,,,,,,,NORMAL,0.9814024182701094,98.14,EXTREME
6959,Dharchula_1,Uttarakhand,53,Pithoragarh,29.84825,80.54047222,2025-07-31,1.5,0.5,3,2025,7,212,1.5,1.5,1.5,0.0,1.5,0.5,0.5,0.5,3,3.0,3.8333333333333335,4.6,6.2,11.0,11.5,23.0,62.0,242.0,8.0,9.0,18.0,68.0,1.5,18.0,3.5951356024495547,14.611639196202455,5.0,22.0,pithoragarh,NORMAL,0.0,0.0,,,,,,,,,,,,,,,,NORMAL,0.9839362266274031,98.39,EXTREME
6953,Yamuna Colony,Uttarakhand,49,Dehradun,30.33775278,78.03311667,2025-07-31,2.0,1.5,2,2025,7,212,2.0,2.0,2.0,0.0,2.0,1.5,1.5,1.5,2,2.0,40.16666666666666,25.0,25.0,25.0,120.5,125.0,125.0,125.0,86.0,86.0,86.0,86.0,29.5,29.5,36.56330127327126,36.56330127327126,5.0,5.0,dehradun,NORMAL,0.0,0.0,,,,,,,,,,,,,,,,NORMAL,0.9911691962041226,99.12,EXTREME
6960,Basukedar,Uttarakhand,54,Rudraprayag,30.43919444,79.05633333,2025-07-31,20.5,12.5,2,2025,7,212,20.5,20.5,20.5,0.0,20.5,12.5,12.5,12.5,2,2.0,12.666666666666666,8.8,6.5,7.9375,38.0,44.0,45.5,63.5,20.5,20.5,20.5,20.5,12.5,18.0,8.906458330896742,8.666180160337593,5.0,8.0,rudraprayag,NORMAL,0.0,1.0,,,,,,,,,,,,,,,,NORMAL,0.9970729166666666,99.71,EXTREME
6961,Gadarpur,Uttarakhand,56,UDHAM SINGH NAGAR,29.04324167,79.24461944,2025-07-31,9.5,5.5,6,2025,7,212,9.5,9.5,9.5,0.0,9.5,5.5,5.5,5.5,6,6.0,3.5,5.8,6.642857142857143,9.911764705882351,10.5,29.0,46.5,168.5,9.5,15.5,16.5,38.0,11.0,16.0,6.553624951124378,10.056458270244867,5.0,17.0,udham singh nagar,NORMAL,0.0,0.0,,,,,,,,,,,,,,,,NORMAL,0.9933866421568627,99.34,EXTREME
6955,Manglaur_1,Uttarakhand,50,Haridwar,29.78567778,77.86368889,2025-07-31,1.5,0.5,3,2025,7,212,1.5,1.5,1.5,0.0,1.5,0.5,0.5,0.5,3,3.0,6.5,6.5,5.0,5.0,19.5,19.5,20.0,20.0,17.0,17.0,17.0,17.0,9.5,9.5,9.096702699330129,8.010409893798611,3.0,4.0,haridwar,NORMAL,0.0,0.0,,,,,,,,,,,,,,,,NORMAL,0.9948506944444443,99.49,EXTREME
6957,Haldwani_1,Uttarakhand,51,Nainital,29.214725,79.52400278,2025-07-31,25.5,10.5,8,2025,7,212,25.5,25.5,25.5,0.0,25.5,10.5,10.5,10.5,8,8.0,15.0,22.0,30.0,24.03846153846154,30.0,88.0,180.0,312.5,25.5,57.5,79.0,79.0,47.5,47.5,26.083200212652844,24.44931963816644,4.0,13.0,nainital,NORMAL,0.0,0.0,,,,,,,,,,,,,,,,NORMAL,0.9972673611111111,99.73,EXTREME
6958,Srinagar_2,Uttarakhand,52,PAURI GARHWAL,30.23581944,78.81720278,2025-07-31,11.0,7.5,4,2025,7,212,11.0,11.0,11.0,0.0,11.0,7.5,7.5,7.5,4,4.0,18.83333333333333,14.75,15.571428571428571,13.772727272727272,56.5,59.0,109.0,151.5,31.0,31.0,42.5,42.5,21.5,29.0,11.94780314534852,14.342879132802514,4.0,11.0,pauri garhwal,NORMAL,0.0,0.0,,,,,,,,,,,,,,,,NORMAL,0.9597545673280969,95.98,EXTREME
6948,Baijnath (Gomti),Uttarakhand,46,Bageshwar,29.90822222,79.61769444,2025-07-31,0.5,0.5,1,2025,7,212,0.5,0.5,0.5,0.0,0.5,0.5,0.5,0.5,1,1.0,11.666666666666666,11.0,16.357142857142858,12.5,35.0,44.0,114.5,212.5,21.5,21.5,55.5,55.5,5.5,18.5,8.727351641057325,16.43357842954485,4.0,17.0,bageshwar,NORMAL,0.0,0.0,,,,,,,,,,,,,,,,NORMAL,0.8967880664704712,89.68,EXTREME
6950,Nandprayag (Nandakini),Uttarakhand,47,Chamoli,30.33122222,79.31063889,2025-07-31,1.5,0.5,3,2025,7,212,1.5,1.5,1.5,0.0,1.5,0.5,0.5,0.5,3,3.0,4.166666666666667,2.8,7.055555555555555,4.785714285714286,12.5,14.0,63.5,67.0,10.0,10.0,29.0,29.0,1.5,7.0,4.040420770167385,8.305962375848509,5.0,14.0,chamoli,NORMAL,0.0,0.0,,,,,,,,,,,,,,,,NORMAL,0.9752212139943087,97.52,EXTREME
6956,Roorkee_2,Uttarakhand,50,Haridwar,29.86771944,77.88415556,2025-07-31,18.0,7.5,6,2025,7,212,18.0,18.0,18.0,0.0,18.0,7.5,7.5,7.5,6,6.0,23.5,18.375,20.83333333333333,15.863636363636363,70.5,73.5,125.0,174.5,37.5,37.5,44.0,44.0,21.0,30.0,14.302534740387802,15.620644847590189,4.0,11.0,haridwar,NORMAL,0.0,0.0,,,,,,,,,,,,,,,,NORMAL,0.9803835334933733,98.04,EXTREME
6962,Tumaria,Uttarakhand,56,UDHAM SINGH NAGAR,29.30704722,78.93133056,2025-07-31,3.0,2.0,3,2025,7,212,3.0,3.0,3.0,0.0,3.0,2.0,2.0,2.0,3,3.0,2.25,1.8333333333333333,1.625,2.8,4.5,5.5,6.5,14.0,3.0,3.0,3.0,7.5,2.0,5.5,1.0408329997330663,2.752271788904577,3.0,5.0,udham singh nagar,NORMAL,0.0,0.0,,,,,,,,,,,,,,,,NORMAL,0.9384546716899657,93.85,EXTREME
6951,Danda_1,Uttarakhand,48,Champawat,29.15927778,80.10852778,2025-07-31,15.0,5.5,5,2025,7,212,15.0,15.0,15.0,0.0,15.0,5.5,5.5,5.5,5,5.0,19.166666666666668,32.0,27.38888888888889,21.75,57.5,160.0,246.5,391.5,32.5,68.5,68.5,68.5,47.0,47.0,22.964646742329823,21.35157385024236,5.0,18.0,champawat,NORMAL,0.0,0.0,,,,,,,,,,,,,,,,NORMAL,0.971723372230338,97.17,EXTREME
6949,Kapkot (Saryu),Uttarakhand,46,Bageshwar,29.94516667,79.9025,2025-07-31,2.5,2.5,1,2025,7,212,2.5,2.5,2.5,0.0,2.5,2.5,2.5,2.5,1,1.0,8.0,24.0,27.875,25.34090909090909,24.0,120.0,223.0,557.5,14.5,93.5,93.5,137.5,32.5,74.5,39.15992849840256,33.35715328568485,5.0,22.0,bageshwar,NORMAL,0.0,0.0,,,,,,,,,,,,,,,,NORMAL,0.9684317656887318,96.84,EXTREME
6947,Lamgara,Uttarakhand,45,Almora,29.53866667,79.74994444,2025-07-31,0.5,0.5,1,2025,7,212,0.5,0.5,0.5,0.0,0.5,0.5,0.5,0.5,1,1.0,0.5,0.5,0.5,0.5,1.0,1.0,1.5,2.0,0.5,0.5,0.5,0.5,0.5,0.5,0.0,2.122652846857071e-07,2.0,4.0,almora,NORMAL,0.0,0.0,,,,,,,,,,,,,,,,NORMAL,0.989537037037037,98.95,EXTREME
6952,Rithakhal,Uttarakhand,48,Champawat,29.44911111,79.882,2025-07-31,3.0,2.0,3,2025,7,212,3.0,3.0,3.0,0.0,3.0,2.0,2.0,2.0,3,3.0,12.166666666666666,10.0,11.3,11.3,36.5,40.0,56.5,56.5,27.5,27.5,27.5,27.5,4.5,6.5,11.740244176904216,10.57473403920874,4.0,5.0,champawat,NORMAL,0.0,0.0,,,,,,,,,,,,,,,,NORMAL,0.989812091503268,98.98,EXTREME
6971,Haldwani_1,Uttarakhand,51,Nainital,29.214725,79.52400278,2025-08-01,20.0,4.0,11,2025,8,213,20.0,20.0,20.0,0.0,20.0,4.0,4.0,4.0,11,11.0,22.75,21.6,28.571428571428573,23.75,45.5,108.0,200.0,332.5,25.5,57.5,79.0,79.0,47.5,47.5,22.606415018750763,23.514929791026876,5.0,14.0,nainital,NORMAL,0.0,0.0,,,,,,,,,,,,,,,,NORMAL,0.9784866946778711,97.85,EXTREME
6974,Gadarpur,Uttarakhand,56,UDHAM SINGH NAGAR,29.04324167,79.24461944,2025-08-01,1.0,1.0,1,2025,8,213,1.0,1.0,1.0,0.0,1.0,1.0,1.0,1.0,1,1.0,3.6666666666666665,5.0,5.9375,9.705882352941176,11.0,30.0,47.5,165.0,9.5,15.5,16.5,38.0,11.0,16.0,6.180614856144977,10.208848526415409,6.0,17.0,udham singh nagar,NORMAL,0.0,0.0,,,,,,,,,,,,,,,,NORMAL,0.978419718013468,97.84,EXTREME
6975,Tumaria,Uttarakhand,56,UDHAM SINGH NAGAR,29.30704722,78.93133056,2025-08-01,33.5,12.5,7,2025,8,213,33.5,33.5,33.5,0.0,33.5,12.5,12.5,12.5,7,7.0,12.666666666666666,9.75,8.0,8.0,38.0,39.0,40.0,40.0,33.5,33.5,33.5,33.5,12.5,12.5,15.856123948388731,14.278480311293636,4.0,5.0,udham singh nagar,NORMAL,0.0,0.0,,,,,,,,,,,,,,,,NORMAL,0.9907833543771045,99.08,EXTREME
6965,Champawat_1,Uttarakhand,48,Champawat,29.33341667,80.08469444,2025-08-01,0.5,0.5,1,2025,8,213,0.5,0.5,0.5,0.0,0.5,0.5,0.5,0.5,1,1.0,5.75,19.875,16.0,16.0,11.5,79.5,80.0,80.0,11.0,38.5,38.5,38.5,20.0,20.0,17.259659131435168,17.277152543170995,4.0,5.0,champawat,NORMAL,0.0,0.0,,,,,,,,,,,,,,,,NORMAL,0.9933759469696971,99.34,EXTREME
6970,Roorkee_2,Uttarakhand,50,Haridwar,29.86771944,77.88415556,2025-08-01,2.5,2.5,1,2025,8,213,2.5,2.5,2.5,0.0,2.5,2.5,2.5,2.5,1,1.0,11.833333333333334,15.2,18.214285714285715,14.75,35.5,76.0,127.5,177.0,18.0,37.5,44.0,44.0,21.0,30.0,14.276729317319145,15.385205408266277,5.0,12.0,haridwar,NORMAL,0.0,0.0,,,,,,,,,,,,,,,,NORMAL,0.993780972037938,99.38,EXTREME
6966,Danda_1,Uttarakhand,48,Champawat,29.15927778,80.10852778,2025-08-01,13.0,10.5,3,2025,8,213,13.0,13.0,13.0,0.0,13.0,10.5,10.5,10.5,3,3.0,12.666666666666666,28.83333333333333,25.95,19.194444444444443,38.0,173.0,259.5,345.5,15.0,68.5,68.5,68.5,47.0,47.0,21.956016639332976,19.28359474122476,6.0,18.0,champawat,NORMAL,0.0,0.0,,,,,,,,,,,,,,,,NORMAL,0.988329991645781,98.83,EXTREME
6972,Dharchula_1,Uttarakhand,53,Pithoragarh,29.84825,80.54047222,2025-08-01,0.5,0.5,1,2025,8,213,0.5,0.5,0.5,0.0,0.5,0.5,0.5,0.5,1,1.0,1.3333333333333333,3.9166666666666665,5.681818181818182,10.681818181818182,4.0,23.5,62.5,235.0,2.0,9.0,18.0,68.0,1.5,18.0,3.625143675313701,14.766875297794252,6.0,22.0,pithoragarh,NORMAL,0.0,0.0,,,,,,,,,,,,,,,,NORMAL,0.988441102756892,98.84,EXTREME
6963,Kapkot (Saryu),Uttarakhand,46,Bageshwar,29.94516667,79.9025,2025-08-01,0.5,0.5,1,2025,8,213,0.5,0.5,0.5,0.0,0.5,0.5,0.5,0.5,1,1.0,3.333333333333333,20.08333333333333,24.83333333333333,24.045454545454547,10.0,120.5,223.5,529.0,7.0,93.5,93.5,137.5,32.5,74.5,36.315859712619606,33.759270011188214,6.0,22.0,bageshwar,NORMAL,0.0,0.0,,,,,,,,,,,,,,,,NORMAL,0.9907610888261608,99.08,EXTREME
6968,Yamuna Colony,Uttarakhand,49,Dehradun,30.33775278,78.03311667,2025-08-01,8.0,1.5,7,2025,8,213,8.0,8.0,8.0,0.0,8.0,1.5,1.5,1.5,7,7.0,14.166666666666666,22.166666666666668,22.166666666666668,22.166666666666668,42.5,133.0,133.0,133.0,32.5,86.0,86.0,86.0,29.5,29.5,33.43152205130162,33.43152205130162,6.0,6.0,dehradun,NORMAL,0.0,0.0,,,,,,,,,,,,,,,,NORMAL,0.9972222222222222,99.72,EXTREME
6967,Chakrata,Uttarakhand,49,Dehradun,30.76115556,77.86502778,2025-08-01,0.5,0.5,1,2025,8,213,0.5,0.5,0.5,0.0,0.5,0.5,0.5,0.5,1,1.0,0.75,0.75,0.6666666666666666,0.6111111111111112,1.5,1.5,2.0,5.5,1.0,1.0,1.0,1.0,0.5,0.5,0.3535533905932738,0.2204792759215992,2.0,9.0,dehradun,NORMAL,0.0,0.0,,,,,,,,,,,,,,,,NORMAL,0.9884966583124478,98.85,EXTREME
6964,Nandprayag (Nandakini),Uttarakhand,47,Chamoli,30.33122222,79.31063889,2025-08-01,3.0,1.5,4,2025,8,213,3.0,3.0,3.0,0.0,3.0,1.5,1.5,1.5,4,4.0,1.8333333333333333,2.833333333333333,6.65,4.666666666666667,5.5,17.0,66.5,70.0,3.0,10.0,29.0,29.0,1.5,7.0,3.614784456460257,8.017094830660888,6.0,15.0,chamoli,NORMAL,0.0,0.0,,,,,,,,,,,,,,,,NORMAL,0.9959411027568922,99.59,EXTREME
6973,Basukedar,Uttarakhand,54,Rudraprayag,30.43919444,79.05633333,2025-08-01,18.5,14.0,5,2025,8,213,18.5,18.5,18.5,0.0,18.5,14.0,14.0,14.0,5,5.0,13.5,10.416666666666666,8.0,9.11111111111111,40.5,62.5,64.0,82.0,20.5,20.5,20.5,20.5,14.0,18.0,8.896160220379725,8.838049055708586,6.0,9.0,rudraprayag,NORMAL,0.0,1.0,,,,,,,,,,,,,,,,NORMAL,0.9972744360902255,99.73,EXTREME
6969,Manglaur_1,Uttarakhand,50,Haridwar,29.78567778,77.86368889,2025-08-01,1.0,0.5,2,2025,8,213,1.0,1.0,1.0,0.0,1.0,0.5,0.5,0.5,2,2.0,6.5,5.125,4.2,4.2,19.5,20.5,21.0,21.0,17.0,17.0,17.0,17.0,9.5,9.5,7.920174661373742,7.164146843832837,4.0,5.0,haridwar,NORMAL,0.0,0.0,,,,,,,,,,,,,,,,NORMAL,0.9766898048124123,97.67,EXTREME
6984,Dugadda (Khoh),Uttarakhand,52,PAURI GARHWAL,29.75108333,78.52341667,2025-08-02,0.5,0.5,1,2025,8,214,0.5,0.5,0.5,0.0,0.5,0.5,0.5,0.5,1,1.0,0.5,1.75,1.1,0.875,0.5,3.5,5.5,7.0,0.5,3.0,3.0,3.0,0.5,0.5,1.7677669529663689,0.8762745818846642,2.0,8.0,pauri garhwal,NORMAL,0.0,0.0,,,,,,,,,,,,,,,,NORMAL,0.980895902389412,98.09,EXTREME
6983,Haldwani_1,Uttarakhand,51,Nainital,29.214725,79.52400278,2025-08-02,23.0,20.0,4,2025,8,214,23.0,23.0,23.0,0.0,23.0,20.0,20.0,20.0,4,4.0,22.83333333333333,21.83333333333333,27.875,24.535714285714285,68.5,131.0,223.0,343.5,25.5,57.5,79.0,79.0,47.5,47.5,20.227868564598364,23.27466787808507,6.0,14.0,nainital,NORMAL,0.0,0.0,,,,,,,,,,,,,,,,NORMAL,1.0,100.0,EXTREME
6986,Basukedar,Uttarakhand,54,Rudraprayag,30.43919444,79.05633333,2025-08-02,15.5,11.5,5,2025,8,214,15.5,15.5,15.5,0.0,15.5,11.5,11.5,11.5,5,5.0,18.166666666666668,11.142857142857142,8.833333333333334,9.75,54.5,78.0,79.5,97.5,20.5,20.5,20.5,20.5,14.0,18.0,8.345229603962801,8.574024077928005,7.0,10.0,rudraprayag,NORMAL,0.0,1.0,,,,,,,,,,,,,,,,NORMAL,0.9749898717183201,97.5,EXTREME
6977,Baijnath (Gomti),Uttarakhand,46,Bageshwar,29.90822222,79.61769444,2025-08-02,0.5,0.5,1,2025,8,214,0.5,0.5,0.5,0.0,0.5,0.5,0.5,0.5,1,1.0,0.5,8.9,14.375,11.25,1.0,44.5,115.0,180.0,0.5,21.5,55.5,55.5,5.5,14.0,8.898033490609006,16.243973241379972,5.0,16.0,bageshwar,NORMAL,0.0,0.0,,,,,,,,,,,,,,,,NORMAL,0.990940934065934,99.09,EXTREME
6976,Lamgara,Uttarakhand,45,Almora,29.53866667,79.74994444,2025-08-02,0.5,0.5,1,2025,8,214,0.5,0.5,0.5,0.0,0.5,0.5,0.5,0.5,1,1.0,0.5,0.5,0.5,0.5,1.0,1.5,2.0,2.5,0.5,0.5,0.5,0.5,0.5,0.5,0.0,1.838271288793583e-07,3.0,5.0,almora,NORMAL,0.0,0.0,,,,,,,,,,,,,,,,NORMAL,0.9678201790357355,96.78,EXTREME
6985,Dharchula_1,Uttarakhand,53,Pithoragarh,29.84825,80.54047222,2025-08-02,1.0,0.5,2,2025,8,214,1.0,1.0,1.0,0.0,1.0,0.5,0.5,0.5,2,2.0,1.0,3.5,5.291666666666667,7.636363636363637,3.0,24.5,63.5,168.0,1.5,9.0,18.0,31.0,1.5,18.0,3.488074922742757,7.507427779304431,7.0,22.0,pithoragarh,NORMAL,0.0,0.0,,,,,,,,,,,,,,,,NORMAL,0.9598209932826033,95.98,EXTREME
6982,Yamuna Colony,Uttarakhand,49,Dehradun,30.33775278,78.03311667,2025-08-02,9.5,3.5,4,2025,8,214,9.5,9.5,9.5,0.0,9.5,3.5,3.5,3.5,4,4.0,6.5,20.357142857142858,20.357142857142858,20.357142857142858,19.5,142.5,142.5,142.5,9.5,86.0,86.0,86.0,29.5,29.5,30.891900618277333,30.891900618277333,7.0,7.0,dehradun,NORMAL,0.0,0.0,,,,,,,,,,,,,,,,NORMAL,0.9553873890361811,95.54,EXTREME
6987,Guptkashi_1,Uttarakhand,54,Rudraprayag,30.52863889,79.08508333,2025-08-02,40.5,10.5,8,2025,8,214,40.5,40.5,40.5,0.0,40.5,10.5,10.5,10.5,8,8.0,40.5,20.5,10.625,7.25,40.5,41.0,42.5,43.5,40.5,40.5,40.5,40.5,10.5,10.5,28.284271247461906,16.29033455764491,2.0,6.0,rudraprayag,NORMAL,0.0,1.0,,,,,,,,,,,,,,,,LANDSLIDE,0.8745797561010723,87.46,EXTREME
6979,Danda_1,Uttarakhand,48,Champawat,29.15927778,80.10852778,2025-08-02,2.5,1.5,3,2025,8,214,2.5,2.5,2.5,0.0,2.5,1.5,1.5,1.5,3,3.0,10.166666666666666,25.071428571428573,23.818181818181817,18.88888888888889,30.5,175.5,262.0,340.0,15.0,68.5,68.5,68.5,47.0,47.0,22.378241983804585,19.51361180693196,7.0,18.0,champawat,NORMAL,0.0,0.0,,,,,,,,,,,,,,,,NORMAL,0.6527997861281036,65.28,VERY HIGH
6989,Kempty,Uttarakhand,55,Tehri Garhwal,30.49075,78.04738889,2025-08-02,0.5,0.5,1,2025,8,214,0.5,0.5,0.5,0.0,0.5,0.5,0.5,0.5,1,1.0,0.5,0.5,0.5,0.5,0.5,1.0,1.5,2.5,0.5,0.5,0.5,0.5,0.5,0.5,0.0,0.0,2.0,5.0,tehri garhwal,NORMAL,0.0,0.0,,,,,,,,,,,,,,,,NORMAL,0.9023312800761936,90.23,EXTREME
6980,Rithakhal,Uttarakhand,48,Champawat,29.44911111,79.882,2025-08-02,5.5,3.0,2,2025,8,214,5.5,5.5,5.5,0.0,5.5,3.0,3.0,3.0,2,2.0,4.25,9.1,10.333333333333334,10.333333333333334,8.5,45.5,62.0,62.0,5.5,27.5,27.5,27.5,4.5,6.5,10.364603224436523,9.750213672872338,5.0,6.0,champawat,NORMAL,0.0,0.0,,,,,,,,,,,,,,,,NORMAL,0.9136871278793419,91.37,EXTREME
6978,Kapkot (Saryu),Uttarakhand,46,Bageshwar,29.94516667,79.9025,2025-08-02,26.5,11.5,6,2025,8,214,26.5,26.5,26.5,0.0,26.5,11.5,11.5,11.5,6,6.0,9.833333333333334,21.0,25.0,23.295454545454547,29.5,147.0,250.0,512.5,26.5,93.5,93.5,137.5,32.5,74.5,33.24028680181126,33.50041189899906,7.0,22.0,bageshwar,NORMAL,0.0,0.0,,,,,,,,,,,,,,,,NORMAL,0.7633139305468315,76.33,VERY HIGH
6991,Joshiyara,Uttarakhand,57,Uttarkashi,30.73122222,78.42733333,2025-08-02,2.5,2.5,1,2025,8,214,2.5,2.5,2.5,0.0,2.5,2.5,2.5,2.5,1,1.0,2.5,2.5,2.5,2.5,2.5,2.5,2.5,2.5,2.5,2.5,2.5,2.5,2.5,2.5,0.0,0.0,1.0,1.0,uttarkashi,NORMAL,0.0,0.0,,,,,,,,,,,,,,,,NORMAL,0.6703357884347999,67.03,VERY HIGH
6988,Sonprayag_1,Uttarakhand,54,Rudraprayag,30.63547222,78.99941667,2025-08-02,0.5,0.5,1,2025,8,214,0.5,0.5,0.5,0.0,0.5,0.5,0.5,0.5,1,1.0,0.5,0.5,0.5,0.5,0.5,0.5,0.5,0.5,0.5,0.5,0.5,0.5,0.5,0.5,0.0,0.0,1.0,1.0,rudraprayag,NORMAL,0.0,1.0,,,,,,,,,,,,,,,,NORMAL,0.5187182695222625,51.87,HIGH
6990,Tumaria,Uttarakhand,56,UDHAM SINGH NAGAR,29.30704722,78.93133056,2025-08-02,9.0,5.0,4,2025,8,214,9.0,9.0,9.0,0.0,9.0,5.0,5.0,5.0,4,4.0,15.166666666666666,9.6,8.166666666666666,8.166666666666666,45.5,48.0,49.0,49.0,33.5,33.5,33.5,33.5,12.5,12.5,13.735901863365216,12.777584539601634,5.0,6.0,udham singh nagar,NORMAL,0.0,0.0,,,,,,,,,,,,,,,,NORMAL,0.6204048527264213,62.04,VERY HIGH
6981,Chakrata,Uttarakhand,49,Dehradun,30.76115556,77.86502778,2025-08-02,1.5,0.5,3,2025,8,214,1.5,1.5,1.5,0.0,1.5,0.5,0.5,0.5,3,3.0,1.0,1.0,0.875,0.7,2.0,3.0,3.5,7.0,1.5,1.5,1.5,1.5,0.5,0.5,0.5,0.3496029493897994,3.0,10.0,dehradun,NORMAL,0.0,0.0,,,,,,,,,,,,,,,,LANDSLIDE,0.5251776899246207,52.52,HIGH
7010,Joshiyara,Uttarakhand,57,Uttarkashi,30.73122222,78.42733333,2025-08-03,15.0,9.5,2,2025,8,215,15.0,15.0,15.0,0.0,15.0,9.5,9.5,9.5,2,2.0,8.75,8.75,8.75,8.75,17.5,17.5,17.5,17.5,15.0,15.0,15.0,15.0,9.5,9.5,8.838834764831844,8.838834764831844,2.0,2.0,uttarkashi,NORMAL,0.0,0.0,,,,,,,,,,,,,,,,NORMAL,0.7283752161387156,72.84,VERY HIGH
7003,Roorkee_2,Uttarakhand,50,Haridwar,29.86771944,77.88415556,2025-08-03,4.5,3.0,2,2025,8,215,4.5,4.5,4.5,0.0,4.5,3.0,3.0,3.0,2,2.0,3.5,13.416666666666666,16.5,13.961538461538462,7.0,80.5,132.0,181.5,4.5,37.5,44.0,44.0,21.0,30.0,13.495987057887492,15.002029777196745,6.0,13.0,haridwar,NORMAL,0.0,0.0,,,,,,,,,,,,,,,,NORMAL,0.8034109689419113,80.34,EXTREME
7002,Manglaur_1,Uttarakhand,50,Haridwar,29.78567778,77.86368889,2025-08-03,6.5,3.5,5,2025,8,215,6.5,6.5,6.5,0.0,6.5,3.5,3.5,3.5,5,5.0,3.75,5.4,4.583333333333333,4.583333333333333,7.5,27.0,27.5,27.5,6.5,17.0,17.0,17.0,9.5,9.5,6.886581154680456,6.476238620269228,5.0,6.0,haridwar,NORMAL,0.0,0.0,,,,,,,,,,,,,,,,NORMAL,0.7910523888270447,79.11,VERY HIGH
6999,Chakrata,Uttarakhand,49,Dehradun,30.76115556,77.86502778,2025-08-03,1.5,1.5,1,2025,8,215,1.5,1.5,1.5,0.0,1.5,1.5,1.5,1.5,1,1.0,1.1666666666666667,1.125,1.0,0.7727272727272727,3.5,4.5,5.0,8.5,1.5,1.5,1.5,1.5,1.5,1.5,0.478713553878169,0.4100997661321703,4.0,11.0,dehradun,NORMAL,0.0,0.0,,,,,,,,,,,,,,,,NORMAL,0.8526496935693036,85.26,EXTREME
6995,Nandprayag (Nandakini),Uttarakhand,47,Chamoli,30.33122222,79.31063889,2025-08-03,2.5,1.0,4,2025,8,215,2.5,2.5,2.5,0.0,2.5,1.0,1.0,1.0,4,4.0,2.75,3.1666666666666665,6.8,4.53125,5.5,19.0,68.0,72.5,3.0,10.0,29.0,29.0,1.5,7.0,3.4448028487370173,7.764167158598961,6.0,16.0,chamoli,NORMAL,0.0,0.0,,,,,,,,,,,,,,,,NORMAL,0.738059943667101,73.81,VERY HIGH
6998,Tanakpur_1,Uttarakhand,48,Champawat,29.07222222,80.1175,2025-08-03,0.5,0.5,1,2025,8,215,0.5,0.5,0.5,0.0,0.5,0.5,0.5,0.5,1,1.0,0.5,0.5,0.5,0.5,0.5,0.5,0.5,0.5,0.5,0.5,0.5,0.5,0.5,0.5,0.0,0.0,1.0,1.0,champawat,NORMAL,0.0,0.0,,,,,,,,,,,,,,,,NORMAL,0.7348070322188862,73.48,VERY HIGH
7008,Gadarpur,Uttarakhand,56,UDHAM SINGH NAGAR,29.04324167,79.24461944,2025-08-03,1.5,0.5,3,2025,8,215,1.5,1.5,1.5,0.0,1.5,0.5,0.5,0.5,3,3.0,1.25,2.6666666666666665,5.444444444444445,8.558823529411764,2.5,16.0,49.0,145.5,1.5,9.5,16.5,38.0,5.5,16.0,3.473710792030141,9.952829925674994,6.0,17.0,udham singh nagar,NORMAL,0.0,0.0,,,,,,,,,,,,,,,,NORMAL,0.8916687575177212,89.17,EXTREME
7004,Haldwani_1,Uttarakhand,51,Nainital,29.214725,79.52400278,2025-08-03,179.0,57.0,16,2025,8,215,179.0,179.0,179.0,0.0,179.0,57.0,57.0,57.0,16,16.0,74.0,42.083333333333336,48.625,34.833333333333336,222.0,252.5,389.0,522.5,179.0,179.0,179.0,179.0,57.0,57.0,67.84498261969463,45.756212172566826,6.0,15.0,nainital,NORMAL,0.0,0.0,,,,,,,,,,,,,,,,NORMAL,0.8630335704487423,86.3,EXTREME
6992,Lamgara,Uttarakhand,45,Almora,29.53866667,79.74994444,2025-08-03,0.5,0.5,1,2025,8,215,0.5,0.5,0.5,0.0,0.5,0.5,0.5,0.5,1,1.0,0.5,0.5,0.5,0.5,1.0,2.0,2.5,3.0,0.5,0.5,0.5,0.5,0.5,0.5,0.0,1.6441998251314394e-07,4.0,6.0,almora,NORMAL,0.0,0.0,,,,,,,,,,,,,,,,NORMAL,0.8935136355399604,89.35,EXTREME
6993,Baijnath (Gomti),Uttarakhand,46,Bageshwar,29.90822222,79.61769444,2025-08-03,0.5,0.5,1,2025,8,215,0.5,0.5,0.5,0.0,0.5,0.5,0.5,0.5,1,1.0,0.5,7.2,14.25,8.6875,1.0,36.0,114.0,139.0,0.5,21.5,55.5,55.5,5.5,14.0,9.65401470891771,14.267533073380346,5.0,16.0,bageshwar,NORMAL,0.0,0.0,,,,,,,,,,,,,,,,NORMAL,0.8725387909601775,87.25,EXTREME
7007,Guptkashi_1,Uttarakhand,54,Rudraprayag,30.52863889,79.08508333,2025-08-03,34.5,9.5,12,2025,8,215,34.5,34.5,34.5,0.0,34.5,9.5,9.5,9.5,12,12.0,37.5,37.5,15.4,11.142857142857142,75.0,75.0,77.0,78.0,40.5,40.5,40.5,40.5,10.5,10.5,4.242640687119285,18.08939441983038,2.0,7.0,rudraprayag,NORMAL,0.0,1.0,,,,,,,,,,,,,,,,NORMAL,0.7897194714036331,78.97,VERY HIGH
7005,Dugadda (Khoh),Uttarakhand,52,PAURI GARHWAL,29.75108333,78.52341667,2025-08-03,0.5,0.5,1,2025,8,215,0.5,0.5,0.5,0.0,0.5,0.5,0.5,0.5,1,1.0,0.5,1.3333333333333333,1.1,0.8333333333333334,1.0,4.0,5.5,7.5,0.5,3.0,3.0,3.0,0.5,0.5,1.4433756729740643,0.8291561975888501,3.0,9.0,pauri garhwal,NORMAL,0.0,0.0,,,,,,,,,,,,,,,,NORMAL,0.8369661183821226,83.7,EXTREME
7009,Tumaria,Uttarakhand,56,UDHAM SINGH NAGAR,29.30704722,78.93133056,2025-08-03,35.0,12.5,8,2025,8,215,35.0,35.0,35.0,0.0,35.0,12.5,12.5,12.5,8,8.0,25.83333333333333,16.4,12.0,12.0,77.5,82.0,84.0,84.0,35.0,35.0,35.0,35.0,12.5,12.5,16.543125460444287,15.456929406148772,5.0,7.0,udham singh nagar,NORMAL,0.0,0.0,,,,,,,,,,,,,,,,NORMAL,0.730301166488019,73.03,VERY HIGH
6994,Kapkot (Saryu),Uttarakhand,46,Bageshwar,29.94516667,79.9025,2025-08-03,32.0,11.5,8,2025,8,215,32.0,32.0,32.0,0.0,32.0,11.5,11.5,11.5,8,8.0,19.666666666666668,12.214285714285714,27.3,24.40909090909091,59.0,85.5,273.0,537.0,32.0,32.0,93.5,137.5,11.5,74.5,12.609048149566886,33.35724250752194,7.0,22.0,bageshwar,NORMAL,0.0,0.0,,,,,,,,,,,,,,,,NORMAL,0.8488936527698995,84.89,EXTREME
6997,Rithakhal,Uttarakhand,48,Champawat,29.44911111,79.882,2025-08-03,2.0,1.0,3,2025,8,215,2.0,2.0,2.0,0.0,2.0,1.0,1.0,1.0,3,3.0,3.75,7.916666666666667,9.142857142857142,9.142857142857142,7.5,47.5,64.0,64.0,5.5,27.5,27.5,27.5,4.5,6.5,9.71296384563778,9.44154950963332,6.0,7.0,champawat,NORMAL,0.0,0.0,,,,,,,,,,,,,,,,NORMAL,0.8111217052486709,81.11,EXTREME
6996,Champawat_1,Uttarakhand,48,Champawat,29.33341667,80.08469444,2025-08-03,1.0,0.5,2,2025,8,215,1.0,1.0,1.0,0.0,1.0,0.5,0.5,0.5,2,2.0,0.75,10.5,13.5,13.5,1.5,42.0,81.0,81.0,1.0,29.5,38.5,38.5,9.5,20.0,13.558515159608492,16.622274212634082,4.0,6.0,champawat,NORMAL,0.0,0.0,,,,,,,,,,,,,,,,NORMAL,0.6823883568058405,68.24,VERY HIGH
7006,Srinagar_2,Uttarakhand,52,PAURI GARHWAL,30.23581944,78.81720278,2025-08-03,4.0,2.5,2,2025,8,215,4.0,4.0,4.0,0.0,4.0,2.5,2.5,2.5,2,2.0,4.0,12.6,15.5,12.958333333333334,4.0,63.0,108.5,155.5,4.0,31.0,42.5,42.5,21.5,29.0,11.409425927714333,13.963358435128663,5.0,12.0,pauri garhwal,NORMAL,0.0,0.0,,,,,,,,,,,,,,,,NORMAL,0.6978302403908198,69.78,VERY HIGH
7001,Khanpur_5,Uttarakhand,50,Haridwar,29.641375,78.00678611,2025-08-03,0.5,0.5,1,2025,8,215,0.5,0.5,0.5,0.0,0.5,0.5,0.5,0.5,1,1.0,0.5,1.25,1.0,2.7,0.5,2.5,3.0,13.5,0.5,2.0,2.0,7.5,1.0,7.5,1.0606601717798212,2.8853076092506824,2.0,5.0,haridwar,NORMAL,0.0,0.0,,,,,,,,,,,,,,,,NORMAL,0.6220426162658216,62.2,VERY HIGH
7000,Yamuna Colony,Uttarakhand,49,Dehradun,30.33775278,78.03311667,2025-08-03,16.0,12.0,4,2025,8,215,16.0,16.0,16.0,0.0,16.0,12.0,12.0,12.0,4,4.0,11.166666666666666,22.071428571428573,19.8125,19.8125,33.5,154.5,158.5,158.5,16.0,86.0,86.0,86.0,29.5,29.5,30.157128194713447,28.64179949953264,7.0,8.0,dehradun,NORMAL,0.0,0.0,,,,,,,,,,,,,,,,NORMAL,0.6666256355746129,66.66,VERY HIGH
7019,Chakrata,Uttarakhand,49,Dehradun,30.76115556,77.86502778,2025-08-04,4.5,1.5,5,2025,8,216,4.5,4.5,4.5,0.0,4.5,1.5,1.5,1.5,5,5.0,2.5,1.8,1.8,1.0833333333333333,7.5,9.0,9.0,13.0,4.5,4.5,4.5,4.5,1.5,1.5,1.5652475842498528,1.1448170424159136,5.0,12.0,dehradun,NORMAL,0.0,0.0,,,,,,,,,,,,,,,,NORMAL,0.5937690725803494,59.38,HIGH
7021,Manglaur_1,Uttarakhand,50,Haridwar,29.78567778,77.86368889,2025-08-04,2.0,0.5,4,2025,8,216,2.0,2.0,2.0,0.0,2.0,0.5,0.5,0.5,4,4.0,4.25,4.833333333333333,4.214285714285714,4.214285714285714,8.5,29.0,29.5,29.5,6.5,17.0,17.0,17.0,9.5,9.5,6.314005596027506,5.992058236095666,6.0,7.0,haridwar,NORMAL,0.0,0.0,,,,,,,,,,,,,,,,NORMAL,0.6732476669773914,67.32,VERY HIGH
7027,Basukedar,Uttarakhand,54,Rudraprayag,30.43919444,79.05633333,2025-08-04,1.0,0.5,2,2025,8,216,1.0,1.0,1.0,0.0,1.0,0.5,0.5,0.5,2,2.0,8.25,12.166666666666666,8.05,8.954545454545455,16.5,73.0,80.5,98.5,15.5,20.5,20.5,20.5,14.0,18.0,8.646772037394454,8.551182799632313,6.0,11.0,rudraprayag,NORMAL,0.0,1.0,,,,,,,,,,,,,,,,NORMAL,0.668454611572712,66.85,VERY HIGH
7017,Danda_1,Uttarakhand,48,Champawat,29.15927778,80.10852778,2025-08-04,20.0,17.0,3,2025,8,216,20.0,20.0,20.0,0.0,20.0,17.0,17.0,17.0,3,3.0,11.25,15.5,23.3,19.916666666666668,22.5,93.0,233.0,358.5,20.0,32.5,68.5,68.5,17.0,47.0,10.148891565092208,19.02494492532804,6.0,18.0,champawat,NORMAL,0.0,0.0,,,,,,,,,,,,,,,,NORMAL,0.7533322425389903,75.33,VERY HIGH
7028,Guptkashi_1,Uttarakhand,54,Rudraprayag,30.52863889,79.08508333,2025-08-04,40.5,7.0,18,2025,8,216,40.5,40.5,40.5,0.0,40.5,7.0,7.0,7.0,18,18.0,38.5,38.5,19.58333333333333,14.8125,115.5,115.5,117.5,118.5,40.5,40.5,40.5,40.5,10.5,10.5,3.4641016151377544,19.703040918309323,3.0,8.0,rudraprayag,NORMAL,0.0,1.0,,,,,,,,,,,,,,,,NORMAL,0.7626448074516612,76.26,VERY HIGH
7018,Rithakhal,Uttarakhand,48,Champawat,29.44911111,79.882,2025-08-04,7.0,3.0,7,2025,8,216,7.0,7.0,7.0,0.0,7.0,3.0,3.0,3.0,7,7.0,4.833333333333333,8.5,8.875,8.875,14.5,51.0,71.0,71.0,7.0,27.5,27.5,27.5,4.5,6.5,9.497368056467012,8.773946823245675,6.0,8.0,champawat,NORMAL,0.0,0.0,,,,,,,,,,,,,,,,NORMAL,0.7650565607287192,76.51,VERY HIGH
7026,Dharchula_1,Uttarakhand,53,Pithoragarh,29.84825,80.54047222,2025-08-04,0.5,0.5,1,2025,8,216,0.5,0.5,0.5,0.0,0.5,0.5,0.5,0.5,1,1.0,0.75,2.25,4.545454545454546,6.977272727272728,1.5,13.5,50.0,153.5,1.0,8.0,18.0,31.0,1.0,18.0,2.8766299727285527,7.4665560249996705,6.0,22.0,pithoragarh,NORMAL,0.0,0.0,,,,,,,,,,,,,,,,NORMAL,0.7398948669346211,73.99,VERY HIGH
7012,Baijnath (Gomti),Uttarakhand,46,Bageshwar,29.90822222,79.61769444,2025-08-04,24.0,14.5,5,2025,8,216,24.0,24.0,24.0,0.0,24.0,14.5,14.5,14.5,5,5.0,8.333333333333334,10.0,10.3125,9.588235294117649,25.0,60.0,82.5,163.0,24.0,24.0,24.0,55.5,14.5,14.5,11.02723900167216,14.304976509633924,6.0,17.0,bageshwar,NORMAL,0.0,0.0,,,,,,,,,,,,,,,,NORMAL,0.8581539060617331,85.82,EXTREME
7031,Sitarganj_1,Uttarakhand,56,UDHAM SINGH NAGAR,28.92971389,79.703,2025-08-04,2.5,1.5,2,2025,8,216,2.5,2.5,2.5,0.0,2.5,1.5,1.5,1.5,2,2.0,2.5,1.75,7.333333333333333,7.333333333333333,2.5,3.5,22.0,22.0,2.5,2.5,18.5,18.5,1.5,9.0,1.0606601717798212,9.699656351300977,2.0,3.0,udham singh nagar,NORMAL,0.0,0.0,,,,,,,,,,,,,,,,NORMAL,0.7438599128161467,74.39,VERY HIGH
7016,Champawat_1,Uttarakhand,48,Champawat,29.33341667,80.08469444,2025-08-04,10.5,4.5,6,2025,8,216,10.5,10.5,10.5,0.0,10.5,4.5,4.5,4.5,6,6.0,5.75,10.5,13.071428571428571,13.071428571428571,11.5,52.5,91.5,91.5,10.5,29.5,38.5,38.5,9.5,20.0,11.74201856581738,15.21629765369074,5.0,7.0,champawat,NORMAL,0.0,0.0,,,,,,,,,,,,,,,,NORMAL,0.8420260775311071,84.2,EXTREME
7024,Dugadda (Khoh),Uttarakhand,52,PAURI GARHWAL,29.75108333,78.52341667,2025-08-04,1.0,0.5,2,2025,8,216,1.0,1.0,1.0,0.0,1.0,0.5,0.5,0.5,2,2.0,0.6666666666666666,0.6666666666666666,1.2,0.85,2.0,2.0,6.0,8.5,1.0,1.0,3.0,3.0,0.5,0.5,0.2886751345948129,0.7835106182362107,3.0,10.0,pauri garhwal,NORMAL,0.0,0.0,,,,,,,,,,,,,,,,NORMAL,0.8901331887827829,89.01,EXTREME
7014,Khati_1,Uttarakhand,46,Bageshwar,30.11019722,79.94055833,2025-08-04,0.5,0.5,1,2025,8,216,0.5,0.5,0.5,0.0,0.5,0.5,0.5,0.5,1,1.0,0.5,0.5,0.75,0.625,0.5,0.5,1.5,2.5,0.5,0.5,1.0,1.0,0.5,0.5,0.0,0.25,1.0,4.0,bageshwar,NORMAL,0.0,0.0,,,,,,,,,,,,,,,,NORMAL,0.8975862855549672,89.76,EXTREME
7032,Tumaria,Uttarakhand,56,UDHAM SINGH NAGAR,29.30704722,78.93133056,2025-08-04,15.5,5.5,10,2025,8,216,15.5,15.5,15.5,0.0,15.5,5.5,5.5,5.5,10,10.0,19.83333333333333,16.25,12.4375,12.4375,59.5,97.5,99.5,99.5,35.0,35.0,35.0,35.0,12.5,12.5,14.801182385201528,14.36373782431698,6.0,8.0,udham singh nagar,NORMAL,0.0,0.0,,,,,,,,,,,,,,,,NORMAL,0.8921422061708878,89.21,EXTREME
7033,Joshiyara,Uttarakhand,57,Uttarkashi,30.73122222,78.42733333,2025-08-04,45.5,19.0,5,2025,8,216,45.5,45.5,45.5,0.0,45.5,19.0,19.0,19.0,5,5.0,21.0,21.0,21.0,21.0,63.0,63.0,63.0,63.0,45.5,45.5,45.5,45.5,19.0,19.0,22.118996360594664,22.118996360594664,3.0,3.0,uttarkashi,NORMAL,0.0,0.0,,,,,,,,,,,,,,,,NORMAL,0.9165634965028708,91.66,EXTREME
7029,Kempty,Uttarakhand,55,Tehri Garhwal,30.49075,78.04738889,2025-08-04,0.5,0.5,1,2025,8,216,0.5,0.5,0.5,0.0,0.5,0.5,0.5,0.5,1,1.0,0.5,0.5,0.5,0.5,1.0,1.0,1.5,3.0,0.5,0.5,0.5,0.5,0.5,0.5,0.0,0.0,2.0,6.0,tehri garhwal,NORMAL,0.0,0.0,,,,,,,,,,,,,,,,NORMAL,0.8083849742836396,80.84,EXTREME
7013,Kapkot (Saryu),Uttarakhand,46,Bageshwar,29.94516667,79.9025,2025-08-04,20.5,9.0,9,2025,8,216,20.5,20.5,20.5,0.0,20.5,9.0,9.0,9.0,9,9.0,26.33333333333333,14.785714285714286,26.0,25.09090909090909,79.0,103.5,260.0,552.0,32.0,32.0,93.5,137.5,11.5,74.5,12.123864698935574,33.10468114058666,7.0,22.0,bageshwar,NORMAL,0.0,0.0,,,,,,,,,,,,,,,,NORMAL,0.8974292319775812,89.74,EXTREME
7023,Haldwani_1,Uttarakhand,51,Nainital,29.214725,79.52400278,2025-08-04,43.5,28.0,6,2025,8,216,43.5,43.5,43.5,0.0,43.5,28.0,28.0,28.0,6,6.0,81.83333333333333,49.25,44.1875,35.375,245.5,295.5,353.5,566.0,179.0,179.0,179.0,179.0,57.0,57.0,64.77557410011893,44.25776767980961,6.0,16.0,nainital,NORMAL,0.0,0.0,,,,,,,,,,,,,,,,NORMAL,0.9334131767918014,93.34,EXTREME
7015,Nandprayag (Nandakini),Uttarakhand,47,Chamoli,30.33122222,79.31063889,2025-08-04,6.0,0.5,12,2025,8,216,6.0,6.0,6.0,0.0,6.0,0.5,0.5,0.5,12,12.0,4.25,4.0,4.5,4.617647058823529,8.5,24.0,45.0,78.5,6.0,10.0,16.0,29.0,1.5,7.0,3.420526275297415,7.526057674350301,6.0,17.0,chamoli,NORMAL,0.0,0.0,,,,,,,,,,,,,,,,NORMAL,0.7099428825997491,70.99,VERY HIGH
7022,Roorkee_2,Uttarakhand,50,Haridwar,29.86771944,77.88415556,2025-08-04,49.0,25.5,21,2025,8,216,49.0,49.0,49.0,0.0,49.0,25.5,25.5,25.5,21,21.0,26.75,21.08333333333333,17.125,16.464285714285715,53.5,126.5,137.0,230.5,49.0,49.0,49.0,49.0,25.5,30.0,18.524083423118853,17.188395331325562,6.0,14.0,haridwar,NORMAL,0.0,0.0,,,,,,,,,,,,,,,,NORMAL,0.8316535341293048,83.17,EXTREME
7020,Yamuna Colony,Uttarakhand,49,Dehradun,30.33775278,78.03311667,2025-08-04,188.5,19.5,26,2025,8,216,188.5,188.5,188.5,0.0,188.5,19.5,19.5,19.5,26,26.0,71.33333333333333,48.92857142857143,38.55555555555556,38.55555555555556,214.0,342.5,347.0,347.0,188.5,188.5,188.5,188.5,29.5,29.5,67.87330634561509,62.2858553588034,7.0,9.0,dehradun,NORMAL,0.0,0.0,,,,,,,,,,,,,,,,NORMAL,0.8582344346094328,85.82,EXTREME
7030,Gadarpur,Uttarakhand,56,UDHAM SINGH NAGAR,29.04324167,79.24461944,2025-08-04,32.0,13.0,13,2025,8,216,32.0,32.0,32.0,0.0,32.0,13.0,13.0,13.0,13,13.0,16.75,7.5,7.166666666666667,10.294117647058824,33.5,45.0,64.5,175.0,32.0,32.0,32.0,38.0,13.0,16.0,12.493998559308384,11.309645805032712,6.0,17.0,udham singh nagar,NORMAL,0.0,0.0,,,,,,,,,,,,,,,,NORMAL,0.917478449980228,91.75,EXTREME
7011,Lamgara,Uttarakhand,45,Almora,29.53866667,79.74994444,2025-08-04,0.5,0.5,1,2025,8,216,0.5,0.5,0.5,0.0,0.5,0.5,0.5,0.5,1,1.0,0.5,0.5,0.5,0.5,1.5,2.5,3.0,3.5,0.5,0.5,0.5,0.5,0.5,0.5,0.0,1.500942222117565e-07,5.0,7.0,almora,NORMAL,0.0,0.0,,,,,,,,,,,,,,,,NORMAL,0.8653504374069378,86.54,EXTREME
7025,Srinagar_2,Uttarakhand,52,PAURI GARHWAL,30.23581944,78.81720278,2025-08-04,45.5,24.0,20,2025,8,216,45.5,45.5,45.5,0.0,45.5,24.0,24.0,24.0,20,20.0,24.75,21.2,15.928571428571429,15.461538461538462,49.5,106.0,111.5,201.0,45.5,45.5,45.5,45.5,24.0,29.0,16.817401701808755,16.130278901367372,5.0,13.0,pauri garhwal,NORMAL,0.0,0.0,,,,,,,,,,,,,,,,NORMAL,0.6468098056649764,64.68,VERY HIGH
7046,Roorkee_2,Uttarakhand,50,Haridwar,29.86771944,77.88415556,2025-08-05,43.0,6.5,13,2025,8,217,43.0,43.0,43.0,0.0,43.0,6.5,6.5,6.5,13,13.0,32.166666666666664,22.0,20.0,18.23333333333333,96.5,132.0,180.0,273.5,49.0,49.0,49.0,49.0,25.5,30.0,19.60357110324545,17.924311768683136,6.0,15.0,haridwar,NORMAL,0.0,0.0,,,,,,,,,,,,,,,,NORMAL,0.878458964752057,87.85,EXTREME
7042,Tanakpur_1,Uttarakhand,48,Champawat,29.07222222,80.1175,2025-08-05,0.5,0.5,1,2025,8,217,0.5,0.5,0.5,0.0,0.5,0.5,0.5,0.5,1,1.0,0.5,0.5,0.5,0.5,1.0,1.0,1.0,1.0,0.5,0.5,0.5,0.5,0.5,0.5,0.0,0.0,2.0,2.0,champawat,NORMAL,0.0,0.0,,,,,,,,,,,,,,,,NORMAL,0.8272916915527068,82.73,EXTREME
7054,Joshiyara,Uttarakhand,57,Uttarkashi,30.73122222,78.42733333,2025-08-05,48.5,48.0,2,2025,8,217,48.5,48.5,48.5,0.0,48.5,48.0,48.0,48.0,2,2.0,36.333333333333336,27.875,27.875,27.875,109.0,111.5,111.5,111.5,48.5,48.5,48.5,48.5,48.0,48.0,22.69866001918762,22.69866001918762,4.0,4.0,uttarkashi,NORMAL,0.0,0.0,,,,,,,,,,,,,,,,NORMAL,0.888569079279509,88.86,EXTREME
7051,Kempty,Uttarakhand,55,Tehri Garhwal,30.49075,78.04738889,2025-08-05,0.5,0.5,1,2025,8,217,0.5,0.5,0.5,0.0,0.5,0.5,0.5,0.5,1,1.0,0.5,0.5,0.5,0.5,1.0,1.5,2.0,3.5,0.5,0.5,0.5,0.5,0.5,0.5,0.0,0.0,3.0,7.0,tehri garhwal,NORMAL,0.0,0.0,,,,,,,,,,,,,,,,NORMAL,0.8563579832487841,85.64,EXTREME
7037,Kapkot (Saryu),Uttarakhand,46,Bageshwar,29.94516667,79.9025,2025-08-05,59.5,38.0,6,2025,8,217,59.5,59.5,59.5,0.0,59.5,38.0,38.0,38.0,6,6.0,37.333333333333336,21.214285714285715,29.045454545454547,26.58695652173913,112.0,148.5,319.5,611.5,59.5,59.5,93.5,137.5,38.0,74.5,20.78432330479143,33.12979027933273,7.0,23.0,bageshwar,NORMAL,0.0,0.0,,,,,,,,,,,,,,,,NORMAL,0.7448460013688504,74.48,VERY HIGH
7039,Champawat_1,Uttarakhand,48,Champawat,29.33341667,80.08469444,2025-08-05,43.0,19.5,7,2025,8,217,43.0,43.0,43.0,0.0,43.0,19.5,19.5,19.5,7,7.0,18.166666666666668,13.2,19.142857142857142,16.8125,54.5,66.0,134.0,134.5,43.0,43.0,43.0,43.0,19.5,20.0,17.39468309570485,17.618856578758372,5.0,8.0,champawat,NORMAL,0.0,0.0,,,,,,,,,,,,,,,,NORMAL,0.8485974511528256,84.86,EXTREME
7036,Baijnath (Gomti),Uttarakhand,46,Bageshwar,29.90822222,79.61769444,2025-08-05,14.5,6.0,6,2025,8,217,14.5,14.5,14.5,0.0,14.5,6.0,6.0,6.0,6,6.0,13.0,8.833333333333334,10.77777777777778,9.86111111111111,39.0,53.0,97.0,177.5,24.0,24.0,24.0,55.5,14.5,14.5,9.87758405009374,13.92607114430849,6.0,18.0,bageshwar,NORMAL,0.0,0.0,,,,,,,,,,,,,,,,NORMAL,0.7842549703254611,78.43,VERY HIGH
7040,Danda_1,Uttarakhand,48,Champawat,29.15927778,80.10852778,2025-08-05,71.5,43.5,7,2025,8,217,71.5,71.5,71.5,0.0,71.5,43.5,43.5,43.5,7,7.0,45.75,22.0,30.4,22.63157894736842,91.5,132.0,304.0,430.0,71.5,71.5,71.5,71.5,43.5,47.0,24.93391264924139,21.95186786867981,6.0,19.0,champawat,NORMAL,0.0,0.0,,,,,,,,,,,,,,,,NORMAL,0.7020014184972329,70.2,VERY HIGH
7047,Haldwani_1,Uttarakhand,51,Nainital,29.214725,79.52400278,2025-08-05,28.5,6.0,14,2025,8,217,28.5,28.5,28.5,0.0,28.5,6.0,6.0,6.0,14,14.0,83.66666666666667,53.25,42.44444444444444,34.97058823529412,251.0,319.5,382.0,594.5,179.0,179.0,179.0,179.0,57.0,57.0,62.14720428144776,42.88482780520814,6.0,17.0,nainital,NORMAL,0.0,0.0,,,,,,,,,,,,,,,,NORMAL,0.8410393861037045,84.1,EXTREME
7034,Almora_1,Uttarakhand,45,Almora,29.59631389,79.65005556,2025-08-05,3.0,2.5,2,2025,8,217,3.0,3.0,3.0,0.0,3.0,2.5,2.5,2.5,2,2.0,3.0,3.0,3.0,5.75,3.0,3.0,3.0,23.0,3.0,3.0,3.0,11.0,2.5,10.5,0.0,3.926406329796582,1.0,4.0,almora,NORMAL,0.0,0.0,,,,,,,,,,,,,,,,NORMAL,0.841941853101851,84.19,EXTREME
7041,Rithakhal,Uttarakhand,48,Champawat,29.44911111,79.882,2025-08-05,25.0,5.5,10,2025,8,217,25.0,25.0,25.0,0.0,25.0,5.5,5.5,5.5,10,10.0,11.333333333333334,8.083333333333334,10.666666666666666,10.666666666666666,34.0,48.5,96.0,96.0,25.0,25.0,27.5,27.5,5.5,6.5,8.499509789785916,9.810708435174291,6.0,9.0,champawat,NORMAL,0.0,0.0,,,,,,,,,,,,,,,,NORMAL,0.8360336405029029,83.6,EXTREME
7038,Nandprayag (Nandakini),Uttarakhand,47,Chamoli,30.33122222,79.31063889,2025-08-05,0.5,0.5,1,2025,8,217,0.5,0.5,0.5,0.0,0.5,0.5,0.5,0.5,1,1.0,3.0,2.4166666666666665,4.136363636363637,4.388888888888889,9.0,14.5,45.5,79.0,6.0,6.0,16.0,29.0,1.5,7.0,1.9853631070075497,7.36557085275324,6.0,18.0,chamoli,NORMAL,0.0,0.0,,,,,,,,,,,,,,,,NORMAL,0.5981834916624248,59.82,HIGH
7052,Gadarpur,Uttarakhand,56,UDHAM SINGH NAGAR,29.04324167,79.24461944,2025-08-05,16.5,3.5,13,2025,8,217,16.5,16.5,16.5,0.0,16.5,3.5,3.5,3.5,13,13.0,16.666666666666668,10.166666666666666,8.1,10.63888888888889,50.0,61.0,81.0,191.5,32.0,32.0,32.0,38.0,13.0,16.0,12.408330535034384,11.06904209091543,6.0,18.0,udham singh nagar,NORMAL,0.0,0.0,,,,,,,,,,,,,,,,NORMAL,0.9035313649810294,90.35,EXTREME
7035,Lamgara,Uttarakhand,45,Almora,29.53866667,79.74994444,2025-08-05,0.5,0.5,1,2025,8,217,0.5,0.5,0.5,0.0,0.5,0.5,0.5,0.5,1,1.0,0.5,0.5,0.5,0.5,1.5,2.5,3.5,4.0,0.5,0.5,0.5,0.5,0.5,0.5,0.0,1.389602477833719e-07,5.0,8.0,almora,NORMAL,0.0,0.0,,,,,,,,,,,,,,,,NORMAL,0.8574531191527834,85.75,EXTREME
7044,Yamuna Colony,Uttarakhand,49,Dehradun,30.33775278,78.03311667,2025-08-05,28.5,9.5,12,2025,8,217,28.5,28.5,28.5,0.0,28.5,9.5,9.5,9.5,12,12.0,77.66666666666667,40.71428571428572,37.55,37.55,233.0,285.0,375.5,375.5,188.5,188.5,188.5,188.5,29.5,29.5,66.09516947986009,58.809697801940416,7.0,10.0,dehradun,NORMAL,0.0,0.0,,,,,,,,,,,,,,,,NORMAL,0.828607381412244,82.86,EXTREME
7049,Dugadda (Khoh),Uttarakhand,52,PAURI GARHWAL,29.75108333,78.52341667,2025-08-05,0.5,0.5,1,2025,8,217,0.5,0.5,0.5,0.0,0.5,0.5,0.5,0.5,1,1.0,0.6666666666666666,0.625,1.0833333333333333,0.8181818181818182,2.0,2.5,6.5,9.0,1.0,1.0,3.0,3.0,0.5,0.5,0.25,0.7507571935295484,4.0,11.0,pauri garhwal,NORMAL,0.0,0.0,,,,,,,,,,,,,,,,NORMAL,0.8238213897208814,82.38,EXTREME
7043,Chakrata,Uttarakhand,49,Dehradun,30.76115556,77.86502778,2025-08-05,16.0,7.5,9,2025,8,217,16.0,16.0,16.0,0.0,16.0,7.5,7.5,7.5,9,9.0,7.333333333333333,4.166666666666667,4.166666666666667,2.230769230769231,22.0,25.0,25.0,29.0,16.0,16.0,16.0,16.0,7.5,7.5,5.963779562212764,4.279872392058853,6.0,13.0,dehradun,NORMAL,0.0,0.0,,,,,,,,,,,,,,,,NORMAL,0.7629057567702683,76.29,VERY HIGH
7048,Nainital_1,Uttarakhand,51,Nainital,29.39530278,79.46232778,2025-08-05,12.0,5.5,6,2025,8,217,12.0,12.0,12.0,0.0,12.0,5.5,5.5,5.5,6,6.0,12.0,12.0,12.0,12.0,12.0,12.0,12.0,12.0,12.0,12.0,12.0,12.0,5.5,5.5,0.0,0.0,1.0,1.0,nainital,NORMAL,0.0,0.0,,,,,,,,,,,,,,,,NORMAL,0.7895378294208899,78.95,VERY HIGH
7045,Manglaur_1,Uttarakhand,50,Haridwar,29.78567778,77.86368889,2025-08-05,1.0,0.5,2,2025,8,217,1.0,1.0,1.0,0.0,1.0,0.5,0.5,0.5,2,2.0,3.1666666666666665,4.833333333333333,3.8125,3.8125,9.5,29.0,30.5,30.5,6.5,17.0,17.0,17.0,9.5,9.5,6.314005596027506,5.662770018790653,6.0,8.0,haridwar,NORMAL,0.0,0.0,,,,,,,,,,,,,,,,NORMAL,0.7426687705590824,74.27,VERY HIGH
7050,Srinagar_2,Uttarakhand,52,PAURI GARHWAL,30.23581944,78.81720278,2025-08-05,41.0,6.0,12,2025,8,217,41.0,41.0,41.0,0.0,41.0,6.0,6.0,6.0,12,12.0,30.166666666666668,23.2,19.0625,17.285714285714285,90.5,116.0,152.5,242.0,45.5,45.5,45.5,45.5,24.0,29.0,18.75699869382093,16.933937573944277,5.0,14.0,pauri garhwal,NORMAL,0.0,0.0,,,,,,,,,,,,,,,,NORMAL,0.8770643426182682,87.71,EXTREME
7053,Tumaria,Uttarakhand,56,UDHAM SINGH NAGAR,29.30704722,78.93133056,2025-08-05,62.0,21.0,18,2025,8,217,62.0,62.0,62.0,0.0,62.0,21.0,21.0,21.0,18,18.0,37.5,22.785714285714285,20.0625,17.944444444444443,112.5,159.5,160.5,161.5,62.0,62.0,62.0,62.0,21.0,21.0,21.944735782675277,21.29472417707677,7.0,9.0,udham singh nagar,NORMAL,0.0,0.0,,,,,,,,,,,,,,,,NORMAL,0.9193415106102534,91.93,EXTREME
7067,Basukedar,Uttarakhand,54,Rudraprayag,30.43919444,79.05633333,2025-08-06,17.5,4.5,6,2025,8,218,17.5,17.5,17.5,0.0,17.5,4.5,4.5,4.5,6,6.0,9.25,14.6,9.75,9.666666666666666,18.5,73.0,97.5,116.0,17.5,20.5,20.5,20.5,14.0,18.0,7.813449942247019,8.518251349931292,5.0,12.0,rudraprayag,NORMAL,0.0,1.0,,,,,,,,,,,,,,,,NORMAL,0.9145173160173158,91.45,EXTREME
7068,Kempty,Uttarakhand,55,Tehri Garhwal,30.49075,78.04738889,2025-08-06,347.0,346.5,2,2025,8,218,347.0,347.0,347.0,0.0,347.0,346.5,346.5,346.5,2,2.0,116.0,87.125,69.8,43.8125,348.0,348.5,349.0,350.5,347.0,347.0,347.0,347.0,346.5,346.5,173.25,122.50624984056935,4.0,8.0,tehri garhwal,NORMAL,0.0,0.0,,,,,,,,,,,,,,,,NORMAL,0.9469517008762366,94.7,EXTREME
7064,Haldwani_1,Uttarakhand,51,Nainital,29.214725,79.52400278,2025-08-06,108.5,15.5,15,2025,8,218,108.5,108.5,108.5,0.0,108.5,15.5,15.5,15.5,15,15.0,60.16666666666666,61.142857142857146,49.05,39.05555555555556,180.5,428.0,490.5,703.0,108.5,179.0,179.0,179.0,57.0,57.0,60.45364221569166,45.06984412745626,7.0,18.0,nainital,NORMAL,0.0,0.0,,,,,,,,,,,,,,,,NORMAL,0.8572201779701781,85.72,EXTREME
7056,Baijnath (Gomti),Uttarakhand,46,Bageshwar,29.90822222,79.61769444,2025-08-06,111.5,25.0,14,2025,8,218,111.5,111.5,111.5,0.0,111.5,25.0,25.0,25.0,14,14.0,50.0,25.25,21.666666666666668,16.0,150.0,151.5,195.0,288.0,111.5,111.5,111.5,111.5,25.0,25.0,43.34483821633205,27.515236420829083,6.0,18.0,bageshwar,NORMAL,0.0,0.0,,,,,,,,,,,,,,,,NORMAL,0.8906275590880852,89.06,EXTREME
7062,Manglaur_1,Uttarakhand,50,Haridwar,29.78567778,77.86368889,2025-08-06,1.0,0.5,2,2025,8,218,1.0,1.0,1.0,0.0,1.0,0.5,0.5,0.5,2,2.0,1.3333333333333333,2.1666666666666665,3.5,3.5,4.0,13.0,31.5,31.5,2.0,6.5,17.0,17.0,3.5,9.5,2.1602468994692865,5.379358697837504,6.0,9.0,haridwar,NORMAL,0.0,0.0,,,,,,,,,,,,,,,,NORMAL,0.8694302286407549,86.94,EXTREME
7055,Almora_1,Uttarakhand,45,Almora,29.59631389,79.65005556,2025-08-06,21.5,13.0,2,2025,8,218,21.5,21.5,21.5,0.0,21.5,13.0,13.0,13.0,2,2.0,12.25,12.25,12.25,8.9,24.5,24.5,24.5,44.5,21.5,21.5,21.5,21.5,13.0,13.0,13.08147545195113,7.8214448793045905,2.0,5.0,almora,NORMAL,0.0,0.0,,,,,,,,,,,,,,,,NORMAL,0.9556351201568593,95.56,EXTREME
7061,Yamuna Colony,Uttarakhand,49,Dehradun,30.33775278,78.03311667,2025-08-06,86.5,17.5,12,2025,8,218,86.5,86.5,86.5,0.0,86.5,17.5,17.5,17.5,12,12.0,101.16666666666669,48.42857142857143,42.0,42.0,303.5,339.0,462.0,462.0,188.5,188.5,188.5,188.5,19.5,29.5,68.09761900599545,57.71091751133402,7.0,11.0,dehradun,NORMAL,0.0,0.0,,,,,,,,,,,,,,,,NORMAL,0.9858816258405729,98.59,EXTREME
7070,Haripura_2,Uttarakhand,56,UDHAM SINGH NAGAR,29.13151944,79.25965556,2025-08-06,9.0,9.0,1,2025,8,218,9.0,9.0,9.0,0.0,9.0,9.0,9.0,9.0,1,1.0,9.0,9.0,9.0,9.0,9.0,9.0,9.0,9.0,9.0,9.0,9.0,9.0,9.0,9.0,0.0,0.0,1.0,1.0,udham singh nagar,NORMAL,0.0,0.0,,,,,,,,,,,,,,,,NORMAL,0.8305865375222371,83.06,EXTREME
7057,Kapkot (Saryu),Uttarakhand,46,Bageshwar,29.94516667,79.9025,2025-08-06,51.0,10.0,9,2025,8,218,51.0,51.0,51.0,0.0,51.0,10.0,10.0,10.0,9,9.0,43.66666666666666,27.5,28.181818181818183,27.67391304347826,131.0,192.5,310.0,636.5,59.5,59.5,93.5,137.5,38.0,74.5,22.362543087344392,33.51750176998856,7.0,23.0,bageshwar,NORMAL,0.0,0.0,,,,,,,,,,,,,,,,NORMAL,0.6650861763429542,66.51,VERY HIGH
7066,Dugadda (Khoh),Uttarakhand,52,PAURI GARHWAL,29.75108333,78.52341667,2025-08-06,1.0,0.5,2,2025,8,218,1.0,1.0,1.0,0.0,1.0,0.5,0.5,0.5,2,2.0,0.8333333333333334,0.7,1.0833333333333333,0.8636363636363636,2.5,3.5,6.5,9.5,1.0,1.0,3.0,3.0,0.5,0.5,0.2738612787525831,0.7446780878644508,5.0,11.0,pauri garhwal,NORMAL,0.0,0.0,,,,,,,,,,,,,,,,NORMAL,0.9567915305215134,95.68,EXTREME
7060,Chakrata,Uttarakhand,49,Dehradun,30.76115556,77.86502778,2025-08-06,5.0,1.5,5,2025,8,218,5.0,5.0,5.0,0.0,5.0,1.5,1.5,1.5,5,5.0,8.5,4.833333333333333,4.285714285714286,2.4285714285714284,25.5,29.0,30.0,34.0,16.0,16.0,16.0,16.0,7.5,7.5,5.759050847723665,4.17804307733224,6.0,14.0,dehradun,NORMAL,0.0,0.0,,,,,,,,,,,,,,,,NORMAL,0.9437549167464317,94.38,EXTREME
7063,Roorkee_2,Uttarakhand,50,Haridwar,29.86771944,77.88415556,2025-08-06,15.5,11.5,4,2025,8,218,15.5,15.5,15.5,0.0,15.5,11.5,11.5,11.5,4,4.0,35.833333333333336,22.08333333333333,20.88888888888889,18.0625,107.5,132.5,188.0,289.0,49.0,49.0,49.0,49.0,25.5,30.0,19.568895386982543,17.330007693785568,6.0,16.0,haridwar,NORMAL,0.0,0.0,,,,,,,,,,,,,,,,NORMAL,0.914886083851916,91.49,EXTREME
7069,Gadarpur,Uttarakhand,56,UDHAM SINGH NAGAR,29.04324167,79.24461944,2025-08-06,40.0,6.5,11,2025,8,218,40.0,40.0,40.0,0.0,40.0,6.5,6.5,6.5,11,11.0,29.5,16.75,12.0,12.694444444444445,88.5,100.5,120.0,228.5,40.0,40.0,40.0,40.0,13.0,16.0,16.16400321702517,12.857978627260383,6.0,18.0,udham singh nagar,NORMAL,0.0,0.0,,,,,,,,,,,,,,,,NORMAL,0.9283534113751472,92.84,EXTREME
7071,Tumaria,Uttarakhand,56,UDHAM SINGH NAGAR,29.30704722,78.93133056,2025-08-06,83.0,27.0,11,2025,8,218,83.0,83.0,83.0,0.0,83.0,27.0,27.0,27.0,11,11.0,53.5,34.42857142857143,27.05555555555556,24.45,160.5,241.0,243.5,244.5,83.0,83.0,83.0,83.0,27.0,27.0,29.192505561400196,28.745482736906293,7.0,10.0,udham singh nagar,NORMAL,0.0,0.0,,,,,,,,,,,,,,,,NORMAL,0.8953047891049605,89.53,EXTREME
7059,Rithakhal,Uttarakhand,48,Champawat,29.44911111,79.882,2025-08-06,46.5,11.5,9,2025,8,218,46.5,46.5,46.5,0.0,46.5,11.5,11.5,11.5,9,9.0,26.166666666666668,14.833333333333334,14.0,14.25,78.5,89.0,126.0,142.5,46.5,46.5,46.5,46.5,11.5,11.5,17.659747072556467,14.627314631651748,6.0,10.0,champawat,NORMAL,0.0,0.0,,,,,,,,,,,,,,,,NORMAL,0.9037971616025845,90.38,EXTREME
7065,Nainital_1,Uttarakhand,51,Nainital,29.39530278,79.46232778,2025-08-06,79.0,15.0,10,2025,8,218,79.0,79.0,79.0,0.0,79.0,15.0,15.0,15.0,10,10.0,45.5,45.5,45.5,45.5,91.0,91.0,91.0,91.0,79.0,79.0,79.0,79.0,15.0,15.0,47.37615433949868,47.37615433949868,2.0,2.0,nainital,NORMAL,0.0,0.0,,,,,,,,,,,,,,,,NORMAL,0.9617454770575636,96.17,EXTREME
7058,Champawat_1,Uttarakhand,48,Champawat,29.33341667,80.08469444,2025-08-06,29.0,11.5,7,2025,8,218,29.0,29.0,29.0,0.0,29.0,11.5,11.5,11.5,7,7.0,27.5,16.8,20.375,18.166666666666668,82.5,84.0,163.0,163.5,43.0,43.0,43.0,43.0,19.5,20.0,18.64336343045428,16.974245196767956,5.0,9.0,champawat,NORMAL,0.0,0.0,,,,,,,,,,,,,,,,NORMAL,0.9584067368370599,95.84,EXTREME
7072,Bahadarabad,Uttarakhand,50,Haridwar,29.92380278,78.03671389,2025-08-07,13.0,12.5,2,2025,8,219,13.0,13.0,13.0,0.0,13.0,12.5,12.5,12.5,2,2.0,13.0,13.0,6.75,5.5,13.0,13.0,13.5,16.5,13.0,13.0,13.0,13.0,12.5,12.5,0.0,6.614378277661476,1.0,3.0,haridwar,NORMAL,0.0,0.0,,,,,,,,,,,,,,,,NORMAL,0.9618309430244119,96.18,EXTREME
7074,Kempty,Uttarakhand,55,Tehri Garhwal,30.49075,78.04738889,2025-08-07,187.0,187.0,1,2025,8,219,187.0,187.0,187.0,0.0,187.0,187.0,187.0,187.0,1,1.0,178.16666666666666,107.1,89.33333333333333,59.72222222222222,534.5,535.5,536.0,537.5,347.0,347.0,347.0,347.0,346.5,346.5,156.54607947821626,124.13654556352228,5.0,9.0,tehri garhwal,NORMAL,0.0,0.0,,,,,,,,,,,,,,,,NORMAL,0.9798823912677977,97.99,EXTREME
7073,Dugadda (Khoh),Uttarakhand,52,PAURI GARHWAL,29.75108333,78.52341667,2025-08-07,0.5,0.5,1,2025,8,219,0.5,0.5,0.5,0.0,0.5,0.5,0.5,0.5,1,1.0,0.6666666666666666,0.6666666666666666,1.0,0.8636363636363636,2.0,4.0,7.0,9.5,1.0,1.0,3.0,3.0,0.5,0.5,0.2581988897471611,0.7446780878644508,6.0,11.0,pauri garhwal,NORMAL,0.0,0.0,,,,,,,,,,,,,,,,NORMAL,0.9550429236878313,95.5,EXTREME
7076,Manglaur_1,Uttarakhand,50,Haridwar,29.78567778,77.86368889,2025-08-08,0.5,0.5,1,2025,8,220,0.5,0.5,0.5,0.0,0.5,0.5,0.5,0.5,1,1.0,0.75,2.2,3.5,3.2,1.5,11.0,31.5,32.0,1.0,6.5,17.0,17.0,3.5,9.5,2.4647515087732472,5.159672685570493,5.0,10.0,haridwar,NORMAL,0.0,0.0,,,,,,,,,,,,,,,,NORMAL,0.9866943932754518,98.67,EXTREME
7075,Tanakpur_1,Uttarakhand,48,Champawat,29.07222222,80.1175,2025-08-08,8.5,8.5,1,2025,8,220,8.5,8.5,8.5,0.0,8.5,8.5,8.5,8.5,1,1.0,8.5,3.1666666666666665,3.1666666666666665,3.1666666666666665,8.5,9.5,9.5,9.5,8.5,8.5,8.5,8.5,8.5,8.5,4.618802153517007,4.618802153517007,3.0,3.0,champawat,NORMAL,0.0,0.0,,,,,,,,,,,,,,,,NORMAL,0.9610859788359788,96.11,EXTREME
7081,Nainital_1,Uttarakhand,51,Nainital,29.39530278,79.46232778,2025-08-09,2.5,2.5,1,2025,8,221,2.5,2.5,2.5,0.0,2.5,2.5,2.5,2.5,1,1.0,2.5,31.166666666666668,31.166666666666668,31.166666666666668,2.5,93.5,93.5,93.5,2.5,79.0,79.0,79.0,15.0,15.0,41.69632277951298,41.69632277951298,3.0,3.0,nainital,NORMAL,0.0,0.0,,,,,,,,,,,,,,,,NORMAL,0.8933358202487782,89.33,EXTREME
7079,Chakrata,Uttarakhand,49,Dehradun,30.76115556,77.86502778,2025-08-09,0.5,0.5,1,2025,8,221,0.5,0.5,0.5,0.0,0.5,0.5,0.5,0.5,1,1.0,0.5,5.5,3.8125,2.4285714285714284,0.5,27.5,30.5,34.0,0.5,16.0,16.0,16.0,7.5,7.5,6.174544517614234,4.17804307733224,5.0,14.0,dehradun,NORMAL,0.0,0.0,,,,,,,,,,,,,,,,NORMAL,0.939819420147844,93.98,EXTREME
7078,Tanakpur_1,Uttarakhand,48,Champawat,29.07222222,80.1175,2025-08-09,0.5,0.5,1,2025,8,221,0.5,0.5,0.5,0.0,0.5,0.5,0.5,0.5,1,1.0,4.5,2.5,2.5,2.5,9.0,10.0,10.0,10.0,8.5,8.5,8.5,8.5,8.5,8.5,4.0,4.0,4.0,4.0,champawat,NORMAL,0.0,0.0,,,,,,,,,,,,,,,,NORMAL,0.8924471280411962,89.24,EXTREME
7077,Baijnath (Gomti),Uttarakhand,46,Bageshwar,29.90822222,79.61769444,2025-08-09,0.5,0.5,1,2025,8,221,0.5,0.5,0.5,0.0,0.5,0.5,0.5,0.5,1,1.0,0.5,30.2,19.55,16.735294117647058,0.5,151.0,195.5,284.5,0.5,111.5,111.5,111.5,25.0,25.0,46.52633662776384,28.18361539033965,5.0,17.0,bageshwar,NORMAL,0.0,0.0,,,,,,,,,,,,,,,,NORMAL,0.8833415701173641,88.33,EXTREME
7082,Dugadda (Khoh),Uttarakhand,52,PAURI GARHWAL,29.75108333,78.52341667,2025-08-09,0.5,0.5,1,2025,8,221,0.5,0.5,0.5,0.0,0.5,0.5,0.5,0.5,1,1.0,0.5,0.6666666666666666,0.9375,0.8636363636363636,1.0,4.0,7.5,9.5,0.5,1.0,3.0,3.0,0.5,0.5,0.2581988897471611,0.7446780878644508,6.0,11.0,pauri garhwal,NORMAL,0.0,0.0,,,,,,,,,,,,,,,,NORMAL,0.82494410137701,82.49,EXTREME
7083,Gadarpur,Uttarakhand,56,UDHAM SINGH NAGAR,29.04324167,79.24461944,2025-08-09,3.0,3.0,1,2025,8,221,3.0,3.0,3.0,0.0,3.0,3.0,3.0,3.0,1,1.0,3.0,18.6,11.181818181818182,10.794117647058824,3.0,93.0,123.0,183.5,3.0,40.0,40.0,40.0,13.0,16.0,17.15881697553768,11.714119183075356,5.0,17.0,udham singh nagar,NORMAL,0.0,0.0,,,,,,,,,,,,,,,,NORMAL,0.761880440002795,76.19,VERY HIGH
7080,Yamuna Colony,Uttarakhand,49,Dehradun,30.33775278,78.03311667,2025-08-09,0.5,0.5,1,2025,8,221,0.5,0.5,0.5,0.0,0.5,0.5,0.5,0.5,1,1.0,0.5,64.0,38.54166666666666,38.54166666666666,0.5,320.0,462.5,462.5,0.5,188.5,188.5,188.5,19.5,29.5,76.81633940770674,56.31423941247951,5.0,12.0,dehradun,NORMAL,0.0,0.0,,,,,,,,,,,,,,,,NORMAL,0.7913759966996727,79.14,VERY HIGH
7092,Roorkee_2,Uttarakhand,50,Haridwar,29.86771944,77.88415556,2025-08-10,3.0,1.5,4,2025,8,222,3.0,3.0,3.0,0.0,3.0,1.5,1.5,1.5,4,4.0,3.0,27.625,19.1,19.2,3.0,110.5,191.0,288.0,3.0,49.0,49.0,49.0,25.5,30.0,21.95971690770778,17.31205195397539,4.0,15.0,haridwar,NORMAL,0.0,0.0,,,,,,,,,,,,,,,,NORMAL,0.6725219283878889,67.25,VERY HIGH
7087,Nandprayag (Nandakini),Uttarakhand,47,Chamoli,30.33122222,79.31063889,2025-08-10,1.5,0.5,3,2025,8,222,1.5,1.5,1.5,0.0,1.5,0.5,0.5,0.5,3,3.0,1.5,2.6666666666666665,3.0,4.676470588235294,1.5,8.0,27.0,79.5,1.5,6.0,10.0,29.0,0.5,7.0,2.92973263854116,7.495709557120385,3.0,17.0,chamoli,NORMAL,0.0,0.0,,,,,,,,,,,,,,,,NORMAL,0.7391229346027595,73.91,VERY HIGH
7084,Lamgara,Uttarakhand,45,Almora,29.53866667,79.74994444,2025-08-10,1.0,0.5,2,2025,8,222,1.0,1.0,1.0,0.0,1.0,0.5,0.5,0.5,2,2.0,1.0,0.6666666666666666,0.5714285714285714,0.5555555555555556,1.0,2.0,4.0,5.0,1.0,1.0,1.0,1.0,0.5,0.5,0.2886751345948129,0.166666666666717,3.0,9.0,almora,NORMAL,0.0,0.0,,,,,,,,,,,,,,,,NORMAL,0.9916556776556779,99.17,EXTREME
7086,Kapkot (Saryu),Uttarakhand,46,Bageshwar,29.94516667,79.9025,2025-08-10,25.5,12.0,8,2025,8,222,25.5,25.5,25.5,0.0,25.5,12.0,12.0,12.0,8,8.0,25.5,39.125,22.0,24.45,25.5,156.5,242.0,489.0,25.5,59.5,59.5,93.5,38.0,38.0,19.04982502106872,24.635714340214133,4.0,20.0,bageshwar,NORMAL,0.0,0.0,,,,,,,,,,,,,,,,NORMAL,0.9555794141756435,95.56,EXTREME
7096,Kempty,Uttarakhand,55,Tehri Garhwal,30.49075,78.04738889,2025-08-10,0.5,0.5,1,2025,8,222,0.5,0.5,0.5,0.0,0.5,0.5,0.5,0.5,1,1.0,0.5,107.1,76.64285714285714,59.72222222222222,0.5,535.5,536.5,537.5,0.5,347.0,347.0,347.0,346.5,346.5,156.54607947821626,124.13654556352228,5.0,9.0,tehri garhwal,NORMAL,0.0,0.0,,,,,,,,,,,,,,,,NORMAL,0.91102671172955,91.1,EXTREME
7093,Haldwani_1,Uttarakhand,51,Nainital,29.214725,79.52400278,2025-08-10,15.5,6.5,4,2025,8,222,15.5,15.5,15.5,0.0,15.5,6.5,6.5,6.5,4,4.0,15.5,49.0,44.85,41.0625,15.5,196.0,448.5,657.0,15.5,108.5,179.0,179.0,28.0,57.0,41.28357219685976,47.17445459850774,4.0,16.0,nainital,NORMAL,0.0,0.0,,,,,,,,,,,,,,,,NORMAL,0.9513350580991525,95.13,EXTREME
7095,Srinagar_2,Uttarakhand,52,PAURI GARHWAL,30.23581944,78.81720278,2025-08-10,0.5,0.5,1,2025,8,222,0.5,0.5,0.5,0.0,0.5,0.5,0.5,0.5,1,1.0,0.5,29.0,18.75,18.384615384615383,0.5,87.0,150.0,239.0,0.5,45.5,45.5,45.5,24.0,29.0,24.784067462787466,17.102818781019995,3.0,13.0,pauri garhwal,NORMAL,0.0,0.0,,,,,,,,,,,,,,,,NORMAL,0.9858816258405729,98.59,EXTREME
7090,Yamuna Colony,Uttarakhand,49,Dehradun,30.33775278,78.03311667,2025-08-10,11.5,10.0,3,2025,8,222,11.5,11.5,11.5,0.0,11.5,10.0,10.0,10.0,3,3.0,6.0,63.1,39.16666666666666,36.46153846153846,12.0,315.5,470.0,474.0,11.5,188.5,188.5,188.5,19.5,29.5,77.54224654986466,54.43591857192483,5.0,13.0,dehradun,NORMAL,0.0,0.0,,,,,,,,,,,,,,,,NORMAL,0.8706717658756941,87.07,EXTREME
7089,Tanakpur_1,Uttarakhand,48,Champawat,29.07222222,80.1175,2025-08-10,0.5,0.5,1,2025,8,222,0.5,0.5,0.5,0.0,0.5,0.5,0.5,0.5,1,1.0,3.1666666666666665,2.5,2.1,2.1,9.5,10.0,10.5,10.5,8.5,8.5,8.5,8.5,8.5,8.5,4.0,3.577708763999664,4.0,5.0,champawat,NORMAL,0.0,0.0,,,,,,,,,,,,,,,,NORMAL,0.9811753570646761,98.12,EXTREME
7094,Nainital_1,Uttarakhand,51,Nainital,29.39530278,79.46232778,2025-08-10,2.5,1.5,2,2025,8,222,2.5,2.5,2.5,0.0,2.5,1.5,1.5,1.5,2,2.0,2.5,24.0,24.0,24.0,5.0,96.0,96.0,96.0,2.5,79.0,79.0,79.0,15.0,15.0,36.93913913452776,36.93913913452776,4.0,4.0,nainital,NORMAL,0.0,0.0,,,,,,,,,,,,,,,,NORMAL,0.9709363351933012,97.09,EXTREME
7088,Champawat_1,Uttarakhand,48,Champawat,29.33341667,80.08469444,2025-08-10,5.0,2.5,4,2025,8,222,5.0,5.0,5.0,0.0,5.0,2.5,2.5,2.5,4,4.0,5.0,21.875,16.1875,16.85,5.0,87.5,129.5,168.5,5.0,43.0,43.0,43.0,19.5,20.0,17.42782736506954,16.536239663908546,4.0,10.0,champawat,NORMAL,0.0,0.0,,,,,,,,,,,,,,,,NORMAL,0.9803789986359644,98.04,EXTREME
7085,Baijnath (Gomti),Uttarakhand,46,Bageshwar,29.90822222,79.61769444,2025-08-10,27.0,15.0,5,2025,8,222,27.0,27.0,27.0,0.0,27.0,15.0,15.0,15.0,5,5.0,13.75,35.5,21.35,17.305555555555557,27.5,177.5,213.5,311.5,27.0,111.5,111.5,111.5,25.0,25.0,43.72213398268661,27.44895738344009,5.0,18.0,bageshwar,NORMAL,0.0,0.0,,,,,,,,,,,,,,,,NORMAL,0.9796182900225453,97.96,EXTREME
7091,Manglaur_1,Uttarakhand,50,Haridwar,29.78567778,77.86368889,2025-08-10,5.0,5.0,1,2025,8,222,5.0,5.0,5.0,0.0,5.0,5.0,5.0,5.0,1,1.0,2.75,1.9,3.65,3.363636363636364,5.5,9.5,36.5,37.0,5.0,5.0,17.0,17.0,5.0,9.5,1.8165902124584945,4.924890400257193,5.0,11.0,haridwar,NORMAL,0.0,0.0,,,,,,,,,,,,,,,,NORMAL,0.9954761904761904,99.55,EXTREME
7097,Lamgara,Uttarakhand,45,Almora,29.53866667,79.74994444,2025-08-11,1.5,0.5,3,2025,8,223,1.5,1.5,1.5,0.0,1.5,0.5,0.5,0.5,3,3.0,1.25,1.0,0.6875,0.6666666666666666,2.5,3.0,5.5,6.0,1.5,1.5,1.5,1.5,0.5,0.5,0.5,0.3535533905932972,3.0,9.0,almora,NORMAL,0.0,0.0,,,,,,,,,,,,,,,,NORMAL,0.9843088624338623,98.43,EXTREME
7101,Roorkee_2,Uttarakhand,50,Haridwar,29.86771944,77.88415556,2025-08-11,8.0,1.5,8,2025,8,223,8.0,8.0,8.0,0.0,8.0,1.5,1.5,1.5,8,8.0,5.5,17.375,19.6,19.566666666666663,11.0,69.5,196.0,293.5,8.0,43.0,49.0,49.0,11.5,30.0,17.83897885717304,16.988301296844874,4.0,15.0,haridwar,NORMAL,0.0,0.0,,,,,,,,,,,,,,,,NORMAL,0.9946560846560847,99.47,EXTREME
7105,Basukedar,Uttarakhand,54,Rudraprayag,30.43919444,79.05633333,2025-08-11,18.5,6.0,11,2025,8,223,18.5,18.5,18.5,0.0,18.5,6.0,6.0,6.0,11,11.0,18.5,18.0,13.625,9.708333333333334,18.5,36.0,109.0,116.5,18.5,18.5,20.5,20.5,6.0,14.0,0.7071067811865476,8.563820126060296,2.0,12.0,rudraprayag,NORMAL,0.0,1.0,,,,,,,,,,,,,,,,NORMAL,0.9946560846560847,99.47,EXTREME
7106,Gadarpur,Uttarakhand,56,UDHAM SINGH NAGAR,29.04324167,79.24461944,2025-08-11,11.0,3.5,4,2025,8,223,11.0,11.0,11.0,0.0,11.0,3.5,3.5,3.5,4,4.0,7.0,17.625,11.55,11.46875,14.0,70.5,115.5,183.5,11.0,40.0,40.0,40.0,6.5,16.0,15.913175882477598,11.782004286198504,4.0,16.0,udham singh nagar,NORMAL,0.0,0.0,,,,,,,,,,,,,,,,NORMAL,0.9970833333333333,99.71,EXTREME
7100,Manglaur_1,Uttarakhand,50,Haridwar,29.78567778,77.86368889,2025-08-11,3.5,2.0,3,2025,8,223,3.5,3.5,3.5,0.0,3.5,2.0,2.0,2.0,3,3.0,4.25,2.2,3.636363636363636,3.375,8.5,11.0,40.0,40.5,5.0,5.0,17.0,17.0,5.0,9.5,1.9557607215607944,4.695863750540082,5.0,12.0,haridwar,NORMAL,0.0,0.0,,,,,,,,,,,,,,,,NORMAL,0.9954166666666666,99.54,EXTREME
7098,Baijnath (Gomti),Uttarakhand,46,Bageshwar,29.90822222,79.61769444,2025-08-11,14.0,5.5,3,2025,8,223,14.0,14.0,14.0,0.0,14.0,5.5,5.5,5.5,3,3.0,13.833333333333334,33.5,20.681818181818183,17.13157894736842,41.5,167.5,227.5,325.5,27.0,111.5,111.5,111.5,25.0,25.0,44.59960762159236,26.686368818214216,5.0,19.0,bageshwar,NORMAL,0.0,0.0,,,,,,,,,,,,,,,,NORMAL,0.9941666666666666,99.42,EXTREME
7099,Yamuna Colony,Uttarakhand,49,Dehradun,30.33775278,78.03311667,2025-08-11,139.5,25.5,12,2025,8,223,139.5,139.5,139.5,0.0,139.5,25.5,25.5,25.5,12,12.0,50.5,53.3,50.75,43.82142857142857,151.5,266.5,609.0,613.5,139.5,139.5,188.5,188.5,25.5,29.5,58.48675063636207,59.10733624350024,5.0,14.0,dehradun,NORMAL,0.0,0.0,,,,,,,,,,,,,,,,NORMAL,1.0,100.0,EXTREME
7104,Dharchula_1,Uttarakhand,53,Pithoragarh,29.84825,80.54047222,2025-08-11,0.5,0.5,1,2025,8,223,0.5,0.5,0.5,0.0,0.5,0.5,0.5,0.5,1,1.0,0.5,0.5,2.0,5.666666666666667,0.5,0.5,14.0,102.0,0.5,0.5,8.0,18.0,0.5,18.0,0.0,5.485274404632612,1.0,18.0,pithoragarh,NORMAL,0.0,0.0,,,,,,,,,,,,,,,,NORMAL,0.959653321775366,95.97,EXTREME
7103,Dugadda (Khoh),Uttarakhand,52,PAURI GARHWAL,29.75108333,78.52341667,2025-08-11,0.5,0.5,1,2025,8,223,0.5,0.5,0.5,0.0,0.5,0.5,0.5,0.5,1,1.0,0.5,0.6,0.625,0.8333333333333334,1.0,3.0,5.0,10.0,0.5,1.0,1.0,3.0,0.5,0.5,0.2236067977499789,0.7177405625652735,5.0,12.0,pauri garhwal,NORMAL,0.0,0.0,,,,,,,,,,,,,,,,NORMAL,0.9686736865134745,96.87,EXTREME
7102,Haldwani_1,Uttarakhand,51,Nainital,29.214725,79.52400278,2025-08-11,42.5,26.0,7,2025,8,223,42.5,42.5,42.5,0.0,42.5,26.0,26.0,26.0,7,7.0,29.0,48.75,49.05,41.14705882352941,58.0,195.0,490.5,699.5,42.5,108.5,179.0,179.0,26.0,57.0,41.33098111586512,45.67779982725552,4.0,17.0,nainital,NORMAL,0.0,0.0,,,,,,,,,,,,,,,,NORMAL,1.0,100.0,EXTREME
7109,Manglaur_1,Uttarakhand,50,Haridwar,29.78567778,77.86368889,2025-08-12,15.0,6.0,7,2025,8,224,15.0,15.0,15.0,0.0,15.0,6.0,6.0,6.0,7,7.0,7.833333333333333,5.0,4.909090909090909,4.269230769230769,23.5,25.0,54.0,55.5,15.0,15.0,17.0,17.0,6.0,9.5,5.88430114796991,5.532537786493135,5.0,13.0,haridwar,NORMAL,0.0,0.0,,,,,,,,,,,,,,,,NORMAL,0.8672297055431515,86.72,EXTREME
7110,Roorkee_2,Uttarakhand,50,Haridwar,29.86771944,77.88415556,2025-08-12,0.5,0.5,1,2025,8,224,0.5,0.5,0.5,0.0,0.5,0.5,0.5,0.5,1,1.0,3.8333333333333335,6.75,15.9,18.375,11.5,27.0,159.0,294.0,8.0,15.5,49.0,49.0,11.5,30.0,6.614378277661467,17.090445673923593,4.0,16.0,haridwar,NORMAL,0.0,0.0,,,,,,,,,,,,,,,,NORMAL,0.861362839575019,86.14,EXTREME
7107,Lamgara,Uttarakhand,45,Almora,29.53866667,79.74994444,2025-08-12,1.0,0.5,2,2025,8,224,1.0,1.0,1.0,0.0,1.0,0.5,0.5,0.5,2,2.0,1.1666666666666667,1.1666666666666667,0.75,0.7,3.5,3.5,6.0,7.0,1.5,1.5,1.5,1.5,0.5,0.5,0.2886751345948129,0.3496029493900714,3.0,10.0,almora,NORMAL,0.0,0.0,,,,,,,,,,,,,,,,NORMAL,0.8654438119948069,86.54,EXTREME
7108,Yamuna Colony,Uttarakhand,49,Dehradun,30.33775278,78.03311667,2025-08-12,1.0,1.0,1,2025,8,224,1.0,1.0,1.0,0.0,1.0,1.0,1.0,1.0,1,1.0,50.66666666666666,47.8,43.66666666666666,40.96666666666667,152.0,239.0,524.0,614.5,139.5,139.5,188.5,188.5,25.5,29.5,62.553577036009685,58.020460266390586,5.0,15.0,dehradun,NORMAL,0.0,0.0,,,,,,,,,,,,,,,,NORMAL,0.8720736739559114,87.21,EXTREME
7111,Gadarpur,Uttarakhand,56,UDHAM SINGH NAGAR,29.04324167,79.24461944,2025-08-14,22.0,12.5,4,2025,8,226,22.0,22.0,22.0,0.0,22.0,12.5,12.5,12.5,4,4.0,22.0,12.0,15.875,11.566666666666666,22.0,36.0,127.0,173.5,22.0,22.0,40.0,40.0,12.5,13.0,9.539392014169456,12.305438209336938,3.0,15.0,udham singh nagar,NORMAL,0.0,0.0,,,,,,,,,,,,,,,,NORMAL,0.8681078619900994,86.81,EXTREME
7112,Basukedar,Uttarakhand,54,Rudraprayag,30.43919444,79.05633333,2025-08-16,20.5,11.0,2,2025,8,228,20.5,20.5,20.5,0.0,20.5,11.0,11.0,11.0,2,2.0,20.5,19.5,14.375,10.538461538461538,20.5,39.0,57.5,137.0,20.5,20.5,20.5,20.5,11.0,14.0,1.4142135623730951,8.728453324380997,2.0,13.0,rudraprayag,NORMAL,0.0,1.0,,,,,,,,,,,,,,,,NORMAL,0.8753580872745846,87.54,EXTREME
7114,Basukedar,Uttarakhand,54,Rudraprayag,30.43919444,79.05633333,2025-08-17,8.5,8.5,1,2025,8,229,8.5,8.5,8.5,0.0,8.5,8.5,8.5,8.5,1,1.0,14.5,15.833333333333334,13.2,10.392857142857142,29.0,47.5,66.0,145.5,20.5,20.5,20.5,20.5,11.0,14.0,6.429100507328637,8.403704703715675,3.0,14.0,rudraprayag,NORMAL,0.0,1.0,,,,,,,,,,,,,,,,NORMAL,0.8754034387485077,87.54,EXTREME
7113,Kosi_1,Uttarakhand,45,Almora,29.6191,79.62060833,2025-08-17,109.0,109.0,1,2025,8,229,109.0,109.0,109.0,0.0,109.0,109.0,109.0,109.0,1,1.0,109.0,109.0,109.0,109.0,109.0,109.0,109.0,109.0,109.0,109.0,109.0,109.0,109.0,109.0,0.0,0.0,1.0,1.0,almora,NORMAL,0.0,0.0,,,,,,,,,,,,,,,,NORMAL,0.87158385658169,87.16,EXTREME
7115,Gadarpur,Uttarakhand,56,UDHAM SINGH NAGAR,29.04324167,79.24461944,2025-08-17,1.5,1.5,1,2025,8,229,1.5,1.5,1.5,0.0,1.5,1.5,1.5,1.5,1,1.0,1.5,11.5,18.0,10.9375,1.5,34.5,126.0,175.0,1.5,22.0,40.0,40.0,12.5,13.0,10.259142264341596,12.151645979043328,3.0,16.0,udham singh nagar,NORMAL,0.0,0.0,,,,,,,,,,,,,,,,NORMAL,0.8748351479857983,87.48,EXTREME
7116,Khati_1,Uttarakhand,46,Bageshwar,30.11019722,79.94055833,2025-08-18,0.5,0.5,1,2025,8,230,0.5,0.5,0.5,0.0,0.5,0.5,0.5,0.5,1,1.0,0.5,0.5,0.5,0.625,0.5,0.5,0.5,2.5,0.5,0.5,0.5,1.0,0.5,0.5,0.0,0.25,1.0,4.0,bageshwar,NORMAL,0.0,0.0,,,,,,,,,,,,,,,,NORMAL,0.7392253199652142,73.92,VERY HIGH
7117,Basukedar,Uttarakhand,54,Rudraprayag,30.43919444,79.05633333,2025-08-18,16.5,16.5,1,2025,8,230,16.5,16.5,16.5,0.0,16.5,16.5,16.5,16.5,1,1.0,15.166666666666666,15.166666666666666,16.3,10.8,45.5,45.5,81.5,162.0,20.5,20.5,20.5,20.5,16.5,16.5,6.110100926607787,8.250108224398387,3.0,15.0,rudraprayag,NORMAL,0.0,1.0,,,,,,,,,,,,,,,,NORMAL,0.7659375468046323,76.59,VERY HIGH
7118,Sonprayag_1,Uttarakhand,54,Rudraprayag,30.63547222,78.99941667,2025-08-18,0.5,0.5,1,2025,8,230,0.5,0.5,0.5,0.0,0.5,0.5,0.5,0.5,1,1.0,0.5,0.5,0.5,0.5,0.5,0.5,0.5,1.0,0.5,0.5,0.5,0.5,0.5,0.5,0.0,0.0,1.0,2.0,rudraprayag,NORMAL,0.0,1.0,,,,,,,,,,,,,,,,NORMAL,0.8850297383626241,88.5,EXTREME
7120,Kapkot (Saryu),Uttarakhand,46,Bageshwar,29.94516667,79.9025,2025-08-21,37.5,21.5,5,2025,8,233,37.5,37.5,37.5,0.0,37.5,21.5,21.5,21.5,5,5.0,37.5,37.5,31.5,30.964285714285715,37.5,37.5,63.0,433.5,37.5,37.5,37.5,93.5,21.5,38.0,0.0,27.16860765218275,1.0,14.0,bageshwar,NORMAL,0.0,0.0,,,,,,,,,,,,,,,,NORMAL,0.845306500500263,84.53,EXTREME
7127,Nachni,Uttarakhand,53,Pithoragarh,29.90594444,80.16097222,2025-08-21,19.0,16.0,2,2025,8,233,19.0,19.0,19.0,0.0,19.0,16.0,16.0,16.0,2,2.0,19.0,19.0,19.0,19.0,19.0,19.0,19.0,19.0,19.0,19.0,19.0,19.0,16.0,16.0,0.0,0.0,1.0,1.0,pithoragarh,NORMAL,0.0,0.0,,,,,,,,,,,,,,,,NORMAL,0.9245446750460697,92.45,EXTREME
7125,Yamuna Colony,Uttarakhand,49,Dehradun,30.33775278,78.03311667,2025-08-21,7.5,4.5,2,2025,8,233,7.5,7.5,7.5,0.0,7.5,4.5,4.5,4.5,2,2.0,7.5,7.5,32.0,38.875,7.5,7.5,160.0,622.0,7.5,7.5,139.5,188.5,4.5,29.5,0.0,56.67406814408155,1.0,16.0,dehradun,NORMAL,0.0,0.0,,,,,,,,,,,,,,,,NORMAL,0.9762044984526307,97.62,EXTREME
7124,Rithakhal,Uttarakhand,48,Champawat,29.44911111,79.882,2025-08-21,16.5,7.0,5,2025,8,233,16.5,16.5,16.5,0.0,16.5,7.0,7.0,7.0,5,5.0,16.5,16.5,16.5,14.454545454545457,16.5,16.5,16.5,159.0,16.5,16.5,16.5,46.5,7.0,11.5,0.0,13.893261937814575,1.0,11.0,champawat,NORMAL,0.0,0.0,,,,,,,,,,,,,,,,NORMAL,0.9772702580898188,97.73,EXTREME
7123,Danda_1,Uttarakhand,48,Champawat,29.15927778,80.10852778,2025-08-21,15.0,8.5,3,2025,8,233,15.0,15.0,15.0,0.0,15.0,8.5,8.5,8.5,3,3.0,15.0,15.0,15.0,29.0,15.0,15.0,15.0,319.0,15.0,15.0,15.0,71.5,8.5,47.0,0.0,22.934689882359447,1.0,11.0,champawat,NORMAL,0.0,0.0,,,,,,,,,,,,,,,,NORMAL,0.9828258136453745,98.28,EXTREME
7122,Champawat_1,Uttarakhand,48,Champawat,29.33341667,80.08469444,2025-08-21,6.5,5.5,3,2025,8,233,6.5,6.5,6.5,0.0,6.5,5.5,5.5,5.5,3,3.0,6.5,6.5,5.75,17.45,6.5,6.5,11.5,174.5,6.5,6.5,6.5,43.0,5.5,20.0,0.0,15.97645837544173,1.0,10.0,champawat,NORMAL,0.0,0.0,,,,,,,,,,,,,,,,NORMAL,0.9772702580898188,97.73,EXTREME
7121,Nandprayag (Nandakini),Uttarakhand,47,Chamoli,30.33122222,79.31063889,2025-08-21,0.5,0.5,1,2025,8,233,0.5,0.5,0.5,0.0,0.5,0.5,0.5,0.5,1,1.0,0.5,0.5,1.0,3.6538461538461537,0.5,0.5,2.0,47.5,0.5,0.5,1.5,16.0,0.5,7.0,0.0,4.593403854916196,1.0,13.0,chamoli,NORMAL,0.0,0.0,,,,,,,,,,,,,,,,NORMAL,0.9839369247564855,98.39,EXTREME
7126,Roorkee_2,Uttarakhand,50,Haridwar,29.86771944,77.88415556,2025-08-21,2.5,2.5,1,2025,8,233,2.5,2.5,2.5,0.0,2.5,2.5,2.5,2.5,1,1.0,2.5,2.5,3.5,14.964285714285714,2.5,2.5,14.0,209.5,2.5,2.5,8.0,49.0,2.5,25.5,0.0,16.36537654472239,1.0,14.0,haridwar,NORMAL,0.0,0.0,,,,,,,,,,,,,,,,NORMAL,0.9806035914231521,98.06,EXTREME
7119,Lamgara,Uttarakhand,45,Almora,29.53866667,79.74994444,2025-08-21,0.5,0.5,1,2025,8,233,0.5,0.5,0.5,0.0,0.5,0.5,0.5,0.5,1,1.0,0.5,0.5,1.0,0.6818181818181818,0.5,0.5,4.0,7.5,0.5,0.5,1.5,1.5,0.5,0.5,0.0,0.3370999312316406,1.0,11.0,almora,NORMAL,0.0,0.0,,,,,,,,,,,,,,,,NORMAL,0.9845132700967711,98.45,EXTREME
7128,Guptkashi_1,Uttarakhand,54,Rudraprayag,30.52863889,79.08508333,2025-08-21,9.0,9.0,1,2025,8,233,9.0,9.0,9.0,0.0,9.0,9.0,9.0,9.0,1,1.0,9.0,9.0,9.0,20.916666666666668,9.0,9.0,9.0,125.5,9.0,9.0,9.0,40.5,9.0,10.5,0.0,19.63266835319811,1.0,6.0,rudraprayag,NORMAL,0.0,1.0,,,,,,,,,,,,,,,,NORMAL,0.9872910478745488,98.73,EXTREME
7134,Chandranagar_1,Uttarakhand,54,Rudraprayag,30.41541667,79.06208333,2025-08-22,6.0,6.0,1,2025,8,234,6.0,6.0,6.0,0.0,6.0,6.0,6.0,6.0,1,1.0,6.0,6.0,6.0,6.0,6.0,6.0,6.0,6.0,6.0,6.0,6.0,6.0,6.0,6.0,0.0,0.0,1.0,1.0,rudraprayag,NORMAL,0.0,1.0,,,,,,,,,,,,,,,,NORMAL,0.9734826643894473,97.35,EXTREME
7133,Haldwani_1,Uttarakhand,51,Nainital,29.214725,79.52400278,2025-08-22,0.5,0.5,1,2025,8,234,0.5,0.5,0.5,0.0,0.5,0.5,0.5,0.5,1,1.0,0.5,0.5,19.5,42.23076923076923,0.5,0.5,58.5,549.0,0.5,0.5,42.5,179.0,0.5,57.0,0.0,50.23760849893543,1.0,13.0,nainital,NORMAL,0.0,0.0,,,,,,,,,,,,,,,,NORMAL,0.963865884344096,96.39,EXTREME
7130,Kapkot (Saryu),Uttarakhand,46,Bageshwar,29.94516667,79.9025,2025-08-22,14.5,8.5,5,2025,8,234,14.5,14.5,14.5,0.0,14.5,8.5,8.5,8.5,5,5.0,26.0,26.0,25.83333333333333,27.678571428571427,52.0,52.0,77.5,387.5,37.5,37.5,37.5,93.5,21.5,38.0,16.263455967290593,26.081681711099883,2.0,14.0,bageshwar,NORMAL,0.0,0.0,,,,,,,,,,,,,,,,NORMAL,0.9690382199450032,96.9,EXTREME
7135,Guptkashi_1,Uttarakhand,54,Rudraprayag,30.52863889,79.08508333,2025-08-22,29.5,10.0,5,2025,8,234,29.5,29.5,29.5,0.0,29.5,10.0,10.0,10.0,5,5.0,19.25,19.25,19.25,22.142857142857142,38.5,38.5,38.5,155.0,29.5,29.5,29.5,40.5,10.0,10.5,14.495689014324224,18.21335198353643,2.0,7.0,rudraprayag,NORMAL,0.0,1.0,,,,,,,,,,,,,,,,NORMAL,0.9667825510107627,96.68,EXTREME
7129,Lamgara,Uttarakhand,45,Almora,29.53866667,79.74994444,2025-08-22,0.5,0.5,1,2025,8,234,0.5,0.5,0.5,0.0,0.5,0.5,0.5,0.5,1,1.0,0.5,0.5,0.9,0.6666666666666666,1.0,1.0,4.5,8.0,0.5,0.5,1.5,1.5,0.5,0.5,0.0,0.3256694736394833,2.0,12.0,almora,NORMAL,0.0,0.0,,,,,,,,,,,,,,,,NORMAL,0.9438534625007337,94.39,EXTREME
7131,Yamuna Colony,Uttarakhand,49,Dehradun,30.33775278,78.03311667,2025-08-22,18.5,17.0,2,2025,8,234,18.5,18.5,18.5,0.0,18.5,17.0,17.0,17.0,2,2.0,13.0,13.0,29.75,37.6764705882353,26.0,26.0,178.5,640.5,18.5,18.5,139.5,188.5,17.0,29.5,7.7781745930520225,55.09648955936037,2.0,17.0,dehradun,NORMAL,0.0,0.0,,,,,,,,,,,,,,,,NORMAL,0.9438534625007337,94.39,EXTREME
7132,Roorkee_2,Uttarakhand,50,Haridwar,29.86771944,77.88415556,2025-08-22,16.5,15.0,2,2025,8,234,16.5,16.5,16.5,0.0,16.5,15.0,15.0,15.0,2,2.0,9.5,9.5,6.1,15.607142857142858,19.0,19.0,30.5,218.5,16.5,16.5,16.5,49.0,15.0,25.5,9.899494936611664,16.225785001074655,2.0,14.0,haridwar,NORMAL,0.0,0.0,,,,,,,,,,,,,,,,NORMAL,0.9438081110268107,94.38,EXTREME
7136,Baijnath (Gomti),Uttarakhand,46,Bageshwar,29.90822222,79.61769444,2025-08-23,4.0,4.0,1,2025,8,235,4.0,4.0,4.0,0.0,4.0,4.0,4.0,4.0,1,1.0,4.0,4.0,15.0,18.5,4.0,4.0,45.0,240.5,4.0,4.0,27.0,111.5,4.0,25.0,0.0,29.47244475777336,1.0,13.0,bageshwar,NORMAL,0.0,0.0,,,,,,,,,,,,,,,,NORMAL,0.9468577389806876,94.69,EXTREME
7137,Yamuna Colony,Uttarakhand,49,Dehradun,30.33775278,78.03311667,2025-08-23,5.5,5.0,2,2025,8,235,5.5,5.5,5.5,0.0,5.5,5.0,5.0,5.0,2,2.0,10.5,10.5,30.58333333333333,35.888888888888886,31.5,31.5,183.5,646.0,18.5,18.5,139.5,188.5,17.0,29.5,7.0,53.98680545650661,3.0,18.0,dehradun,NORMAL,0.0,0.0,,,,,,,,,,,,,,,,NORMAL,0.9667825510107627,96.68,EXTREME
7138,Gadarpur,Uttarakhand,56,UDHAM SINGH NAGAR,29.04324167,79.24461944,2025-08-23,209.0,209.0,1,2025,8,235,209.0,209.0,209.0,0.0,209.0,209.0,209.0,209.0,1,1.0,209.0,105.25,60.875,24.433333333333334,209.0,210.5,243.5,366.5,209.0,209.0,209.0,209.0,209.0,209.0,146.7246570962086,52.49621301534408,2.0,15.0,udham singh nagar,NORMAL,0.0,0.0,,,,,,,,,,,,,,,,NORMAL,0.970149331056114,97.01,EXTREME
7139,Kapkot (Saryu),Uttarakhand,46,Bageshwar,29.94516667,79.9025,2025-08-25,7.5,7.5,1,2025,8,237,7.5,7.5,7.5,0.0,7.5,7.5,7.5,7.5,1,1.0,7.5,19.83333333333333,19.83333333333333,26.33333333333333,7.5,59.5,59.5,395.0,7.5,37.5,37.5,93.5,21.5,38.0,15.69500982265807,25.66728508840631,3.0,15.0,bageshwar,NORMAL,0.0,0.0,,,,,,,,,,,,,,,,NORMAL,0.9605347334173715,96.05,EXTREME
7140,Dugadda (Khoh),Uttarakhand,52,PAURI GARHWAL,29.75108333,78.52341667,2025-08-27,108.0,108.0,1,2025,8,239,108.0,108.0,108.0,0.0,108.0,108.0,108.0,108.0,1,1.0,108.0,108.0,108.0,12.555555555555555,108.0,108.0,108.0,113.0,108.0,108.0,108.0,108.0,108.0,108.0,0.0,35.79232149187557,1.0,9.0,pauri garhwal,NORMAL,0.0,0.0,,,,,,,,,,,,,,,,NORMAL,0.9805909344958642,98.06,EXTREME
7141,Purola_1,Uttarakhand,57,Uttarkashi,30.91291667,78.10388889,2025-08-27,478.5,478.5,1,2025,8,239,478.5,478.5,478.5,0.0,478.5,478.5,478.5,478.5,1,1.0,478.5,478.5,478.5,478.5,478.5,478.5,478.5,478.5,478.5,478.5,478.5,478.5,478.5,478.5,0.0,0.0,1.0,1.0,uttarkashi,NORMAL,0.0,0.0,,,,,,,,,,,,,,,,NORMAL,0.9828466034301044,98.28,EXTREME
7143,Yamkeshwar,Uttarakhand,52,PAURI GARHWAL,29.96130556,78.44086111,2025-08-28,136.0,136.0,1,2025,8,240,136.0,136.0,136.0,0.0,136.0,136.0,136.0,136.0,1,1.0,136.0,136.0,136.0,136.0,136.0,136.0,136.0,136.0,136.0,136.0,136.0,136.0,136.0,136.0,0.0,0.0,1.0,1.0,pauri garhwal,NORMAL,0.0,0.0,,,,,,,,,,,,,,,,NORMAL,0.9839123630672926,98.39,EXTREME
7142,Kosi_1,Uttarakhand,45,Almora,29.6191,79.62060833,2025-08-28,100.0,100.0,1,2025,8,240,100.0,100.0,100.0,0.0,100.0,100.0,100.0,100.0,1,1.0,100.0,100.0,104.5,104.5,100.0,100.0,209.0,209.0,100.0,100.0,109.0,109.0,100.0,109.0,0.0,6.363961030678928,1.0,2.0,almora,NORMAL,0.0,0.0,,,,,,,,,,,,,,,,NORMAL,0.9839123630672926,98.39,EXTREME
7144,Gadarpur,Uttarakhand,56,UDHAM SINGH NAGAR,29.04324167,79.24461944,2025-08-28,2.0,2.0,1,2025,8,240,2.0,2.0,2.0,0.0,2.0,2.0,2.0,2.0,1,1.0,2.0,105.5,70.83333333333333,26.884615384615383,2.0,211.0,212.5,349.5,2.0,209.0,209.0,209.0,209.0,209.0,146.37110370561533,56.19540085205441,2.0,13.0,udham singh nagar,NORMAL,0.0,0.0,,,,,,,,,,,,,,,,NORMAL,0.9839577145412155,98.4,EXTREME
7147,Gadarpur,Uttarakhand,56,UDHAM SINGH NAGAR,29.04324167,79.24461944,2025-09-01,55.0,22.5,6,2025,9,244,55.0,55.0,55.0,0.0,55.0,22.5,22.5,22.5,6,6.0,55.0,28.5,88.66666666666667,35.77272727272727,55.0,57.0,266.0,393.5,55.0,55.0,209.0,209.0,22.5,209.0,37.476659402887016,60.123358038437786,2.0,11.0,udham singh nagar,NORMAL,0.0,0.0,,,,,,,,,,,,,,,,NORMAL,0.9872456964006259,98.72,EXTREME
7146,Dugadda (Khoh),Uttarakhand,52,PAURI GARHWAL,29.75108333,78.52341667,2025-09-01,65.5,65.5,1,2025,9,244,65.5,65.5,65.5,0.0,65.5,65.5,65.5,65.5,1,1.0,65.5,86.75,86.75,19.77777777777778,65.5,173.5,173.5,178.0,65.5,108.0,108.0,108.0,108.0,108.0,30.05203820042827,39.42882124086953,2.0,9.0,pauri garhwal,NORMAL,0.0,0.0,,,,,,,,,,,,,,,,NORMAL,0.9839577145412155,98.4,EXTREME
7145,Roorkee_2,Uttarakhand,50,Haridwar,29.86771944,77.88415556,2025-09-01,14.0,5.5,4,2025,9,244,14.0,14.0,14.0,0.0,14.0,5.5,5.5,5.5,4,4.0,14.0,14.0,11.0,15.65,14.0,14.0,33.0,156.5,14.0,14.0,16.5,49.0,5.5,25.5,0.0,17.026205292626635,1.0,10.0,haridwar,NORMAL,0.0,0.0,,,,,,,,,,,,,,,,NORMAL,0.9804520456069753,98.05,EXTREME
7149,Gadarpur,Uttarakhand,56,UDHAM SINGH NAGAR,29.04324167,79.24461944,2025-09-02,4.5,3.0,3,2025,9,245,4.5,4.5,4.5,0.0,4.5,3.0,3.0,3.0,3,3.0,29.75,20.5,67.625,36.04545454545455,59.5,61.5,270.5,396.5,55.0,55.0,209.0,209.0,22.5,209.0,29.90401310861136,59.9589253345382,3.0,11.0,udham singh nagar,NORMAL,0.0,0.0,,,,,,,,,,,,,,,,NORMAL,0.9839123630672926,98.39,EXTREME
7148,Haldwani_1,Uttarakhand,51,Nainital,29.214725,79.52400278,2025-09-02,1.0,1.0,1,2025,9,245,1.0,1.0,1.0,0.0,1.0,1.0,1.0,1.0,1,1.0,1.0,1.0,0.75,34.285714285714285,1.0,1.0,1.5,240.0,1.0,1.0,1.0,108.5,1.0,28.0,0.0,37.18406596789495,1.0,7.0,nainital,NORMAL,0.0,0.0,,,,,,,,,,,,,,,,NORMAL,0.9800471575033238,98.0,EXTREME
7150,Roorkee_2,Uttarakhand,50,Haridwar,29.86771944,77.88415556,2025-09-03,1.5,1.5,1,2025,9,246,1.5,1.5,1.5,0.0,1.5,1.5,1.5,1.5,1,1.0,7.75,7.75,8.625,11.61111111111111,15.5,15.5,34.5,104.5,14.0,14.0,16.5,43.0,5.5,15.0,8.838834764831844,13.35050976970961,2.0,9.0,haridwar,NORMAL,0.0,0.0,,,,,,,,,,,,,,,,NORMAL,0.9705189205887234,97.05,EXTREME
7151,Yamuna Colony,Uttarakhand,49,Dehradun,30.33775278,78.03311667,2025-09-07,10.5,10.5,1,2025,9,250,10.5,10.5,10.5,0.0,10.5,10.5,10.5,10.5,1,1.0,10.5,10.5,10.5,24.3125,10.5,10.5,10.5,194.5,10.5,10.5,10.5,139.5,10.5,25.5,0.0,46.91020106848521,1.0,8.0,dehradun,NORMAL,0.0,0.0,,,,,,,,,,,,,,,,NORMAL,0.9872456964006259,98.72,EXTREME
7153,Chandranagar_1,Uttarakhand,54,Rudraprayag,30.41541667,79.06208333,2025-09-12,84.5,84.5,1,2025,9,255,84.5,84.5,84.5,0.0,84.5,84.5,84.5,84.5,1,1.0,84.5,84.5,84.5,45.25,84.5,84.5,84.5,90.5,84.5,84.5,84.5,84.5,84.5,84.5,0.0,55.50788232314398,1.0,2.0,rudraprayag,NORMAL,0.0,1.0,,,,,,,,,,,,,,,,NORMAL,0.9872456964006259,98.72,EXTREME
7152,Kapkot (Saryu),Uttarakhand,46,Bageshwar,29.94516667,79.9025,2025-09-12,0.5,0.5,1,2025,9,255,0.5,0.5,0.5,0.0,0.5,0.5,0.5,0.5,1,1.0,0.5,0.5,0.5,15.0,0.5,0.5,0.5,60.0,0.5,0.5,0.5,37.5,0.5,21.5,0.0,16.051998837112755,1.0,4.0,bageshwar,NORMAL,0.0,0.0,,,,,,,,,,,,,,,,NORMAL,0.9872910478745488,98.73,EXTREME
7155,Dugadda (Khoh),Uttarakhand,52,PAURI GARHWAL,29.75108333,78.52341667,2025-09-13,0.5,0.5,1,2025,9,256,0.5,0.5,0.5,0.0,0.5,0.5,0.5,0.5,1,1.0,0.5,0.5,33.0,58.0,0.5,0.5,66.0,174.0,0.5,0.5,65.5,108.0,0.5,108.0,0.0,54.14101956926928,1.0,3.0,pauri garhwal,NORMAL,0.0,0.0,,,,,,,,,,,,,,,,NORMAL,0.9801023826993067,98.01,EXTREME
7154,Khati_1,Uttarakhand,46,Bageshwar,30.11019722,79.94055833,2025-09-13,0.5,0.5,1,2025,9,256,0.5,0.5,0.5,0.0,0.5,0.5,0.5,0.5,1,1.0,0.5,0.5,0.5,0.5,0.5,0.5,0.5,1.0,0.5,0.5,0.5,0.5,0.5,0.5,0.0,0.0,1.0,2.0,bageshwar,NORMAL,0.0,0.0,,,,,,,,,,,,,,,,NORMAL,0.9839123630672926,98.39,EXTREME
7157,Roorkee_2,Uttarakhand,50,Haridwar,29.86771944,77.88415556,2025-09-14,0.5,0.5,1,2025,9,257,0.5,0.5,0.5,0.0,0.5,0.5,0.5,0.5,1,1.0,0.5,0.5,5.333333333333333,7.0,0.5,0.5,16.0,35.0,0.5,0.5,14.0,16.5,0.5,15.0,0.0,7.615773105863995,1.0,5.0,haridwar,NORMAL,0.0,0.0,,,,,,,,,,,,,,,,NORMAL,0.9805909344958642,98.06,EXTREME
7156,Kapkot (Saryu),Uttarakhand,46,Bageshwar,29.94516667,79.9025,2025-09-14,13.0,10.0,3,2025,9,257,13.0,13.0,13.0,0.0,13.0,10.0,10.0,10.0,3,3.0,6.75,6.75,6.75,14.6,13.5,13.5,13.5,73.0,13.0,13.0,13.0,37.5,10.0,21.5,8.838834764831844,13.930183056945156,2.0,5.0,bageshwar,NORMAL,0.0,0.0,,,,,,,,,,,,,,,,NORMAL,0.9839577145412155,98.4,EXTREME
7158,Dugadda (Khoh),Uttarakhand,52,PAURI GARHWAL,29.75108333,78.52341667,2025-09-14,0.5,0.5,1,2025,9,257,0.5,0.5,0.5,0.0,0.5,0.5,0.5,0.5,1,1.0,0.5,0.5,22.166666666666668,43.625,1.0,1.0,66.5,174.5,0.5,0.5,65.5,108.0,0.5,108.0,0.0,52.7326195695479,2.0,4.0,pauri garhwal,NORMAL,0.0,0.0,,,,,,,,,,,,,,,,NORMAL,0.9839123630672926,98.39,EXTREME
7159,Haldwani_1,Uttarakhand,51,Nainital,29.214725,79.52400278,2025-09-15,18.0,18.0,1,2025,9,258,18.0,18.0,18.0,0.0,18.0,18.0,18.0,18.0,1,1.0,18.0,18.0,9.5,6.5,18.0,18.0,19.0,19.5,18.0,18.0,18.0,18.0,18.0,18.0,0.0,9.962429422585377,1.0,3.0,nainital,NORMAL,0.0,0.0,,,,,,,,,,,,,,,,NORMAL,0.9839123630672926,98.39,EXTREME
7160,Gadarpur,Uttarakhand,56,UDHAM SINGH NAGAR,29.04324167,79.24461944,2025-09-16,0.5,0.5,1,2025,9,259,0.5,0.5,0.5,0.0,0.5,0.5,0.5,0.5,1,1.0,0.5,0.5,0.5,54.2,0.5,0.5,0.5,271.0,0.5,0.5,0.5,209.0,0.5,209.0,0.0,89.50181562404194,1.0,5.0,udham singh nagar,NORMAL,0.0,0.0,,,,,,,,,,,,,,,,NORMAL,0.9872456964006259,98.72,EXTREME
7161,Purola_1,Uttarakhand,57,Uttarkashi,30.91291667,78.10388889,2025-09-16,80.0,80.0,1,2025,9,259,80.0,80.0,80.0,0.0,80.0,80.0,80.0,80.0,1,1.0,80.0,80.0,80.0,279.25,80.0,80.0,80.0,558.5,80.0,80.0,80.0,478.5,80.0,478.5,0.0,281.7820523028392,1.0,2.0,uttarkashi,NORMAL,0.0,0.0,,,,,,,,,,,,,,,,NORMAL,0.9839577145412155,98.4,EXTREME
7162,Kapkot (Saryu),Uttarakhand,46,Bageshwar,29.94516667,79.9025,2025-09-22,5.0,2.5,2,2025,9,265,5.0,5.0,5.0,0.0,5.0,2.5,2.5,2.5,2,2.0,5.0,5.0,6.166666666666667,6.5,5.0,5.0,18.5,26.0,5.0,5.0,13.0,13.0,2.5,10.0,0.0,5.212165257037364,1.0,4.0,bageshwar,NORMAL,0.0,0.0,,,,,,,,,,,,,,,,NORMAL,0.9839577145412155,98.4,EXTREME
7163,Danda_1,Uttarakhand,48,Champawat,29.15927778,80.10852778,2025-09-25,0.5,0.5,1,2025,9,268,0.5,0.5,0.5,0.0,0.5,0.5,0.5,0.5,1,1.0,0.5,0.5,0.5,0.5,0.5,0.5,0.5,0.5,0.5,0.5,0.5,0.5,0.5,0.5,0.0,0.0,1.0,1.0,champawat,NORMAL,0.0,0.0,,,,,,,,,,,,,,,,NORMAL,0.9767690493659734,97.68,EXTREME
7164,Kapkot (Saryu),Uttarakhand,46,Bageshwar,29.94516667,79.9025,2025-09-27,1.0,1.0,1,2025,9,270,1.0,1.0,1.0,0.0,1.0,1.0,1.0,1.0,1,1.0,1.0,3.0,6.333333333333333,4.875,1.0,6.0,19.0,19.5,1.0,5.0,13.0,13.0,2.5,10.0,2.8284271247461903,5.778912815861966,2.0,4.0,bageshwar,NORMAL,0.0,0.0,,,,,,,,,,,,,,,,NORMAL,0.9723409344958641,97.23,EXTREME
7165,Haldwani_1,Uttarakhand,51,Nainital,29.214725,79.52400278,2025-09-28,7.0,4.0,2,2025,9,271,7.0,7.0,7.0,0.0,7.0,4.0,4.0,4.0,2,2.0,7.0,7.0,12.5,8.666666666666666,7.0,7.0,25.0,26.0,7.0,7.0,18.0,18.0,4.0,18.0,0.0,8.621678104251451,1.0,3.0,nainital,NORMAL,0.0,0.0,,,,,,,,,,,,,,,,NORMAL,0.9772693797255462,97.73,EXTREME
7167,Yamuna Colony,Uttarakhand,49,Dehradun,30.33775278,78.03311667,2025-09-29,0.5,0.5,1,2025,9,272,0.5,0.5,0.5,0.0,0.5,0.5,0.5,0.5,1,1.0,0.5,0.5,0.5,5.5,0.5,0.5,0.5,11.0,0.5,0.5,0.5,10.5,0.5,10.5,0.0,7.071067811865476,1.0,2.0,dehradun,NORMAL,0.0,0.0,,,,,,,,,,,,,,,,NORMAL,0.9634781205934464,96.35,EXTREME
7166,Kapkot (Saryu),Uttarakhand,46,Bageshwar,29.94516667,79.9025,2025-09-29,9.5,5.0,2,2025,9,272,9.5,9.5,9.5,0.0,9.5,5.0,5.0,5.0,2,2.0,5.25,5.25,5.166666666666667,5.8,10.5,10.5,15.5,29.0,9.5,9.5,9.5,13.0,5.0,10.0,6.010407640085654,5.415256226624961,2.0,5.0,bageshwar,NORMAL,0.0,0.0,,,,,,,,,,,,,,,,NORMAL,0.9905994152046782,99.06,EXTREME
7169,Sonprayag_1,Uttarakhand,54,Rudraprayag,30.63547222,78.99941667,2025-09-29,0.5,0.5,1,2025,9,272,0.5,0.5,0.5,0.0,0.5,0.5,0.5,0.5,1,1.0,0.5,0.5,0.5,0.5,0.5,0.5,0.5,0.5,0.5,0.5,0.5,0.5,0.5,0.5,0.0,0.0,1.0,1.0,rudraprayag,NORMAL,0.0,1.0,,,,,,,,,,,,,,,,NORMAL,0.9771941941630937,97.72,EXTREME
7168,Guptkashi_1,Uttarakhand,54,Rudraprayag,30.52863889,79.08508333,2025-09-29,1.5,0.5,3,2025,9,272,1.5,1.5,1.5,0.0,1.5,0.5,0.5,0.5,3,3.0,1.5,1.5,1.5,1.5,1.5,1.5,1.5,1.5,1.5,1.5,1.5,1.5,0.5,0.5,0.0,0.0,1.0,1.0,rudraprayag,NORMAL,0.0,1.0,,,,,,,,,,,,,,,,NORMAL,0.9905994152046782,99.06,EXTREME
7172,Danda_1,Uttarakhand,48,Champawat,29.15927778,80.10852778,2025-09-30,0.5,0.5,1,2025,9,273,0.5,0.5,0.5,0.0,0.5,0.5,0.5,0.5,1,1.0,0.5,0.5,0.5,0.5,0.5,1.0,1.0,1.0,0.5,0.5,0.5,0.5,0.5,0.5,0.0,0.0,2.0,2.0,champawat,NORMAL,0.0,0.0,,,,,,,,,,,,,,,,NORMAL,0.9699016398016399,96.99,EXTREME
7171,Champawat_1,Uttarakhand,48,Champawat,29.33341667,80.08469444,2025-09-30,4.0,2.0,2,2025,9,273,4.0,4.0,4.0,0.0,4.0,2.0,2.0,2.0,2,2.0,4.0,4.0,4.0,4.0,4.0,4.0,4.0,4.0,4.0,4.0,4.0,4.0,2.0,2.0,0.0,0.0,1.0,1.0,champawat,NORMAL,0.0,0.0,,,,,,,,,,,,,,,,NORMAL,0.9084568766420089,90.85,EXTREME
7182,Tumaria,Uttarakhand,56,UDHAM SINGH NAGAR,29.30704722,78.93133056,2025-09-30,11.0,7.0,3,2025,9,273,11.0,11.0,11.0,0.0,11.0,7.0,7.0,7.0,3,3.0,11.0,11.0,11.0,11.0,11.0,11.0,11.0,11.0,11.0,11.0,11.0,11.0,7.0,7.0,0.0,0.0,1.0,1.0,udham singh nagar,NORMAL,0.0,0.0,,,,,,,,,,,,,,,,NORMAL,0.9247962344730308,92.48,EXTREME
7179,Guptkashi_1,Uttarakhand,54,Rudraprayag,30.52863889,79.08508333,2025-09-30,0.5,0.5,1,2025,9,273,0.5,0.5,0.5,0.0,0.5,0.5,0.5,0.5,1,1.0,1.0,1.0,1.0,1.0,2.0,2.0,2.0,2.0,1.5,1.5,1.5,1.5,0.5,0.5,0.7071067811865476,0.7071067811865476,2.0,2.0,rudraprayag,NORMAL,0.0,1.0,,,,,,,,,,,,,,,,NORMAL,0.9731381321262802,97.31,EXTREME
7173,Rithakhal,Uttarakhand,48,Champawat,29.44911111,79.882,2025-09-30,6.0,3.0,2,2025,9,273,6.0,6.0,6.0,0.0,6.0,3.0,3.0,3.0,2,2.0,6.0,6.0,6.0,6.0,6.0,6.0,6.0,6.0,6.0,6.0,6.0,6.0,3.0,3.0,0.0,0.0,1.0,1.0,champawat,NORMAL,0.0,0.0,,,,,,,,,,,,,,,,NORMAL,0.5581666843897626,55.82,HIGH
7180,Gadarpur,Uttarakhand,56,UDHAM SINGH NAGAR,29.04324167,79.24461944,2025-09-30,39.0,16.0,4,2025,9,273,39.0,39.0,39.0,0.0,39.0,16.0,16.0,16.0,4,4.0,39.0,39.0,39.0,24.75,39.0,39.0,39.0,99.0,39.0,39.0,39.0,55.0,16.0,22.5,0.0,26.55968122298656,1.0,4.0,udham singh nagar,NORMAL,0.0,0.0,,,,,,,,,,,,,,,,NORMAL,0.7700162542450241,77.0,VERY HIGH
7178,Basukedar,Uttarakhand,54,Rudraprayag,30.43919444,79.05633333,2025-09-30,21.0,15.0,2,2025,9,273,21.0,21.0,21.0,0.0,21.0,15.0,15.0,15.0,2,2.0,21.0,21.0,21.0,21.0,21.0,21.0,21.0,21.0,21.0,21.0,21.0,21.0,15.0,15.0,0.0,0.0,1.0,1.0,rudraprayag,NORMAL,0.0,1.0,,,,,,,,,,,,,,,,NORMAL,0.9035918907052496,90.36,EXTREME
7174,Yamuna Colony,Uttarakhand,49,Dehradun,30.33775278,78.03311667,2025-09-30,3.0,3.0,1,2025,9,273,3.0,3.0,3.0,0.0,3.0,3.0,3.0,3.0,1,1.0,1.75,1.75,1.75,4.666666666666667,3.5,3.5,3.5,14.0,3.0,3.0,3.0,10.5,3.0,10.5,1.7677669529663689,5.204164998665332,2.0,3.0,dehradun,NORMAL,0.0,0.0,,,,,,,,,,,,,,,,NORMAL,0.9450597348763242,94.51,EXTREME
7170,Kapkot (Saryu),Uttarakhand,46,Bageshwar,29.94516667,79.9025,2025-09-30,3.5,3.5,1,2025,9,273,3.5,3.5,3.5,0.0,3.5,3.5,3.5,3.5,1,1.0,6.5,4.666666666666667,4.75,5.416666666666667,13.0,14.0,19.0,32.5,9.5,9.5,9.5,13.0,5.0,10.0,4.368447474027052,4.933727461733871,3.0,6.0,bageshwar,NORMAL,0.0,0.0,,,,,,,,,,,,,,,,NORMAL,0.9541785702872824,95.42,EXTREME
7181,Haripura_2,Uttarakhand,56,UDHAM SINGH NAGAR,29.13151944,79.25965556,2025-09-30,53.5,34.5,3,2025,9,273,53.5,53.5,53.5,0.0,53.5,34.5,34.5,34.5,3,3.0,53.5,53.5,53.5,53.5,53.5,53.5,53.5,53.5,53.5,53.5,53.5,53.5,34.5,34.5,0.0,0.0,1.0,1.0,udham singh nagar,NORMAL,0.0,0.0,,,,,,,,,,,,,,,,NORMAL,0.9522738949338719,95.23,EXTREME
7176,Dugadda (Khoh),Uttarakhand,52,PAURI GARHWAL,29.75108333,78.52341667,2025-09-30,1.0,0.5,2,2025,9,273,1.0,1.0,1.0,0.0,1.0,0.5,0.5,0.5,2,2.0,1.0,1.0,1.0,16.875,1.0,1.0,1.0,67.5,1.0,1.0,1.0,65.5,0.5,65.5,0.0,32.41752355337053,1.0,4.0,pauri garhwal,NORMAL,0.0,0.0,,,,,,,,,,,,,,,,NORMAL,0.9826342083842081,98.26,EXTREME
7175,Haldwani_1,Uttarakhand,51,Nainital,29.214725,79.52400278,2025-09-30,53.5,26.0,8,2025,9,273,53.5,53.5,53.5,0.0,53.5,26.0,26.0,26.0,8,8.0,30.25,30.25,30.25,19.875,60.5,60.5,60.5,79.5,53.5,53.5,53.5,53.5,26.0,26.0,32.88046532517446,23.496010299623205,2.0,4.0,nainital,NORMAL,0.0,0.0,,,,,,,,,,,,,,,,NORMAL,0.9975,99.75,EXTREME
7177,Nachni,Uttarakhand,53,Pithoragarh,29.90594444,80.16097222,2025-09-30,0.5,0.5,1,2025,9,273,0.5,0.5,0.5,0.0,0.5,0.5,0.5,0.5,1,1.0,0.5,0.5,0.5,0.5,0.5,0.5,0.5,0.5,0.5,0.5,0.5,0.5,0.5,0.5,0.0,0.0,1.0,1.0,pithoragarh,NORMAL,0.0,0.0,,,,,,,,,,,,,,,,NORMAL,0.983829365079365,98.38,EXTREME
7185,Guptkashi_1,Uttarakhand,54,Rudraprayag,30.52863889,79.08508333,2025-10-01,1.0,0.5,2,2025,10,274,1.0,1.0,1.0,0.0,1.0,0.5,0.5,0.5,2,2.0,1.0,1.0,1.0,1.0,3.0,3.0,3.0,3.0,1.5,1.5,1.5,1.5,0.5,0.5,0.5,0.5,3.0,3.0,rudraprayag,NORMAL,0.0,1.0,,,,,,,,,,,,,,,,NORMAL,0.9913333333333333,99.13,EXTREME
7186,Sitarganj_1,Uttarakhand,56,UDHAM SINGH NAGAR,28.92971389,79.703,2025-10-01,1.5,1.5,1,2025,10,274,1.5,1.5,1.5,0.0,1.5,1.5,1.5,1.5,1,1.0,1.5,1.5,1.5,1.5,1.5,1.5,1.5,1.5,1.5,1.5,1.5,1.5,1.5,1.5,0.0,0.0,1.0,1.0,udham singh nagar,NORMAL,0.0,0.0,,,,,,,,,,,,,,,,NORMAL,0.9809342668873332,98.09,EXTREME
7184,Danda_1,Uttarakhand,48,Champawat,29.15927778,80.10852778,2025-10-01,2.0,2.0,1,2025,10,274,2.0,2.0,2.0,0.0,2.0,2.0,2.0,2.0,1,1.0,1.25,1.0,1.0,1.0,2.5,3.0,3.0,3.0,2.0,2.0,2.0,2.0,2.0,2.0,0.8660254037844386,0.8660254037844386,3.0,3.0,champawat,NORMAL,0.0,0.0,,,,,,,,,,,,,,,,NORMAL,0.9869576719576719,98.7,EXTREME
7183,Nandprayag (Nandakini),Uttarakhand,47,Chamoli,30.33122222,79.31063889,2025-10-01,2.5,2.0,2,2025,10,274,2.5,2.5,2.5,0.0,2.5,2.0,2.0,2.0,2,2.0,2.5,2.5,2.5,2.5,2.5,2.5,2.5,2.5,2.5,2.5,2.5,2.5,2.0,2.0,0.0,0.0,1.0,1.0,chamoli,NORMAL,0.0,0.0,,,,,,,,,,,,,,,,NORMAL,0.9765565175565174,97.66,EXTREME
7187,Nandprayag (Nandakini),Uttarakhand,47,Chamoli,30.33122222,79.31063889,2025-10-02,8.0,2.0,6,2025,10,275,8.0,8.0,8.0,0.0,8.0,2.0,2.0,2.0,6,6.0,5.25,5.25,5.25,5.25,10.5,10.5,10.5,10.5,8.0,8.0,8.0,8.0,2.0,2.0,3.8890872965260113,3.8890872965260113,2.0,2.0,chamoli,NORMAL,0.0,0.0,,,,,,,,,,,,,,,,NORMAL,0.9584168443182528,95.84,EXTREME
7188,Guptkashi_1,Uttarakhand,54,Rudraprayag,30.52863889,79.08508333,2025-10-02,1.0,1.0,1,2025,10,275,1.0,1.0,1.0,0.0,1.0,1.0,1.0,1.0,1,1.0,0.8333333333333334,1.0,1.0,1.0,2.5,4.0,4.0,4.0,1.0,1.5,1.5,1.5,1.0,1.0,0.408248290463863,0.408248290463863,4.0,4.0,rudraprayag,NORMAL,0.0,1.0,,,,,,,,,,,,,,,,NORMAL,0.9658106513312396,96.58,EXTREME
7190,Yamuna Colony,Uttarakhand,49,Dehradun,30.33775278,78.03311667,2025-12-15,8.0,8.0,1,2025,12,349,8.0,8.0,8.0,0.0,8.0,8.0,8.0,8.0,1,1.0,8.0,8.0,8.0,8.0,8.0,8.0,8.0,8.0,8.0,8.0,8.0,8.0,8.0,8.0,0.0,0.0,1.0,1.0,dehradun,NORMAL,0.0,0.0,,,,,,,,,,,,,,,,NORMAL,0.900082055260198,90.01,EXTREME
7189,Lamgara,Uttarakhand,45,Almora,29.53866667,79.74994444,2025-12-15,1.0,0.5,2,2025,12,349,1.0,1.0,1.0,0.0,1.0,0.5,0.5,0.5,2,2.0,1.0,1.0,1.0,1.0,1.0,1.0,1.0,1.0,1.0,1.0,1.0,1.0,0.5,0.5,0.0,0.0,1.0,1.0,almora,NORMAL,0.0,0.0,,,,,,,,,,,,,,,,NORMAL,0.9576005291005292,95.76,EXTREME
7191,Gadarpur,Uttarakhand,56,UDHAM SINGH NAGAR,29.04324167,79.24461944,2025-12-15,238.5,238.5,1,2025,12,349,238.5,238.5,238.5,0.0,238.5,238.5,238.5,238.5,1,1.0,238.5,238.5,238.5,238.5,238.5,238.5,238.5,238.5,238.5,238.5,238.5,238.5,238.5,238.5,0.0,0.0,1.0,1.0,udham singh nagar,NORMAL,0.0,0.0,,,,,,,,,,,,,,,,NORMAL,0.9920370370370369,99.2,EXTREME
7193,Tanakpur_1,Uttarakhand,48,Champawat,29.07222222,80.1175,2025-12-16,108.0,108.0,1,2025,12,350,108.0,108.0,108.0,0.0,108.0,108.0,108.0,108.0,1,1.0,108.0,108.0,108.0,108.0,108.0,108.0,108.0,108.0,108.0,108.0,108.0,108.0,108.0,108.0,0.0,0.0,1.0,1.0,champawat,NORMAL,0.0,0.0,,,,,,,,,,,,,,,,NORMAL,0.9246036556036555,92.46,EXTREME
7192,Lamgara,Uttarakhand,45,Almora,29.53866667,79.74994444,2025-12-16,4.5,2.0,5,2025,12,350,4.5,4.5,4.5,0.0,4.5,2.0,2.0,2.0,5,5.0,2.75,2.75,2.75,2.75,5.5,5.5,5.5,5.5,4.5,4.5,4.5,4.5,2.0,2.0,2.4748737341529163,2.4748737341529163,2.0,2.0,almora,NORMAL,0.0,0.0,,,,,,,,,,,,,,,,NORMAL,0.7788377778116655,77.88,VERY HIGH
7194,Lamgara,Uttarakhand,45,Almora,29.53866667,79.74994444,2025-12-17,3.0,1.0,5,2025,12,351,3.0,3.0,3.0,0.0,3.0,1.0,1.0,1.0,5,5.0,2.833333333333333,2.833333333333333,2.833333333333333,2.833333333333333,8.5,8.5,8.5,8.5,4.5,4.5,4.5,4.5,2.0,2.0,1.7559422921421233,1.7559422921421233,3.0,3.0,almora,NORMAL,0.0,0.0,,,,,,,,,,,,,,,,NORMAL,0.8866090048295932,88.66,EXTREME
7195,Lamgara,Uttarakhand,45,Almora,29.53866667,79.74994444,2025-12-18,0.5,0.5,1,2025,12,352,0.5,0.5,0.5,0.0,0.5,0.5,0.5,0.5,1,1.0,2.6666666666666665,2.25,2.25,2.25,8.0,9.0,9.0,9.0,4.5,4.5,4.5,4.5,2.0,2.0,1.848422751068236,1.848422751068236,4.0,4.0,almora,NORMAL,0.0,0.0,,,,,,,,,,,,,,,,NORMAL,0.9558234126984129,95.58,EXTREME
7197,Purola_1,Uttarakhand,57,Uttarkashi,30.91291667,78.10388889,2025-12-19,0.5,0.5,1,2025,12,353,0.5,0.5,0.5,0.0,0.5,0.5,0.5,0.5,1,1.0,0.5,0.5,0.5,0.5,0.5,0.5,0.5,0.5,0.5,0.5,0.5,0.5,0.5,0.5,0.0,0.0,1.0,1.0,uttarkashi,NORMAL,0.0,0.0,,,,,,,,,,,,,,,,NORMAL,0.7396401454265377,73.96,VERY HIGH
7196,Yamuna Colony,Uttarakhand,49,Dehradun,30.33775278,78.03311667,2025-12-19,233.5,233.5,1,2025,12,353,233.5,233.5,233.5,0.0,233.5,233.5,233.5,233.5,1,1.0,233.5,120.75,120.75,120.75,233.5,241.5,241.5,241.5,233.5,233.5,233.5,233.5,233.5,233.5,159.45257915756648,159.45257915756648,2.0,2.0,dehradun,NORMAL,0.0,0.0,,,,,,,,,,,,,,,,NORMAL,0.6483960308410773,64.84,VERY HIGH
7199,Yamuna Colony,Uttarakhand,49,Dehradun,30.33775278,78.03311667,2025-12-20,48.0,48.0,1,2025,12,354,48.0,48.0,48.0,0.0,48.0,48.0,48.0,48.0,1,1.0,140.75,96.5,96.5,96.5,281.5,289.5,289.5,289.5,233.5,233.5,233.5,233.5,233.5,233.5,120.31936668716304,120.31936668716304,3.0,3.0,dehradun,NORMAL,0.0,0.0,,,,,,,,,,,,,,,,NORMAL,0.9267787999038001,92.68,EXTREME
7202,Virbhadra,Uttarakhand,52,PAURI GARHWAL,30.07444444,78.29047222,2025-12-20,238.0,238.0,1,2025,12,354,238.0,238.0,238.0,0.0,238.0,238.0,238.0,238.0,1,1.0,238.0,238.0,238.0,238.0,238.0,238.0,238.0,238.0,238.0,238.0,238.0,238.0,238.0,238.0,0.0,0.0,1.0,1.0,pauri garhwal,NORMAL,0.0,0.0,,,,,,,,,,,,,,,,NORMAL,0.9365201215721826,93.65,EXTREME
7201,Srinagar_2,Uttarakhand,52,PAURI GARHWAL,30.23581944,78.81720278,2025-12-20,170.0,170.0,1,2025,12,354,170.0,170.0,170.0,0.0,170.0,170.0,170.0,170.0,1,1.0,170.0,170.0,170.0,170.0,170.0,170.0,170.0,170.0,170.0,170.0,170.0,170.0,170.0,170.0,0.0,0.0,1.0,1.0,pauri garhwal,NORMAL,0.0,0.0,,,,,,,,,,,,,,,,NORMAL,0.9012461939495408,90.12,EXTREME
7200,Roorkee_2,Uttarakhand,50,Haridwar,29.86771944,77.88415556,2025-12-20,363.0,363.0,1,2025,12,354,363.0,363.0,363.0,0.0,363.0,363.0,363.0,363.0,1,1.0,363.0,363.0,363.0,363.0,363.0,363.0,363.0,363.0,363.0,363.0,363.0,363.0,363.0,363.0,0.0,0.0,1.0,1.0,haridwar,NORMAL,0.0,0.0,,,,,,,,,,,,,,,,NORMAL,0.9921481481481481,99.21,EXTREME
7203,Purola_1,Uttarakhand,57,Uttarkashi,30.91291667,78.10388889,2025-12-20,7.0,7.0,1,2025,12,354,7.0,7.0,7.0,0.0,7.0,7.0,7.0,7.0,1,1.0,3.75,3.75,3.75,3.75,7.5,7.5,7.5,7.5,7.0,7.0,7.0,7.0,7.0,7.0,4.596194077712559,4.596194077712559,2.0,2.0,uttarkashi,NORMAL,0.0,0.0,,,,,,,,,,,,,,,,NORMAL,1.0,100.0,EXTREME
7198,Lamgara,Uttarakhand,45,Almora,29.53866667,79.74994444,2025-12-20,4.0,3.0,3,2025,12,354,4.0,4.0,4.0,0.0,4.0,3.0,3.0,3.0,3,3.0,2.25,2.6,2.6,2.6,4.5,13.0,13.0,13.0,4.0,4.5,4.5,4.5,3.0,3.0,1.7818529681205462,1.7818529681205462,5.0,5.0,almora,NORMAL,0.0,0.0,,,,,,,,,,,,,,,,NORMAL,0.9636572884867004,96.37,EXTREME
7205,Purola_1,Uttarakhand,57,Uttarkashi,30.91291667,78.10388889,2025-12-21,160.0,160.0,1,2025,12,355,160.0,160.0,160.0,0.0,160.0,160.0,160.0,160.0,1,1.0,55.833333333333336,55.833333333333336,55.833333333333336,55.833333333333336,167.5,167.5,167.5,167.5,160.0,160.0,160.0,160.0,160.0,160.0,90.269503894357,90.269503894357,3.0,3.0,uttarkashi,NORMAL,0.0,0.0,,,,,,,,,,,,,,,,NORMAL,0.8482799963163886,84.83,EXTREME
7204,Lamgara,Uttarakhand,45,Almora,29.53866667,79.74994444,2025-12-21,1.5,0.5,3,2025,12,355,1.5,1.5,1.5,0.0,1.5,0.5,0.5,0.5,3,3.0,2.75,2.4166666666666665,2.4166666666666665,2.4166666666666665,5.5,14.5,14.5,14.5,4.0,4.5,4.5,4.5,3.0,3.0,1.6557978942693057,1.6557978942693057,6.0,6.0,almora,NORMAL,0.0,0.0,,,,,,,,,,,,,,,,NORMAL,0.9238920952579489,92.39,EXTREME
7207,Bhagwanpur_1,Uttarakhand,50,Haridwar,29.93567778,77.80170611,2025-12-22,1.5,1.5,1,2025,12,356,1.5,1.5,1.5,0.0,1.5,1.5,1.5,1.5,1,1.0,1.5,1.5,1.5,1.5,1.5,1.5,1.5,1.5,1.5,1.5,1.5,1.5,1.5,1.5,0.0,0.0,1.0,1.0,haridwar,NORMAL,0.0,0.0,,,,,,,,,,,,,,,,NORMAL,0.6481741034250207,64.82,VERY HIGH
7206,Lamgara,Uttarakhand,45,Almora,29.53866667,79.74994444,2025-12-22,2.5,1.5,3,2025,12,356,2.5,2.5,2.5,0.0,2.5,1.5,1.5,1.5,3,3.0,2.6666666666666665,2.6666666666666665,2.4285714285714284,2.4285714285714284,8.0,16.0,17.0,17.0,4.0,4.5,4.5,4.5,3.0,3.0,1.5055453054181618,1.5118578920369088,6.0,7.0,almora,NORMAL,0.0,0.0,,,,,,,,,,,,,,,,NORMAL,0.837892844972294,83.79,EXTREME
7208,Lamgara,Uttarakhand,45,Almora,29.53866667,79.74994444,2025-12-23,0.5,0.5,1,2025,12,357,0.5,0.5,0.5,0.0,0.5,0.5,0.5,0.5,1,1.0,1.5,2.0,2.1875,2.1875,4.5,12.0,17.5,17.5,2.5,4.0,4.5,4.5,3.0,3.0,1.414213562373095,1.5569544446955226,6.0,8.0,almora,NORMAL,0.0,0.0,,,,,,,,,,,,,,,,NORMAL,0.8784018883991865,87.84,EXTREME
